#,LINEARobjectID,LCtype,P,A,stdev,rms,Lchi2pdf,nObs,skew,kurt,CUF
,2522,5,0.238812,0.68,0.22,0.25,0.543,225,0.75,0.11,1
,4822,5,0.403043,0.32,0.11,0.12,2.102,126,0.46,-0.89,1
,17249,5,0.252815,0.57,0.18,0.19,0.876,178,1.16,0.44,1
,18469,5,0.428962,0.46,0.16,0.2,2.501,200,0.7,-0.59,1
,28800,5,0.332774,0.28,0.11,0.11,1.214,240,1.84,7.94,1
,29848,1,0.557009,0.62,0.21,0.26,1.223,301,-0.31,-0.57,1
,31825,1,0.463628,0.79,0.25,0.27,0.834,289,-0.25,-0.12,1
,32086,1,0.569258,0.71,0.22,0.29,2.369,289,-0.49,-1.0,1
,41937,5,0.261539,0.42,0.14,0.17,1.052,252,0.4,-0.77,1
,43542,1,0.245818,0.6,0.18,0.22,1.167,245,-0.05,-0.45,3
,44914,5,0.236603,0.66,0.22,0.25,2.22,258,0.86,-0.47,1
,45831,4,0.645294,0.34,0.12,0.13,1.844,195,1.28,0.78,2
,50402,1,0.643293,0.49,0.15,0.18,0.78,284,-0.29,-0.88,2
,51570,5,0.629213,0.56,0.21,0.15,1.576,254,3.93,29.28,1
,51934,5,0.244835,0.67,0.23,0.3,1.153,227,0.65,-0.73,1
,56340,5,0.324801,0.4,0.13,0.16,0.731,275,0.73,-0.37,1
,60758,5,0.295669,0.41,0.14,0.17,0.63,295,0.53,-0.37,1
,61011,1,0.662369,0.7,0.23,0.3,2.858,274,-0.03,-1.06,1
,62217,5,0.253626,0.54,0.19,0.23,1.341,266,1.16,2.6,1
,62758,5,0.418112,0.63,0.19,0.19,1.086,276,1.37,1.28,1
,62892,1,0.530772,0.62,0.2,0.24,1.081,276,-0.55,-0.32,1
,71063,5,0.437878,0.47,0.16,0.2,1.819,215,0.64,-0.87,1
,74545,5,0.344574,0.41,0.13,0.16,1.46,192,0.72,-0.69,1
,89711,4,0.551155,0.49,0.16,0.16,0.507,254,1.57,2.86,1
,91437,1,0.674728,0.75,0.23,0.27,1.993,177,-0.12,-0.93,1
,92599,5,0.359635,0.44,0.13,0.15,2.114,162,0.39,-0.82,1
,92986,4,0.664411,0.3,0.12,0.06,1.464,289,3.69,14.56,2
,95250,2,0.313869,0.55,0.18,0.22,0.732,222,0.14,-0.65,1
,98679,4,0.221872,0.38,0.12,0.1,0.91,300,2.85,12.18,1
,104455,1,0.558518,0.86,0.26,0.24,0.663,119,-0.34,-0.13,1
,105039,1,0.608458,0.84,0.27,0.34,2.589,276,-0.78,-0.67,1
,108513,1,0.473809,0.85,0.26,0.21,1.433,282,-1.17,1.16,2
,110206,4,0.516572,0.94,0.29,0.16,0.854,242,1.87,4.31,1
,110587,5,0.383937,0.32,0.11,0.12,0.6,273,0.91,2.41,1
,114416,5,0.307679,0.49,0.16,0.19,0.966,279,0.83,0.01,1
,120165,1,0.521433,0.6,0.2,0.16,2.625,69,-1.09,1.14,1
,124162,5,0.265584,0.48,0.16,0.2,0.781,214,0.65,-0.51,1
,124320,5,0.312524,0.79,0.27,0.3,1.739,293,0.92,-0.1,1
,124419,5,0.32946,0.6,0.21,0.26,1.112,282,0.65,-0.4,1
,133089,5,0.396729,0.32,0.11,0.13,0.638,280,-0.13,0.9,1
,135048,1,0.546817,1.02,0.33,0.33,1.422,232,-0.34,1.13,1
,136668,1,0.532921,0.91,0.29,0.31,1.259,310,-0.14,0.31,1
,136986,4,0.602168,0.4,0.14,0.1,0.827,228,2.42,6.27,1
,141414,2,0.335691,0.48,0.16,0.22,0.885,278,0.29,-1.21,1
,142124,5,0.275377,0.56,0.19,0.24,1.55,317,0.65,-0.8,1
,142794,1,0.470789,0.77,0.27,0.38,1.388,270,-0.15,-1.27,1
,146540,5,0.319808,0.35,0.11,0.11,0.478,151,0.93,0.16,2
,147242,5,0.29037,0.53,0.17,0.2,0.761,276,0.85,-0.13,1
,154606,4,1.073411,0.67,0.21,0.12,0.723,281,2.53,6.57,2
,158779,1,0.609197,0.47,0.15,0.18,1.596,293,-0.52,-0.61,1
,161865,5,0.323656,0.41,0.14,0.17,1.415,298,1.43,2.88,1
,162255,1,0.512744,0.92,0.28,0.26,2.017,266,-0.88,-0.09,1
,163933,2,0.339629,0.46,0.16,0.22,1.479,306,0.11,-1.32,1
,172382,1,0.458312,1.09,0.33,0.31,1.836,227,-1.14,0.4,1
,174389,2,0.334034,0.32,0.11,0.14,1.429,270,0.14,-0.89,1
,177235,5,0.320581,0.32,0.1,0.13,1.422,204,0.01,-1.31,1
,178224,5,0.446932,0.44,0.14,0.18,2.006,159,0.36,-1.08,2
,180870,5,0.29276,0.35,0.1,0.11,0.493,218,0.36,-0.37,1
,182540,5,0.249339,0.56,0.2,0.26,1.705,76,0.15,-1.26,2
,186102,1,0.647424,0.77,0.26,0.31,1.242,188,-0.23,-1.02,2
,190201,5,0.222522,0.44,0.15,0.13,1.742,44,1.12,-0.05,2
,190820,1,0.572747,0.96,0.32,0.41,2.919,214,-0.57,-1.02,1
,192088,4,1.734797,0.46,0.14,0.13,1.488,556,3.16,9.62,1
,199576,5,0.394758,0.42,0.13,0.16,2.168,367,0.46,-0.72,1
,200595,5,0.286869,0.56,0.19,0.23,1.925,396,0.86,-0.57,1
,213223,2,0.217751,0.36,0.12,0.14,2.385,336,0.51,-0.07,2
,215632,1,0.572165,0.61,0.2,0.26,1.616,286,-0.39,-0.94,1
,216529,5,0.707115,0.49,0.15,0.16,2.296,253,0.71,-0.05,1
,221694,4,0.86439,0.35,0.11,0.09,1.312,337,2.22,5.12,2
,224940,5,0.263694,0.62,0.21,0.26,2.15,157,0.7,-0.61,1
,225320,5,0.316118,0.78,0.25,0.31,2.916,351,0.66,-0.65,1
,230554,5,0.228885,0.51,0.17,0.22,1.354,355,0.64,-0.77,1
,238576,5,0.308377,0.75,0.25,0.32,2.078,248,0.74,-0.69,1
,243018,5,0.272196,0.4,0.12,0.15,0.699,271,0.32,-0.64,1
,249735,0,-9.9,0.47,0.14,0.15,1.747,261,-0.13,0.75,1
,251676,5,0.286027,0.54,0.18,0.22,1.734,311,0.85,-0.46,1
,252284,5,0.464348,0.66,0.21,0.22,0.746,382,1.04,0.9,2
,252649,5,0.264338,0.46,0.15,0.2,2.329,256,0.3,-1.13,1
,255857,5,0.311176,0.47,0.27,0.15,1.245,317,4.61,27.19,1
,257977,5,0.277893,0.6,0.22,0.23,0.605,313,0.95,3.12,1
,258499,2,0.401506,0.35,0.12,0.14,1.308,275,-0.08,-0.97,1
,263541,1,0.558207,0.68,0.22,0.25,1.888,270,-0.73,-0.13,1
,266435,5,0.24524,0.37,0.13,0.16,1.305,245,0.25,-1.15,1
,269954,5,0.321081,0.35,0.12,0.16,1.463,274,0.36,-1.25,1
,271720,5,0.240253,0.66,0.22,0.26,0.889,244,0.72,-0.46,1
,283417,4,1.026891,0.45,0.13,0.11,0.924,249,1.57,2.04,1
,284356,5,0.2785,0.61,0.21,0.25,1.857,317,0.85,-0.47,1
,284560,5,0.257286,0.36,0.11,0.13,0.642,304,0.61,0.17,1
,287935,5,0.372655,0.35,0.12,0.14,1.739,190,0.62,-0.48,1
,291777,5,1.854071,0.39,0.11,0.11,1.344,271,1.23,0.75,2
,292893,5,0.273607,0.45,0.15,0.19,2.297,309,0.5,-0.33,1
,295532,5,0.443335,0.83,0.27,0.31,2.156,138,0.81,-0.4,1
,301278,5,0.307314,0.32,0.1,0.13,1.57,254,0.59,-0.65,1
,303860,1,0.492143,0.89,0.28,0.31,1.713,280,-0.64,-0.35,2
,309626,1,0.595824,0.68,0.22,0.28,2.292,215,-0.84,-0.4,1
,316910,5,0.358828,0.31,0.1,0.13,2.104,259,0.15,-1.22,1
,330723,5,0.291711,0.32,0.11,0.14,1.387,263,0.39,-0.95,1
,333594,0,-9.9,0.5,0.16,0.21,1.764,273,0.28,-1.03,1
,334185,5,0.311457,0.52,0.17,0.17,0.625,297,0.98,0.95,1
,344450,5,0.286716,0.38,0.12,0.13,0.522,237,0.63,1.04,1
,346722,5,0.26873,0.56,0.18,0.21,0.722,209,0.7,0.25,1
,350065,5,0.30427,0.45,0.15,0.17,2.294,153,0.45,-0.84,1
,350603,5,0.279545,0.47,0.17,0.18,0.57,172,1.0,1.1,1
,351485,4,1.657202,0.29,0.1,0.05,0.942,176,2.97,8.69,2
,353010,5,0.279915,0.53,0.18,0.22,1.229,277,0.92,-0.21,1
,353953,5,0.34756,0.32,0.12,0.13,0.928,158,1.45,3.67,1
,355767,1,0.52137,1.0,0.32,0.41,1.07,180,-0.19,-0.95,1
,361795,5,0.311585,0.6,0.2,0.24,1.595,211,0.89,-0.36,1
,361960,1,0.49705,0.81,0.24,0.25,2.813,207,-0.61,-0.41,2
,370327,5,0.310352,0.44,0.15,0.21,0.957,576,0.57,-0.35,1
,370495,5,0.227056,0.42,0.14,0.17,0.889,401,0.76,-0.15,1
,374379,5,0.32973,0.4,0.13,0.18,1.522,597,0.22,-1.07,1
,375186,5,0.244488,0.42,0.13,0.16,0.52,574,0.14,0.77,1
,377162,4,0.573512,0.38,0.11,0.12,0.684,580,1.7,2.88,1
,379033,5,0.350426,0.63,0.21,0.3,2.187,598,0.64,-0.92,1
,379731,5,0.290044,0.63,0.21,0.28,2.136,598,0.85,-0.65,1
,386501,1,0.4576,1.06,0.34,0.44,1.958,579,-0.75,-0.61,1
,389895,5,0.255368,0.55,0.19,0.24,1.508,580,1.06,2.4,1
,393084,1,0.530027,0.9,0.29,0.32,1.432,493,-0.52,-0.36,1
,400425,5,0.575621,0.45,0.15,0.2,1.219,617,0.43,-0.71,1
,403779,5,0.295208,0.43,0.2,0.15,0.728,380,4.14,30.63,1
,407281,4,0.827492,0.42,0.12,0.11,1.479,474,2.31,4.95,1
,407450,4,3.812744,0.85,0.25,0.16,0.807,591,2.51,6.23,1
,418785,1,0.70014,0.6,0.2,0.24,0.905,263,0.28,0.74,2
,418879,5,0.237461,0.58,0.19,0.24,1.203,367,0.7,-0.68,1
,420220,5,0.368279,0.4,0.14,0.2,1.72,330,0.34,-1.21,1
,420327,1,0.535221,0.49,0.15,0.17,1.351,144,-0.27,-0.86,1
,433281,5,0.285896,0.45,0.15,0.2,1.293,323,0.52,-0.87,1
,433308,5,0.511926,0.49,0.16,0.22,2.46,340,0.51,-1.03,1
,434098,0,-9.9,0.41,0.14,0.17,0.86,360,0.21,-0.42,1
,437483,1,0.699237,0.42,0.14,0.16,0.706,316,0.26,-0.54,1
,439441,1,0.709248,0.48,0.19,0.18,1.057,349,4.4,46.37,1
,440750,5,0.471956,0.35,0.1,0.12,0.966,341,0.42,0.06,2
,440879,5,0.38925,0.32,0.1,0.13,1.368,351,0.09,-1.0,2
,444083,5,0.247905,0.57,0.19,0.25,2.4,351,0.63,-0.88,1
,445712,5,0.330423,0.39,0.12,0.14,2.413,357,0.2,-0.54,2
,451311,5,0.453442,0.43,0.13,0.17,2.534,354,0.37,-0.44,2
,452441,5,0.458191,0.79,0.25,0.31,2.257,377,0.98,-0.22,1
,452488,5,0.634274,0.31,0.1,0.15,1.946,355,0.83,-0.71,2
,458198,5,0.32036,0.45,0.16,0.22,1.696,382,0.25,-1.25,1
,463861,5,0.298454,0.71,0.24,0.13,1.361,313,4.56,30.59,1
,465267,5,1.09886,0.57,0.17,0.11,0.846,246,2.4,5.33,1
,468106,5,0.266049,0.43,0.14,0.17,0.846,318,0.67,-0.38,1
,468548,5,0.281865,0.75,0.25,0.32,2.464,367,0.83,-0.58,1
,477364,5,0.344344,0.4,0.13,0.17,2.027,286,0.38,-0.78,1
,477871,5,0.354317,0.41,0.12,0.13,2.27,278,0.65,0.05,2
,481844,5,0.313663,0.44,0.13,0.1,0.538,303,-0.53,3.43,1
,491901,5,0.245949,0.66,0.22,0.28,0.919,290,0.75,-0.58,1
,505485,5,0.329876,0.45,0.15,0.19,1.414,291,0.59,-0.67,1
,514207,5,0.426159,0.37,0.13,0.09,0.683,263,4.1,28.36,2
,514883,1,0.557727,0.6,0.17,0.18,1.46,289,-0.56,0.25,1
,516954,2,0.297569,0.63,0.2,0.25,1.461,243,-0.04,-1.05,1
,518233,5,0.33373,0.55,0.19,0.19,1.561,194,-0.28,6.02,1
,519732,5,0.292987,0.76,0.25,0.31,1.601,304,0.81,-0.54,1
,522416,5,0.431086,0.32,0.1,0.13,1.995,257,0.48,-0.93,1
,523832,2,0.372376,0.46,0.16,0.2,1.428,251,0.02,-1.3,1
,525739,5,0.351723,0.81,0.25,0.25,0.84,236,-0.07,0.85,1
,531331,5,0.309674,0.51,0.17,0.2,1.836,113,0.82,-0.3,1
,533976,4,1.422963,0.42,0.17,0.1,0.654,236,3.08,11.32,1
,538267,5,0.422374,0.47,0.14,0.13,1.479,158,1.4,1.69,1
,544831,7,132.846191,0.78,0.28,0.34,2.804,185,0.35,-0.81,1
,548794,5,0.240943,0.75,0.25,0.27,0.7,243,0.95,0.79,1
,548881,5,0.308181,0.36,0.12,0.13,1.228,152,0.22,-0.73,1
,549204,5,0.155874,1.03,0.36,0.29,2.02,300,2.04,5.92,3
,558961,1,0.600533,0.48,0.16,0.15,2.165,213,-0.27,0.49,1
,560275,5,0.265469,0.38,0.13,0.17,1.383,232,0.77,-0.61,1
,565638,6,0.086365,0.37,0.12,0.15,0.688,234,-0.07,-0.65,1
,565920,5,0.249622,0.34,0.11,0.11,0.637,238,0.85,1.92,1
,566615,5,0.33024,0.53,0.19,0.25,1.826,202,0.48,-1.15,1
,569135,5,0.245147,0.72,0.23,0.28,1.004,226,0.8,-0.23,1
,575145,5,0.297399,0.59,0.19,0.21,1.459,185,1.11,0.2,1
,575883,5,0.378261,0.36,0.12,0.15,1.423,79,0.63,-0.53,1
,602919,5,0.259783,0.58,0.2,0.26,1.392,529,0.72,-0.62,1
,608497,1,0.485632,0.8,0.26,0.3,2.349,556,-0.87,-0.11,1
,616222,5,0.346167,0.42,0.14,0.19,1.942,570,0.66,-0.87,1
,621395,5,0.367371,0.59,0.2,0.26,1.901,442,0.7,-0.85,1
,624656,5,0.302738,0.57,0.19,0.24,1.117,568,0.93,0.37,1
,629195,5,0.229956,0.41,0.13,0.17,1.332,597,0.68,-0.67,1
,636251,5,0.293859,0.68,0.24,0.32,2.232,387,0.5,-1.18,1
,637718,5,0.256357,0.73,0.24,0.27,1.02,577,0.67,0.84,1
,637802,5,0.255798,0.56,0.18,0.25,0.672,594,0.83,0.0,1
,654062,4,1.334089,0.47,0.15,0.19,1.142,517,1.94,3.75,2
,655961,1,0.584869,0.63,0.21,0.25,1.291,368,0.13,-0.11,1
,658512,2,0.352602,0.54,0.17,0.19,0.572,404,0.1,0.1,1
,662873,1,0.533705,0.72,0.23,0.27,1.433,453,-0.5,0.0,1
,664583,1,0.602986,0.61,0.19,0.25,1.189,449,-0.35,-0.73,1
,665332,5,0.25465,0.55,0.28,0.25,1.362,349,3.33,20.67,1
,666805,5,0.334817,0.53,0.17,0.22,2.693,363,0.47,-0.68,2
,668072,5,0.279819,0.57,0.18,0.22,0.771,399,0.45,-0.66,1
,670864,1,0.600812,0.52,0.16,0.19,0.647,336,-0.11,-0.17,1
,672016,0,-9.9,0.38,0.12,0.14,1.01,353,-0.47,-0.33,1
,672294,5,0.283562,0.44,0.16,0.16,0.753,528,3.24,31.24,1
,677788,4,0.754126,0.49,0.17,0.1,1.999,347,3.14,10.49,2
,685989,5,0.294796,0.8,0.27,0.32,2.605,286,0.83,-0.58,1
,691815,5,0.299186,0.35,0.11,0.13,1.961,360,0.46,-0.59,1
,693239,1,0.530413,0.73,0.24,0.27,2.852,312,-0.65,-0.38,1
,695343,5,0.265859,0.31,0.27,0.11,1.677,156,7.28,57.65,1
,701058,5,0.324843,0.52,0.2,0.23,2.429,265,1.41,3.61,1
,702465,5,0.29181,0.85,0.29,0.35,2.261,257,0.68,-0.85,1
,703406,5,0.296891,0.57,0.2,0.26,2.047,357,0.72,-0.86,1
,704333,5,0.351832,0.58,0.2,0.26,2.457,280,0.44,-1.24,1
,705430,5,0.252984,0.33,0.11,0.12,0.644,239,0.2,-0.68,1
,711716,5,0.311598,0.6,0.21,0.26,1.357,259,0.7,-0.77,1
,717668,2,0.426742,0.34,0.12,0.16,1.37,302,0.2,-1.37,1
,717917,5,0.341883,0.45,0.13,0.14,0.648,234,0.51,-0.2,1
,718728,5,0.307834,0.3,0.1,0.13,1.53,309,0.24,-0.7,1
,729823,1,0.589937,0.87,0.28,0.35,1.252,315,-0.22,-1.01,1
,734545,2,0.289482,0.33,0.11,0.14,1.412,305,-0.37,-0.89,1
,734806,5,0.269198,0.56,0.18,0.2,0.674,157,0.86,0.17,1
,737951,2,0.357022,0.51,0.16,0.19,1.269,273,-0.26,-0.63,1
,746911,5,0.382317,0.41,0.14,0.18,2.003,219,0.24,-1.24,1
,747079,5,0.286876,0.58,0.19,0.25,1.214,330,0.34,-1.12,1
,747890,1,0.629413,0.55,0.18,0.22,2.508,289,-0.18,-1.23,1
,762911,4,1.943252,0.35,0.1,0.08,1.338,294,2.66,6.76,2
,767072,5,0.215225,0.45,0.15,0.19,0.942,301,0.54,-0.69,1
,767277,5,0.234979,0.64,0.21,0.27,1.513,277,0.74,-0.72,1
,770627,5,0.341705,0.66,0.19,0.19,1.751,164,1.21,0.77,1
,771232,1,0.540926,0.78,0.25,0.28,1.71,301,-0.84,-0.4,1
,782055,5,0.382021,0.46,0.16,0.21,1.26,289,0.47,-0.94,1
,783334,5,0.321209,0.47,0.16,0.2,2.27,205,0.41,-0.95,1
,784446,5,0.324786,0.55,0.18,0.22,2.2,284,0.77,-0.64,1
,798477,1,0.651629,0.67,0.24,0.26,1.161,294,0.66,4.57,1
,798482,2,0.277936,0.58,0.19,0.23,0.78,301,0.01,-0.95,1
,799320,5,0.306616,0.44,0.14,0.16,0.507,221,0.45,-0.58,1
,799685,5,0.280573,0.35,0.11,0.14,0.871,333,0.25,-0.11,1
,801247,6,0.05296,-9.9,0.12,0.13,0.658,282,-0.13,0.63,1
,803829,1,0.595283,0.78,0.26,0.31,2.693,270,-0.61,-0.76,1
,808583,5,0.284983,0.36,0.11,0.14,0.78,270,0.53,-0.27,1
,810169,1,0.465184,0.88,0.27,0.32,1.699,289,-0.6,-0.46,1
,812096,5,0.265023,0.41,0.13,0.16,0.736,237,0.25,-0.26,1
,813450,1,0.58937,0.67,0.21,0.23,1.178,221,-0.41,-0.07,1
,817360,6,0.064675,-9.9,0.15,0.18,1.85,233,-0.64,-0.66,1
,826908,5,0.370982,0.68,0.21,0.19,1.133,195,1.5,1.45,1
,835496,5,0.291376,0.52,0.16,0.2,1.034,176,0.6,-0.59,1
,836895,1,0.473397,1.05,0.34,0.43,2.33,194,-0.87,-0.62,1
,838906,5,0.383466,0.34,0.1,0.11,1.075,178,0.61,0.07,1
,843294,2,0.374216,0.41,0.2,0.2,1.465,290,3.14,17.54,1
,843597,2,0.349016,0.49,0.16,0.21,0.999,309,-0.19,-0.91,1
,851614,2,0.339573,0.38,0.14,0.2,1.424,105,0.13,-1.45,1
,851716,2,0.388355,0.54,0.16,0.19,1.105,100,-0.45,-0.47,1
,855171,4,1.115548,0.54,0.26,0.12,0.512,102,3.85,18.25,2
,856137,5,0.248168,0.71,0.24,0.25,1.529,289,0.87,-0.46,1
,856862,1,0.62585,0.47,0.15,0.18,0.879,294,-0.13,-0.48,1
,868267,5,0.271842,0.38,0.12,0.16,1.62,304,0.68,-0.5,1
,869112,1,0.635691,0.35,0.11,0.13,0.949,322,-0.32,-0.66,1
,872160,5,0.356043,0.44,0.13,0.12,1.03,319,1.42,1.62,1
,872620,1,0.549248,0.81,0.27,0.34,1.345,282,-0.26,-1.09,1
,880568,1,0.628276,0.67,0.23,0.29,2.034,200,-0.54,-0.87,1
,880588,1,0.600142,0.86,0.26,0.29,1.344,295,-0.82,0.17,1
,883073,1,0.725515,0.42,0.13,0.16,0.892,302,-0.06,-0.56,2
,885361,1,0.580546,0.76,0.24,0.27,1.025,291,-0.42,-0.5,1
,895953,1,0.658155,0.47,0.15,0.18,0.762,297,-0.27,-0.75,1
,897468,0,0.65849,0.34,0.11,0.11,0.59,96,0.17,-0.19,1
,899832,1,0.589462,0.59,0.21,0.28,2.364,285,-0.27,-1.22,1
,902168,5,0.337707,0.69,0.21,0.24,2.698,290,0.78,-0.37,1
,912581,1,0.515527,0.63,0.19,0.19,2.79,289,-0.93,0.19,3
,913320,4,4.621047,0.44,0.14,0.14,1.486,581,2.94,8.98,1
,917534,2,0.326702,0.59,0.23,0.21,0.71,550,1.85,8.3,1
,918281,4,0.878194,0.55,0.16,0.17,0.956,514,1.76,2.61,1
,921843,5,0.293694,0.44,0.14,0.17,1.416,550,0.43,-0.16,1
,924301,1,0.507505,0.82,0.26,0.31,1.972,418,-0.43,-0.48,1
,924405,4,0.90663,0.38,0.12,0.15,0.714,577,2.41,6.82,1
,931943,1,0.532899,1.0,0.32,0.37,1.627,284,-0.4,-0.35,1
,932204,5,0.286783,0.59,0.22,0.27,2.461,276,1.08,1.41,1
,940906,1,0.576609,1.0,0.32,0.38,3.464,286,-0.75,-0.62,1
,943836,2,0.341713,0.39,0.12,0.14,0.879,229,-0.5,0.35,1
,950554,2,0.314674,0.48,0.16,0.21,1.017,321,-0.04,-1.1,1
,956738,5,0.310867,0.5,0.17,0.19,0.782,313,0.71,1.82,1
,966279,1,0.517279,0.89,0.29,0.35,1.891,330,-1.17,0.38,1
,967924,1,0.643333,0.86,0.28,0.33,1.328,227,-0.36,-0.58,1
,968962,1,0.579337,0.73,0.24,0.31,1.437,235,-0.04,-1.16,1
,969277,1,0.691659,0.63,0.2,0.25,1.585,220,-0.54,-0.49,1
,970326,1,0.592226,0.56,0.19,0.25,1.196,275,-0.05,-0.77,1
,970699,0,-9.9,1.79,0.52,0.14,3.045,134,-2.16,3.4,1
,976746,1,0.620667,0.48,0.16,0.22,1.662,236,-0.12,-1.07,1
,980281,4,0.743958,0.49,0.15,0.11,2.062,233,2.37,5.37,1
,985609,5,0.292735,0.34,0.11,0.15,1.57,253,0.77,-0.54,1
,989567,2,0.316228,0.35,0.11,0.14,0.718,283,-0.38,-0.27,1
,991055,2,0.347278,0.41,0.12,0.14,1.182,131,0.18,-0.77,1
,991385,5,0.245263,0.84,0.27,0.32,0.777,282,0.71,-0.19,1
,993105,1,0.794684,0.32,0.11,0.12,0.683,205,0.49,1.07,1
,993141,0,-9.9,0.33,0.1,0.11,0.495,215,0.16,0.25,1
,999498,5,0.287555,0.48,0.19,0.23,2.349,493,1.58,6.26,1
,999528,1,0.658394,0.64,0.2,0.24,1.05,564,-0.31,-0.61,1
,1004849,1,0.458464,1.02,0.32,0.37,1.909,607,-0.74,-0.38,1
,1005497,1,0.6536,0.58,0.19,0.24,1.557,607,-0.25,-0.56,1
,1009459,5,0.245888,0.42,0.14,0.19,2.013,593,0.63,-0.78,1
,1010992,1,0.537339,0.62,0.2,0.26,2.194,255,-0.6,-0.68,1
,1013889,1,0.50457,0.9,0.28,0.33,1.374,228,-0.53,-0.38,1
,1014960,5,0.362666,0.37,0.12,0.14,0.977,166,0.79,-0.19,1
,1018967,5,0.248463,0.84,0.28,0.29,1.336,271,1.04,-0.05,1
,1019294,4,0.773703,0.51,0.15,0.19,0.927,278,1.32,0.89,2
,1031776,5,0.249161,0.78,0.24,0.23,0.56,151,0.97,1.1,1
,1032186,2,0.327228,0.33,0.12,0.14,0.688,140,-0.22,0.35,1
,1034627,1,0.620327,0.4,0.12,0.09,1.318,167,-0.74,0.48,1
,1037914,0,-9.9,0.7,0.24,0.32,1.33,170,-0.35,-0.98,1
,1045095,5,0.28509,0.68,0.22,0.27,1.45,216,1.03,-0.16,1
,1045890,5,0.426085,0.37,0.11,0.11,1.378,215,0.48,-0.3,1
,1049602,2,0.302012,0.42,0.14,0.2,1.593,220,0.23,-1.27,1
,1050401,5,0.266464,0.35,0.11,0.14,0.798,570,0.35,-0.7,1
,1051321,2,0.330481,0.36,0.15,0.17,1.791,558,1.42,7.64,1
,1051858,1,0.632088,0.44,0.14,0.18,0.575,552,0.24,-0.34,1
,1058132,1,0.632852,0.45,0.14,0.18,0.842,607,0.09,-0.53,1
,1059786,1,0.463511,1.05,0.34,0.43,1.861,549,-0.77,-0.65,1
,1061567,1,0.692534,0.33,0.11,0.15,1.731,547,-0.04,-1.16,1
,1066477,5,0.276328,0.62,0.19,0.16,1.163,147,0.72,-0.19,1
,1068312,5,0.338944,0.47,0.16,0.2,2.281,173,0.21,-0.97,2
,1071182,6,0.050051,0.2,0.12,0.11,0.545,217,-0.63,0.91,3
,1071236,5,0.335669,0.43,0.14,0.18,0.776,508,0.53,-0.53,1
,1072236,5,0.281965,0.49,0.14,0.15,1.244,464,1.56,2.21,2
,1080552,2,0.351454,0.52,0.16,0.21,1.301,548,-0.29,-0.57,1
,1087936,4,0.580372,0.6,0.19,0.16,1.418,558,2.59,6.44,2
,1088918,5,0.357809,0.46,0.16,0.16,1.5,529,2.03,4.37,1
,1092244,1,0.649492,0.77,0.25,0.32,1.493,590,-0.5,-0.8,1
,1102647,1,0.621546,0.71,0.22,0.27,2.243,559,-0.63,-0.59,1
,1103774,4,1.162872,0.34,0.14,0.1,0.595,554,3.55,16.75,1
,1107333,1,0.708404,0.53,0.16,0.19,2.555,424,-0.18,-0.85,1
,1111522,1,0.523948,0.74,0.24,0.29,1.967,345,-0.69,-0.34,1
,1111785,5,0.294383,0.44,0.14,0.19,2.086,518,0.38,-0.99,1
,1112498,1,0.492932,0.95,0.3,0.34,1.641,541,-0.9,-0.08,1
,1113422,2,0.386239,0.51,0.16,0.2,1.619,384,-0.12,-0.73,1
,1116649,0,0.572387,0.41,0.12,0.12,0.536,408,-0.23,2.1,1
,1117792,1,0.572388,0.62,0.2,0.27,2.709,510,-0.49,-1.2,1
,1124773,2,0.33183,0.43,0.14,0.18,0.645,169,-0.06,-0.72,1
,1126681,5,0.2576,0.54,0.18,0.22,1.339,187,0.9,-0.34,1
,1127427,1,0.619898,0.49,0.16,0.19,1.393,184,0.17,-0.98,1
,1128025,1,0.505646,1.3,0.39,0.3,1.31,138,0.79,1.47,1
,1128811,2,0.313348,0.63,0.2,0.22,0.715,144,0.16,-0.52,1
,1129060,1,0.640346,0.73,0.24,0.27,2.87,101,-0.61,-0.88,2
,1130401,1,0.467372,0.88,0.28,0.32,2.061,151,-0.56,-0.62,2
,1132871,1,0.556642,0.85,0.29,0.37,2.242,144,-0.62,-0.89,1
,1145534,1,0.536987,0.75,0.25,0.32,1.837,310,-0.56,-0.73,1
,1148376,1,0.519658,0.62,0.21,0.21,2.615,153,-1.3,2.76,2
,1149510,6,0.048577,0.43,0.16,0.19,0.479,104,-0.46,-0.13,1
,1152390,1,0.488849,0.94,0.3,0.3,1.898,145,-1.07,-0.16,1
,1156733,5,0.296103,0.33,0.11,0.14,2.233,255,0.44,-0.65,1
,1159364,1,0.646865,0.37,0.15,0.11,1.615,120,2.6,8.53,1
,1160136,7,109.034599,1.06,0.34,0.42,3.029,290,0.02,-1.08,1
,1162592,4,0.478005,0.28,0.19,0.09,0.854,321,8.57,89.15,2
,1164182,5,0.249387,0.62,0.21,0.27,1.048,316,0.65,-0.71,1
,1169665,2,0.412984,0.34,0.11,0.14,1.997,305,0.03,-1.1,1
,1172677,5,0.288061,0.51,0.16,0.21,1.483,313,0.72,-0.48,1
,1179977,1,0.68949,0.49,0.17,0.23,1.435,254,-0.17,-1.22,1
,1191441,5,0.750648,0.38,0.12,0.12,2.292,285,1.23,1.9,1
,1196152,5,0.356551,0.36,0.11,0.1,0.603,160,1.21,1.85,1
,1197898,2,0.341893,0.28,0.11,0.15,1.682,261,0.03,-1.52,1
,1202674,5,0.941556,1.2,0.35,0.19,2.075,314,2.17,3.75,2
,1210627,2,0.284468,0.5,0.17,0.24,1.226,277,-0.05,-1.19,1
,1212611,1,0.630896,0.7,0.22,0.26,1.472,297,-0.28,-0.97,1
,1215469,5,0.245076,0.65,0.21,0.27,1.774,302,0.83,-0.51,1
,1223684,1,0.493627,0.95,0.31,0.36,1.456,310,-0.55,-0.52,1
,1226099,1,0.616744,0.48,0.15,0.18,2.656,257,-0.53,-0.79,1
,1230516,5,0.293242,0.34,0.11,0.13,2.016,293,0.81,0.07,1
,1240665,1,0.632538,0.37,0.14,0.15,1.976,468,2.09,13.26,1
,1241164,2,0.428469,0.34,0.12,0.15,1.51,626,0.77,0.19,1
,1244554,1,0.536874,0.73,0.25,0.3,1.691,469,-0.68,-0.24,1
,1249142,1,0.56564,0.73,0.22,0.27,1.931,417,-0.91,-0.3,1
,1258617,5,0.289985,0.3,0.12,0.11,1.259,259,3.71,33.81,2
,1262710,0,-9.9,0.59,0.2,0.21,0.554,296,-0.55,1.58,1
,1265213,1,0.583089,0.61,0.18,0.2,1.4,293,-0.5,-0.42,1
,1266960,2,0.283104,0.56,0.18,0.22,0.685,332,0.23,-0.35,1
,1271119,1,0.565254,0.7,0.22,0.23,1.121,280,-0.66,0.35,2
,1273940,2,0.382316,0.46,0.16,0.2,1.207,324,-0.12,-1.2,1
,1275351,5,0.325824,0.51,0.16,0.21,1.556,315,0.73,-0.57,1
,1275589,4,2.526376,0.25,0.11,0.07,1.526,313,4.17,18.79,1
,1276492,5,0.312143,0.43,0.14,0.18,1.3,315,0.8,-0.4,1
,1286561,5,0.168744,0.44,0.15,0.17,0.682,326,1.86,10.18,1
,1289914,5,0.27231,0.65,0.22,0.28,1.611,310,0.75,-0.71,1
,1305630,2,0.284019,0.37,0.12,0.16,1.93,252,-0.2,-1.25,1
,1307948,1,0.527473,0.63,0.23,0.27,1.498,262,-0.11,0.31,1
,1308565,5,0.258924,0.78,0.25,0.28,1.983,262,0.96,-0.26,1
,1310262,1,0.602346,0.31,0.1,0.12,1.859,220,0.25,-0.73,2
,1315002,5,0.294647,0.52,0.18,0.25,2.408,203,0.3,-1.31,1
,1317052,1,0.522472,0.97,0.3,0.34,1.064,268,-0.34,-0.47,2
,1330574,5,0.536577,0.37,0.12,0.14,0.502,521,0.03,1.12,1
,1332201,1,0.580713,0.58,0.19,0.23,1.842,260,-0.58,-0.61,1
,1340367,0,0.435554,0.47,0.15,0.19,0.938,380,0.0,-1.05,1
,1348385,1,0.658947,0.61,0.2,0.19,0.779,187,0.51,0.82,1
,1354474,5,0.269779,0.48,0.14,0.13,0.715,165,0.36,0.29,1
,1357156,5,0.293225,0.55,0.19,0.23,1.309,141,0.45,-1.08,1
,1361970,5,0.294548,0.17,0.2,0.06,1.746,195,7.94,68.92,3
,1364129,5,0.329658,0.37,0.13,0.15,1.481,170,0.71,-0.89,1
,1365767,5,0.427416,0.38,0.12,0.13,1.989,169,0.87,0.13,1
,1372405,1,0.589181,0.89,0.31,0.27,1.274,181,1.35,4.87,1
,1374889,2,0.313133,0.36,0.12,0.15,1.297,189,-0.47,-0.83,1
,1390653,1,0.52187,0.97,0.31,0.38,1.807,524,-0.51,-0.43,1
,1391871,4,1.251048,0.46,0.14,0.14,1.039,561,3.24,10.97,1
,1391917,2,0.331859,0.36,0.14,0.17,1.764,499,0.72,0.73,1
,1398038,5,0.540452,0.53,0.15,0.12,1.154,237,1.54,1.9,2
,1399089,1,0.531907,0.7,0.22,0.23,2.219,149,-0.83,0.41,3
,1399470,5,0.290979,0.72,0.24,0.29,2.542,180,0.6,-0.73,1
,1399852,5,0.734201,0.45,0.13,0.13,0.853,182,1.32,1.48,3
,1403290,1,0.534727,1.0,0.34,0.46,1.343,194,0.02,-1.22,1
,1407363,0,-9.9,0.41,0.12,0.12,0.633,298,-0.41,1.37,1
,1410477,7,127.289604,0.79,0.26,0.35,2.884,506,0.32,-1.21,1
,1422965,5,0.246823,0.46,0.16,0.19,1.272,163,0.77,-0.6,1
,1426326,6,0.05206,0.52,0.16,0.15,2.376,175,-1.43,1.39,1
,1426563,1,0.556733,0.76,0.25,0.27,1.176,173,-0.63,-0.48,1
,1427812,2,0.385235,0.38,0.13,0.17,2.093,183,0.13,-0.59,2
,1428275,5,0.36163,0.53,0.25,0.2,1.596,203,4.52,31.85,1
,1434107,1,0.51194,0.93,0.32,0.42,1.918,528,-0.33,-1.22,1
,1435279,2,0.381859,0.5,0.15,0.19,1.541,545,-0.33,-0.62,1
,1438520,5,0.33601,0.53,0.17,0.22,1.298,523,0.7,-0.7,1
,1440217,2,0.34055,0.36,0.13,0.17,1.285,574,0.26,-0.4,1
,1448299,1,0.60691,0.77,0.26,0.31,2.216,435,-0.47,-0.79,1
,1449505,0,-9.9,0.91,0.36,0.11,0.532,126,4.03,16.93,1
,1457871,1,0.515446,0.78,0.28,0.3,2.511,498,0.22,2.59,1
,1462162,1,0.509,0.86,0.27,0.35,2.386,405,-0.79,-0.62,1
,1464881,5,0.319416,0.42,0.13,0.17,0.648,488,0.23,-0.7,1
,1468233,2,0.325255,0.37,0.13,0.17,0.849,256,-0.06,-1.08,1
,1469499,1,0.495967,0.93,0.31,0.38,2.933,192,-0.66,-0.62,1
,1471459,5,0.398543,0.67,0.21,0.17,0.669,153,1.64,2.75,2
,1478037,1,0.706121,0.64,0.19,0.23,1.543,308,-0.14,-0.69,1
,1482761,2,0.297081,0.39,0.13,0.17,1.095,340,-0.25,-1.19,1
,1490274,5,0.26886,0.28,0.1,0.11,1.441,314,1.4,5.53,1
,1491155,1,0.536249,0.84,0.26,0.31,1.441,323,-0.38,-0.74,1
,1491775,2,0.354984,0.42,0.14,0.19,1.322,293,0.05,-1.23,1
,1491942,1,0.479459,0.9,0.31,0.39,1.922,331,-0.45,-0.88,1
,1492054,2,0.356654,0.58,0.18,0.21,1.096,339,-0.38,-0.59,1
,1492129,1,0.627671,0.67,0.22,0.27,2.227,339,-0.69,-0.54,1
,1497296,5,0.356288,0.6,0.2,0.26,2.415,262,0.52,-0.82,1
,1499034,1,0.639108,0.8,0.27,0.34,1.54,242,0.14,-1.23,1
,1499145,6,0.04893,0.41,0.14,0.17,1.295,287,-0.38,-0.75,1
,1500329,5,0.337372,0.61,0.21,0.26,2.634,299,0.54,-0.85,1
,1500452,5,0.338757,0.36,0.12,0.15,1.394,311,0.42,-0.9,1
,1500964,5,0.296414,0.75,0.24,0.21,0.492,185,1.18,1.11,2
,1506638,5,0.329798,0.76,0.25,0.28,0.724,301,0.87,0.2,1
,1508774,1,0.470441,1.01,0.32,0.37,1.956,141,-0.67,-0.68,1
,1520013,4,0.681448,0.37,0.11,0.12,0.933,303,1.15,2.12,1
,1520272,2,0.408329,0.38,0.13,0.18,0.975,310,-0.02,-1.2,1
,1521068,2,0.286544,0.57,0.19,0.22,0.848,286,0.47,0.79,1
,1539000,1,0.500277,0.77,0.25,0.32,2.086,410,-0.58,-0.57,1
,1541626,5,0.362179,0.4,0.14,0.17,1.534,383,1.44,7.81,1
,1551619,2,0.338146,0.38,0.13,0.17,1.693,295,-0.03,-1.21,1
,1551674,5,0.248031,0.48,0.16,0.21,1.581,284,0.72,-0.67,1
,1553288,2,0.283999,0.37,0.35,0.13,1.178,273,6.1,44.46,1
,1559109,2,0.272659,0.42,0.15,0.2,1.299,316,0.05,-1.2,1
,1565093,4,0.899392,0.52,0.15,0.14,1.974,529,2.62,6.39,2
,1580949,5,0.283523,0.69,0.23,0.3,1.539,389,0.78,-0.65,1
,1581690,4,0.677707,0.5,0.15,0.12,0.605,96,1.49,1.28,3
,1582405,2,0.258416,0.35,0.12,0.15,2.206,405,0.0,-0.93,1
,1584721,1,0.676195,0.83,0.25,0.28,2.377,426,-0.97,0.09,1
,1585633,2,0.406924,0.42,0.15,0.2,1.76,432,-0.1,-1.4,1
,1586050,0,481.000397,0.58,0.22,0.2,0.709,268,1.52,6.91,1
,1586584,1,0.504491,1.01,0.33,0.42,1.429,408,-0.51,-0.74,1
,1588548,1,0.514057,0.95,0.31,0.39,1.396,403,-0.4,-0.91,1
,1593736,1,0.592627,0.51,0.21,0.16,0.742,264,1.06,8.62,1
,1593753,5,0.301194,0.59,0.19,0.22,2.06,299,1.16,0.47,1
,1602363,2,0.293579,0.38,0.13,0.14,0.615,311,0.81,2.52,1
,1612845,4,1.310508,0.44,0.12,0.1,0.99,414,1.14,3.04,2
,1614256,4,0.556391,0.45,0.14,0.14,2.127,267,1.74,1.84,1
,1615764,1,0.48819,0.94,0.3,0.38,2.048,334,-0.42,-0.93,1
,1619501,1,0.60828,0.59,0.18,0.21,2.516,323,-1.06,0.09,1
,1620903,0,-9.9,0.29,0.1,0.1,2.177,316,1.68,5.45,1
,1626282,2,0.416164,0.42,0.14,0.16,0.698,307,0.24,-0.36,1
,1627564,1,0.584916,0.75,0.23,0.26,1.493,317,-0.5,-0.49,1
,1631769,1,0.474355,0.87,0.28,0.28,1.013,290,0.41,0.67,2
,1634230,1,0.600538,0.56,0.19,0.21,1.903,273,-0.1,-0.37,1
,1634758,1,0.479113,0.92,0.3,0.38,2.344,230,-0.47,-0.94,1
,1637658,1,0.6646,0.64,0.19,0.22,1.652,157,-0.19,-0.71,1
,1643135,2,0.353188,0.65,0.22,0.26,0.877,207,0.41,0.52,1
,1648028,1,0.61091,0.67,0.2,0.21,0.599,256,0.19,-0.29,1
,1648862,1,0.637197,0.4,0.12,0.11,0.478,195,-0.13,0.52,3
,1650268,1,0.590901,0.66,0.22,0.25,0.987,196,0.1,-0.09,1
,1656568,2,0.276521,0.36,0.13,0.16,1.664,188,0.12,-0.76,1
,1667598,4,0.498579,0.54,0.17,0.25,1.363,555,1.37,0.67,2
,1679845,1,0.683384,0.63,0.2,0.25,1.775,441,-0.21,-1.09,1
,1680927,5,0.370524,0.45,0.3,0.17,2.222,410,7.6,78.95,1
,1683151,6,0.058234,0.51,0.16,0.16,1.231,427,-1.54,3.17,1
,1684856,1,0.521784,0.76,0.24,0.29,1.645,420,-0.93,-0.19,1
,1685980,1,0.752983,0.41,0.12,0.15,1.063,368,0.35,-0.4,2
,1687512,1,0.515614,0.8,0.26,0.28,1.405,364,-0.03,-0.41,1
,1688567,5,0.254995,0.46,0.15,0.18,1.909,266,0.89,-0.28,1
,1691490,1,0.719251,0.44,0.14,0.19,1.726,263,0.0,-1.1,1
,1691878,5,0.27966,0.52,0.17,0.22,2.253,237,0.59,-0.9,1
,1703266,5,0.254885,0.41,0.13,0.17,0.914,226,0.56,-0.52,1
,1708695,5,0.225758,0.38,0.13,0.14,0.917,203,1.36,4.51,1
,1710162,1,0.600986,0.47,0.15,0.16,2.149,182,-0.78,0.11,1
,1712862,0,-9.9,0.34,0.11,0.13,0.688,162,-0.14,-0.58,1
,1720538,2,0.291562,0.47,0.17,0.22,0.574,231,-0.09,-1.11,1
,1725743,0,-9.9,0.5,0.16,0.15,1.04,218,0.63,1.49,1
,1728470,1,0.642416,0.39,0.13,0.17,2.058,542,-0.46,-0.92,1
,1735658,5,0.2373,0.32,0.11,0.13,0.576,547,0.53,2.35,1
,1736308,1,0.555849,0.65,0.2,0.23,1.755,372,-0.54,-0.58,1
,1743519,5,0.284202,0.33,0.11,0.13,2.136,167,0.58,-0.52,1
,1746311,2,0.319192,0.42,0.15,0.18,1.145,226,1.0,3.9,1
,1748058,2,0.310236,0.42,0.15,0.2,1.239,463,0.25,-0.31,1
,1748794,2,0.302989,0.48,0.17,0.22,2.372,409,-0.07,-1.26,1
,1749054,2,0.289547,0.56,0.19,0.22,0.837,167,0.02,0.0,1
,1754582,5,0.27104,0.39,0.13,0.14,1.17,187,0.86,-0.09,1
,1763696,2,0.319826,0.45,0.15,0.19,0.529,517,0.26,-0.88,1
,1769795,1,0.545052,0.76,0.23,0.25,3.147,519,-0.93,0.22,1
,1774383,1,0.519424,0.82,0.27,0.31,1.567,236,-0.6,-0.28,3
,1779170,5,0.358638,0.44,0.14,0.11,0.964,180,1.91,4.82,2
,1780485,1,0.586397,0.72,0.23,0.24,1.306,240,-0.44,0.04,2
,1781225,6,0.058595,0.47,0.16,0.22,1.445,204,-0.61,-1.0,1
,1784750,1,0.590825,0.66,0.2,0.25,1.831,520,-0.45,-0.87,1
,1787086,1,0.645872,0.51,0.16,0.22,2.323,504,0.25,-1.12,1
,1788821,1,0.571802,0.71,0.22,0.24,1.282,521,-0.72,0.44,1
,1790596,1,0.534499,0.8,0.24,0.27,2.277,509,-0.89,0.22,1
,1793190,5,0.213528,0.4,0.13,0.16,1.187,537,0.61,-0.64,1
,1804606,1,0.499806,0.9,0.27,0.3,1.459,553,-0.89,0.26,1
,1811983,5,0.318027,0.39,0.13,0.16,2.166,252,0.72,-0.64,1
,1817613,1,0.610827,0.47,0.15,0.2,0.819,372,-0.05,-1.01,1
,1818091,1,0.494997,1.01,0.32,0.34,1.582,304,-0.75,-0.4,1
,1828651,1,0.535171,0.87,0.28,0.34,1.336,316,-0.57,-0.6,1
,1838988,2,0.344572,0.46,0.16,0.2,0.75,320,0.01,-0.67,1
,1844071,1,0.594897,0.62,0.2,0.22,1.049,267,-0.25,-0.32,1
,1844132,5,0.299967,1.08,0.37,0.22,2.005,287,2.85,10.04,1
,1848945,5,0.24306,0.52,0.18,0.24,1.013,300,0.41,-0.88,1
,1851295,5,0.423396,0.46,0.15,0.19,1.843,317,1.16,0.16,1
,1852655,2,0.340423,0.47,0.15,0.16,0.487,309,0.26,-0.02,1
,1852714,1,0.454981,1.0,0.33,0.4,1.943,294,-0.46,-0.86,1
,1857382,1,0.566431,0.55,0.17,0.21,2.322,280,-0.67,-0.44,1
,1863652,1,0.635622,0.88,0.31,0.38,1.671,250,-0.29,-0.72,1
,1864511,7,136.652008,1.36,0.42,0.44,3.494,185,0.26,-0.84,1
,1867745,1,0.558988,0.98,0.31,0.3,1.561,258,-0.27,0.6,1
,1869417,1,0.628153,0.69,0.24,0.21,0.745,61,-0.81,-0.29,2
,1870290,5,0.269727,0.51,0.18,0.25,1.786,280,0.56,-1.1,1
,1871916,1,0.600454,0.88,0.29,0.37,2.378,267,-0.76,-0.62,1
,1876472,5,0.251011,0.61,0.22,0.24,1.386,309,1.94,9.66,1
,1876491,1,0.760125,0.38,0.13,0.16,1.183,301,-0.31,-0.7,1
,1882088,2,0.315984,0.43,0.15,0.2,2.014,303,0.05,-1.05,1
,1882354,1,0.695067,0.72,0.23,0.29,1.482,313,-0.09,-0.71,1
,1885158,1,0.667418,0.68,0.21,0.24,1.052,273,0.09,-0.73,1
,1890167,1,0.651284,0.77,0.24,0.26,1.393,269,-0.54,-0.28,1
,1896980,5,0.313104,0.56,0.17,0.2,2.295,397,0.38,-0.49,2
,1913043,1,0.631506,0.31,0.1,0.13,0.504,548,-0.14,-0.47,1
,1913172,0,-9.9,1.38,0.64,0.4,4.694,591,-3.42,15.05,1
,1915212,2,0.309753,0.45,0.14,0.18,1.573,596,-0.16,-0.85,1
,1918275,2,0.272998,0.33,0.11,0.15,1.549,567,-0.13,-1.28,1
,1923062,5,33.80648,0.43,0.13,0.15,0.669,595,0.74,0.22,1
,1924820,5,0.363631,0.41,0.14,0.17,2.558,311,0.08,-0.52,1
,1925869,2,0.267213,0.43,0.13,0.16,0.541,398,0.09,-0.25,1
,1931336,1,0.565394,0.56,0.19,0.23,2.637,305,-0.82,0.2,1
,1932600,1,0.581852,0.47,0.15,0.19,2.671,336,-0.48,-0.56,1
,1932680,1,0.571222,0.88,0.31,0.38,1.433,424,-0.1,1.01,1
,1936459,1,0.649245,0.47,0.15,0.2,0.722,431,0.09,-0.92,1
,1937256,6,0.072405,0.34,0.11,0.12,1.656,309,-0.68,0.46,1
,1940075,5,0.298477,0.33,0.11,0.15,2.156,299,0.26,-1.1,2
,1943000,4,0.751666,0.37,0.12,0.09,1.606,318,2.81,8.43,2
,1944537,5,0.290801,0.79,0.27,0.35,1.677,305,0.62,-0.87,1
,1949890,5,0.625253,0.69,0.22,0.26,2.215,294,1.15,0.29,1
,1950085,1,0.568355,0.75,0.23,0.28,2.166,236,-0.56,-0.44,1
,1956049,1,0.591917,0.63,0.2,0.24,1.028,302,-0.62,-0.48,1
,1968997,1,0.507692,0.8,0.29,0.31,2.151,260,0.42,4.25,1
,1970100,5,0.263958,0.39,0.12,0.15,1.294,250,0.77,-0.26,1
,1984236,5,0.299379,0.67,0.23,0.23,0.938,218,1.14,0.67,1
,2023155,1,0.608577,0.75,0.23,0.27,2.075,438,-0.85,-0.3,1
,2024072,5,0.29998,0.68,0.23,0.31,1.931,682,0.86,-0.63,1
,2028765,5,0.586758,0.38,0.12,0.16,1.473,400,0.73,-0.51,1
,2029707,1,0.647395,0.76,0.24,0.29,0.972,311,0.04,-0.58,1
,2037512,2,0.335131,0.38,0.13,0.17,2.166,233,0.01,-0.98,1
,2038116,5,0.2594,0.6,0.21,0.3,1.57,207,0.62,-1.05,1
,2039870,1,0.460878,0.76,0.24,0.24,0.744,63,-0.4,-0.39,3
,2041979,1,0.653691,0.61,0.2,0.22,0.96,276,-0.57,-0.3,1
,2044369,1,0.534952,0.87,0.28,0.36,1.147,253,-0.29,-0.87,1
,2050107,1,0.686447,0.73,0.24,0.26,2.549,190,-0.95,-0.2,1
,2063120,5,0.260336,0.45,0.15,0.16,0.698,155,0.54,-0.11,1
,2075085,5,0.249504,0.33,0.11,0.14,0.964,543,0.55,-0.74,1
,2075949,1,0.477803,0.67,0.21,0.26,1.651,519,-0.8,-0.17,1
,2076617,5,0.255555,0.5,0.17,0.21,0.672,523,0.37,-0.92,1
,2079147,1,0.617457,0.45,0.15,0.19,1.173,459,-0.23,-0.97,1
,2084640,2,0.371815,0.52,0.17,0.2,0.705,523,0.29,-0.05,1
,2085787,4,0.652141,0.64,0.2,0.22,2.736,521,1.58,2.29,1
,2086810,4,1.383066,0.38,0.11,0.15,1.095,528,2.68,6.62,1
,2091036,1,0.523387,0.9,0.29,0.36,1.884,383,-0.55,-0.8,1
,2094414,5,0.323183,0.36,0.11,0.12,1.076,194,0.02,0.25,1
,2095091,1,0.473038,0.6,0.18,0.18,0.607,161,-0.09,0.56,3
,2095105,1,0.529829,0.72,0.23,0.26,2.388,189,-0.89,-0.02,1
,2099155,2,0.293789,0.51,0.18,0.23,1.203,505,0.02,-1.21,1
,2099869,5,0.437884,0.44,0.13,0.12,1.457,488,2.08,4.24,2
,2101707,1,0.591527,0.78,0.24,0.27,1.11,240,-0.07,-0.09,1
,2103445,5,0.368468,0.57,0.19,0.22,0.722,157,0.62,-0.27,2
,2104306,2,0.357041,0.39,0.13,0.17,2.28,517,-0.08,-1.12,1
,2117028,1,0.591243,0.63,0.2,0.24,2.055,527,-0.78,-0.25,1
,2117690,2,0.272647,0.37,0.12,0.16,0.794,530,0.17,-0.7,1
,2119778,1,0.584829,0.45,0.15,0.18,2.157,271,-0.87,-0.17,1
,2122319,2,0.359421,0.48,0.15,0.18,1.381,519,-0.43,-0.53,1
,2125638,1,0.60632,0.5,0.16,0.2,1.482,542,-0.5,-0.88,1
,2126772,5,0.278943,0.43,0.15,0.16,1.403,526,0.74,3.19,1
,2144933,1,0.496464,0.85,0.27,0.31,1.355,343,-0.76,-0.39,1
,2145400,1,0.564736,0.7,0.2,0.22,2.077,349,-1.12,0.51,1
,2148637,2,0.272267,0.45,0.16,0.21,1.252,339,-0.09,-1.28,1
,2149181,5,0.62077,0.35,0.11,0.11,1.331,311,1.13,2.18,1
,2154980,1,0.668164,0.42,0.14,0.16,0.946,72,-0.84,0.41,3
,2158320,6,0.072031,0.45,0.16,0.22,1.253,306,-0.32,-1.01,1
,2166478,5,0.355855,0.5,0.17,0.23,2.163,271,0.86,-0.62,1
,2167648,5,0.294414,0.47,0.16,0.2,1.368,309,0.63,-0.93,1
,2174367,1,0.643154,0.53,0.18,0.19,0.653,139,0.82,0.68,3
,2177764,2,0.315852,0.41,0.14,0.19,1.002,134,-0.08,-1.23,1
,2178286,5,0.257107,0.47,0.16,0.19,2.057,260,0.84,-0.49,1
,2190011,5,0.256088,0.56,0.19,0.24,1.319,257,0.47,-0.66,1
,2196029,2,0.292564,0.54,0.18,0.22,0.787,265,0.25,-0.49,1
,2197514,1,0.629613,0.54,0.17,0.23,1.264,260,-0.06,-0.91,1
,2198127,5,0.279664,0.63,0.22,0.24,1.043,314,1.2,0.93,2
,2201336,1,0.550572,0.31,0.11,0.14,2.109,269,0.45,-0.51,1
,2202528,2,0.393439,0.38,0.13,0.16,1.363,294,-0.11,-1.16,3
,2204856,1,0.493722,1.04,0.32,0.32,1.6,281,-0.79,-0.35,1
,2209936,1,0.506966,1.02,0.33,0.41,1.58,325,-0.59,-0.71,1
,2223492,2,0.287496,0.53,0.18,0.24,1.113,280,0.31,-0.37,1
,2224033,1,0.611205,0.53,0.17,0.19,1.243,253,-0.45,-0.65,1
,2224955,1,0.597806,0.56,0.18,0.16,2.024,139,-0.98,2.67,1
,2227132,1,0.642655,0.88,0.28,0.32,1.823,260,-0.02,-0.37,1
,2229607,1,0.575181,0.67,0.2,0.22,1.151,290,-0.45,0.92,1
,2229805,0,-9.9,0.52,0.16,0.19,0.488,293,-0.03,-0.38,1
,2230438,1,0.465877,0.78,0.29,0.27,1.662,246,0.9,7.9,1
,2230712,1,0.455838,0.87,0.32,0.28,2.315,242,0.34,4.02,1
,2237746,5,0.265991,0.45,0.15,0.19,0.941,488,0.52,-0.73,1
,2240118,1,0.538083,0.59,0.19,0.22,2.601,212,-0.41,-0.84,1
,2241015,1,0.647404,0.6,0.2,0.26,1.358,501,-0.36,-0.85,1
,2243683,1,0.579777,0.57,0.18,0.23,2.054,531,-0.52,-0.53,1
,2248105,5,0.359834,0.38,0.13,0.17,2.436,533,0.3,-0.81,1
,2248787,1,0.563524,0.71,0.23,0.31,2.042,540,-0.46,-0.78,1
,2248829,1,0.531315,0.83,0.25,0.26,1.411,548,-1.05,1.19,1
,2251043,1,0.46796,0.56,0.18,0.2,1.221,462,-0.41,-0.25,1
,2252873,1,0.703482,0.32,0.1,0.12,0.765,397,0.03,0.63,1
,2264042,1,0.655372,0.81,0.25,0.27,1.594,391,-0.35,-0.52,1
,2264447,5,0.294307,0.49,0.17,0.24,2.157,308,0.04,-1.44,1
,2269066,5,0.322382,0.35,0.12,0.15,1.783,205,0.55,-1.07,1
,2276533,1,0.586235,0.65,0.2,0.26,1.314,322,-0.53,-0.75,1
,2280940,1,0.562366,0.85,0.28,0.26,1.121,310,0.7,3.34,1
,2284940,1,0.517542,0.93,0.28,0.35,1.294,310,-0.08,-0.88,1
,2285108,1,0.626034,0.73,0.24,0.31,1.593,340,-0.36,-0.96,1
,2288347,1,0.808601,0.5,0.16,0.17,0.694,227,0.41,0.29,2
,2292862,5,0.278744,0.42,0.15,0.18,1.281,300,1.59,9.03,1
,2293423,2,0.309073,0.51,0.18,0.21,0.95,285,0.97,4.1,1
,2301515,1,0.565974,0.75,0.25,0.29,1.834,256,-0.42,-0.89,1
,2313352,1,0.753476,0.33,0.11,0.13,1.505,241,0.2,-0.73,2
,2321260,1,0.569574,0.66,0.21,0.27,1.429,247,-0.42,-1.0,1
,2323566,5,0.232872,0.8,0.28,0.29,1.955,224,1.28,2.29,1
,2330973,4,0.352708,0.74,0.29,0.16,0.797,226,3.01,11.53,2
,2332637,2,0.278148,0.41,0.13,0.16,0.682,493,-0.25,-0.51,1
,2333087,1,0.551467,0.74,0.24,0.29,2.286,560,-0.64,-0.42,1
,2334384,1,0.555341,0.7,0.22,0.27,2.039,443,-0.66,-0.65,1
,2340795,1,0.598235,0.55,0.17,0.21,0.934,477,0.0,-0.5,1
,2341370,1,0.579899,0.66,0.2,0.26,1.596,562,-0.66,-0.66,1
,2346835,1,0.778552,0.52,0.18,0.2,1.524,372,0.72,6.7,1
,2353476,1,0.5708,0.79,0.29,0.3,1.946,311,2.08,16.14,1
,2357763,1,0.52142,0.69,0.23,0.31,2.615,231,-0.89,-0.55,1
,2359102,5,0.214529,0.73,0.23,0.23,0.501,259,1.13,0.75,1
,2362884,5,0.452227,0.37,0.11,0.13,1.548,233,0.88,-0.04,1
,2370027,5,0.239909,0.37,0.12,0.15,1.052,170,0.48,-0.71,1
,2374717,1,0.596567,0.64,0.21,0.22,0.69,159,-0.12,-0.6,1
,2383627,2,0.310165,0.87,0.31,0.31,0.731,204,1.23,3.18,3
,2390130,1,0.502909,0.89,0.29,0.33,1.934,225,-0.94,-0.12,1
,2395704,5,0.377054,0.36,0.12,0.14,0.659,541,0.93,1.95,1
,2397296,1,0.488816,0.74,0.29,0.31,1.392,522,1.8,13.49,1
,2405301,1,0.611455,0.44,0.14,0.18,2.094,492,-0.32,-0.93,1
,2407483,1,0.687877,0.4,0.13,0.16,0.989,171,0.13,-1.11,1
,2408399,1,0.523341,0.79,0.26,0.33,2.246,123,-0.2,-1.11,1
,2414841,1,0.559609,0.6,0.19,0.23,1.895,522,-0.57,-0.44,1
,2419376,1,0.595673,0.46,0.14,0.17,1.154,391,-0.28,-0.76,1
,2429249,5,0.317475,0.36,0.12,0.17,1.506,485,0.45,-0.5,1
,2436284,0,-9.9,1.13,0.36,0.2,1.292,30,-0.61,-0.1,1
,2436939,1,0.630502,0.47,0.15,0.2,1.35,530,-0.39,-0.89,1
,2445331,1,0.595831,0.71,0.22,0.21,1.049,445,0.07,0.8,1
,2453514,1,0.589289,0.67,0.22,0.27,2.371,310,-0.29,-1.1,1
,2455568,1,0.594118,0.56,0.18,0.24,2.191,337,-0.57,-0.92,1
,2458783,1,0.535196,0.83,0.32,0.33,2.731,336,1.27,10.15,1
,2462460,1,0.682157,0.34,0.11,0.15,1.702,309,-0.38,-0.76,1
,2464031,1,0.592292,0.6,0.2,0.26,0.955,336,-0.5,-0.81,1
,2470752,5,0.679003,0.4,0.17,0.12,0.701,303,3.33,14.97,1
,2475488,1,0.553695,0.79,0.26,0.33,1.565,288,-0.59,-0.78,1
,2475766,0,-9.9,0.41,0.13,0.18,0.819,290,0.22,-0.93,1
,2495418,1,0.54377,0.24,0.26,0.09,1.682,216,12.67,174.83,1
,2499018,5,0.233706,0.55,0.19,0.24,1.212,279,0.68,-0.59,1
,2499858,5,0.312593,0.42,0.13,0.17,2.243,279,0.51,-0.63,1
,2503403,7,127.824898,1.31,0.44,0.62,3.107,302,0.52,-0.97,1
,2505387,2,0.330032,0.41,0.14,0.17,0.961,257,-0.07,0.97,1
,2510665,1,0.619997,0.59,0.2,0.22,0.795,153,0.32,0.16,1
,2510767,1,0.640606,0.36,0.11,0.11,0.544,163,-0.28,0.09,1
,2512872,1,0.544138,0.8,0.26,0.34,1.247,278,-0.34,-0.91,1
,2518221,7,175.036301,0.51,0.16,0.22,2.36,303,-0.04,-0.87,1
,2520161,5,0.26417,0.34,0.11,0.13,0.606,96,0.21,-0.66,1
,2522484,4,0.327636,0.45,0.17,0.13,0.488,309,2.75,10.16,2
,2523263,5,0.286814,0.58,0.2,0.27,1.215,299,0.81,-0.72,1
,2526967,2,0.355627,0.49,0.17,0.2,0.562,190,0.69,3.01,1
,2532058,1,0.632489,0.37,0.12,0.14,1.175,271,0.08,-0.95,1
,2532118,2,0.338378,0.51,0.17,0.22,0.906,273,0.06,-0.88,1
,2534282,5,0.250624,0.64,0.22,0.27,1.021,285,0.56,-0.91,1
,2537648,4,0.499488,0.51,0.18,0.13,0.864,246,3.38,19.2,2
,2542844,5,0.363036,0.4,0.14,0.18,1.713,199,0.16,-1.3,1
,2546766,0,-9.9,3.42,1.35,1.97,3.59,43,0.03,-1.71,1
,2552794,1,0.691936,0.26,0.18,0.1,0.52,502,9.22,105.49,1
,2554750,2,0.281573,0.41,0.14,0.19,1.58,285,-0.27,-1.31,1
,2564971,1,0.587276,0.44,0.14,0.19,1.852,512,-0.48,-0.69,1
,2566499,1,0.57095,0.54,0.18,0.22,2.016,366,-0.86,0.24,1
,2568913,1,0.538256,0.76,0.23,0.27,1.214,439,-0.51,-0.25,1
,2569778,5,0.281587,0.34,0.11,0.15,1.747,373,0.25,-1.17,1
,2574370,1,0.546511,0.68,0.22,0.26,2.086,433,-0.7,-0.32,1
,2581524,5,0.252573,0.42,0.14,0.17,0.989,300,0.37,-0.88,1
,2584911,2,0.379733,0.48,0.17,0.22,0.789,336,0.23,-0.96,1
,2587263,1,0.679624,0.6,0.2,0.22,1.057,310,1.04,2.38,1
,2590360,1,0.668899,0.67,0.22,0.24,1.182,259,-0.47,-0.2,1
,2593243,1,0.659457,0.66,0.29,0.25,0.768,307,2.93,16.15,1
,2595739,2,0.34604,0.33,0.11,0.14,1.237,327,-0.16,-0.54,2
,2598175,0,-9.9,0.4,0.14,0.19,1.844,43,0.26,-1.18,1
,2602707,5,0.199724,0.57,0.27,0.23,1.452,322,5.75,60.63,1
,2602711,2,0.335176,0.48,0.17,0.24,1.608,345,0.04,-1.42,1
,2606813,1,0.501853,0.78,0.25,0.27,2.982,154,-1.03,-0.18,1
,2609351,5,0.280133,0.63,0.21,0.27,2.037,294,0.64,-0.92,1
,2612592,1,0.571565,0.71,0.24,0.31,1.889,270,-0.59,-0.77,1
,2619220,5,0.322489,0.37,0.12,0.15,2.165,244,0.16,-1.03,1
,2623858,1,0.596487,0.72,0.23,0.3,1.487,399,-0.71,-0.6,1
,2630745,4,1.416402,0.43,0.13,0.08,1.36,243,2.77,7.96,1
,2631092,1,0.526735,0.77,0.23,0.23,2.08,240,-1.08,0.83,1
,2634740,6,0.056523,0.44,0.14,0.14,1.035,209,-0.49,0.04,1
,2634978,5,0.297118,0.63,0.21,0.22,1.546,209,1.36,0.65,1
,2638821,1,0.499574,0.87,0.27,0.3,0.923,244,-0.66,-0.18,1
,2639856,4,2.291178,1.29,0.46,0.66,2.662,239,0.09,-1.0,1
,2642429,1,0.472887,1.0,0.34,0.42,1.433,242,-0.61,-0.71,1
,2646033,0,-9.9,0.39,0.12,0.13,0.542,246,0.12,0.47,1
,2653935,6,0.074603,0.35,0.11,0.13,0.612,428,-0.28,-0.26,1
,2653982,1,0.607079,0.9,0.28,0.36,2.069,534,-0.78,-0.16,1
,2657618,1,0.469871,1.0,0.32,0.37,1.984,410,-1.04,-0.12,1
,2660232,1,0.614342,0.67,0.22,0.26,0.998,497,-0.06,-0.88,1
,2660916,5,0.721528,0.35,0.11,0.15,1.569,499,0.64,-0.31,2
,2661732,5,0.328914,0.45,0.15,0.19,0.972,273,0.36,-0.77,1
,2664224,1,0.535543,1.29,0.45,0.4,1.597,359,0.75,3.8,3
,2667036,1,0.559865,0.76,0.23,0.26,0.947,241,-0.24,-0.68,1
,2669011,1,0.59115,0.61,0.19,0.24,1.938,450,-0.42,-0.98,1
,2672050,1,0.556544,0.88,0.26,0.28,1.352,260,-0.96,0.1,1
,2672279,2,0.388578,0.41,0.14,0.18,1.395,389,0.42,-0.89,2
,2681145,2,0.337494,0.41,0.14,0.19,0.6,220,-0.12,-1.23,1
,2681658,1,0.53356,0.78,0.26,0.31,2.783,162,-0.58,-0.79,1
,2682286,1,0.607863,0.48,0.16,0.19,2.468,191,-0.39,-0.68,1
,2683009,1,0.606254,0.87,0.29,0.37,2.43,180,-0.47,-0.82,2
,2686501,1,0.440509,0.33,0.11,0.13,1.976,149,-0.83,0.73,1
,2686769,1,0.594436,0.61,0.19,0.23,0.81,197,-0.08,-0.36,1
,2686860,1,0.563435,0.78,0.26,0.31,1.85,98,-0.41,-0.94,1
,2692532,5,0.266069,0.78,0.24,0.28,0.485,144,0.45,-0.45,1
,2695836,5,0.309049,0.96,0.33,0.35,0.762,185,0.78,0.72,1
,2697597,6,0.049606,0.73,0.27,0.31,1.353,149,0.19,2.4,1
,2698843,1,0.517525,0.93,0.27,0.23,2.076,179,-0.51,0.14,2
,2703868,5,0.319674,0.82,0.26,0.24,0.746,146,1.03,1.3,2
,2711101,5,0.442894,0.58,0.17,0.15,1.418,165,1.28,1.13,2
,2711524,5,0.227016,0.4,0.13,0.15,2.078,402,1.23,0.43,1
,2714034,1,0.610869,0.47,0.15,0.17,1.343,536,-0.28,0.06,1
,2717240,7,100.082001,0.62,0.21,0.27,2.799,522,0.37,-0.63,1
,2719627,1,0.485231,1.03,0.33,0.4,2.158,546,-0.69,-0.74,1
,2723487,1,0.467605,0.89,0.28,0.3,2.716,381,-1.3,0.63,1
,2730508,1,0.60812,0.61,0.19,0.23,0.957,104,0.62,0.21,2
,2731374,1,0.597271,0.57,0.19,0.23,2.578,330,-0.79,-0.07,1
,2732738,1,0.55676,0.76,0.25,0.28,1.004,144,0.15,-0.58,2
,2742032,1,0.629671,0.6,0.19,0.24,1.121,514,-0.12,-0.53,1
,2742544,1,0.607034,0.57,0.18,0.24,1.567,496,-0.28,-0.88,1
,2747063,5,0.241878,0.46,0.15,0.19,0.674,526,0.47,-0.52,1
,2747213,5,0.363275,0.46,0.15,0.19,1.131,489,0.59,-0.7,1
,2751585,1,0.521188,0.89,0.28,0.36,1.544,430,-0.7,-0.65,1
,2752114,7,1963.771851,1.31,0.4,0.4,3.368,358,-0.13,-0.32,2
,2757192,4,5.790974,0.59,0.2,0.13,1.618,479,2.99,8.9,2
,2766464,1,0.57056,0.67,0.2,0.2,2.102,291,-0.99,-0.01,1
,2766997,2,0.408675,0.54,0.17,0.21,1.017,306,-0.45,-0.56,2
,2769694,0,0.510923,0.35,0.13,0.14,1.307,290,1.48,10.46,1
,2779320,1,0.561751,0.84,0.28,0.37,1.83,295,-0.6,-0.98,1
,2780833,1,0.582855,0.63,0.21,0.25,0.987,325,-0.49,-0.4,1
,2789285,5,0.247071,0.41,0.13,0.16,2.02,292,0.7,-0.45,1
,2792252,1,0.539191,0.74,0.25,0.33,1.699,321,-0.48,-1.03,1
,2795340,4,0.949364,0.37,0.11,0.11,1.729,283,2.08,3.36,2
,2805918,1,0.461068,0.99,0.33,0.44,2.929,195,-0.55,-1.07,1
,2807982,1,0.607951,0.48,0.15,0.16,2.021,257,-0.79,0.21,1
,2812086,1,0.646021,0.59,0.21,0.23,2.33,296,1.09,6.81,1
,2814584,1,0.64377,0.38,0.13,0.17,0.853,277,-0.12,-0.95,1
,2819824,1,0.73841,0.76,0.24,0.26,1.591,309,0.25,-0.56,1
,2820204,1,0.493286,0.87,0.26,0.28,1.721,303,-1.01,0.48,1
,2823121,1,0.590994,0.59,0.18,0.21,1.377,274,-0.22,-0.63,1
,2823738,5,0.244372,0.3,0.1,0.12,1.435,312,0.62,-0.41,1
,2825992,7,255.794098,0.68,0.23,0.28,1.328,275,-0.54,-0.58,1
,2826769,1,0.611937,0.45,0.15,0.19,1.735,309,-0.05,-1.06,1
,2837569,5,0.35412,0.56,0.17,0.16,0.982,260,2.03,4.05,2
,2839032,2,0.337144,0.34,0.12,0.16,1.223,229,-0.01,-1.19,1
,2840198,1,0.527074,0.9,0.29,0.35,1.234,267,-0.26,-0.82,1
,2840300,1,0.601539,0.75,0.26,0.31,1.042,192,-0.2,-0.88,1
,2846194,1,0.561931,0.65,0.22,0.27,1.089,109,-0.75,-0.29,1
,2846389,1,0.665998,0.54,0.16,0.21,2.42,242,-0.07,-0.91,1
,2851826,1,0.521839,0.89,0.28,0.32,1.651,257,-0.79,-0.38,1
,2853142,4,0.932456,0.65,0.26,0.14,1.596,239,4.0,25.19,1
,2853685,1,0.59212,0.61,0.19,0.21,1.018,191,0.11,-0.38,2
,2855337,1,0.508705,0.94,0.29,0.32,2.248,248,-0.7,-0.56,1
,2855554,0,-9.9,0.5,0.16,0.19,0.924,258,0.06,-0.83,1
,2855834,1,0.44477,0.98,0.31,0.3,2.581,262,-1.16,0.1,1
,2857355,1,0.626873,0.59,0.19,0.22,0.725,279,-0.01,-0.41,2
,2860293,2,0.331936,0.51,0.17,0.2,0.964,239,0.05,-0.45,1
,2863244,4,1.33354,0.45,0.14,0.12,0.86,301,2.08,3.82,1
,2871803,5,0.323818,0.37,0.12,0.16,1.95,493,0.44,-0.95,1
,2873728,1,0.618847,0.5,0.16,0.2,0.956,522,-0.22,-0.84,1
,2873744,1,0.452433,0.89,0.28,0.34,3.181,480,-0.61,-0.68,1
,2881376,2,0.330606,0.41,0.13,0.17,0.766,480,0.16,-0.99,1
,2881791,5,0.321534,0.63,0.21,0.25,0.954,468,0.72,-0.4,1
,2882780,4,0.744294,0.62,0.19,0.17,2.485,250,2.02,3.34,2
,2887662,2,0.307904,0.6,0.19,0.24,1.621,599,-0.22,-0.7,1
,2888081,6,0.076733,0.35,0.12,0.14,1.524,452,-0.01,0.58,1
,2889542,1,0.570912,0.91,0.29,0.36,1.848,457,-0.83,-0.47,1
,2892940,1,0.539852,1.02,0.33,0.42,1.587,462,-0.47,-0.96,1
,2893479,1,0.699259,0.67,0.2,0.23,2.214,469,-0.44,-0.72,1
,2895745,2,0.375068,0.5,0.17,0.22,1.091,250,-0.06,-1.08,1
,2898747,1,0.628433,0.71,0.22,0.26,1.459,297,-0.12,-0.61,1
,2898790,4,0.284253,0.69,0.23,0.22,0.628,312,1.32,4.08,2
,2902575,2,0.379127,0.44,0.15,0.19,1.037,260,0.6,1.37,1
,2913030,2,0.289239,0.43,0.15,0.21,1.923,255,-0.11,-1.41,1
,2914336,1,0.614888,0.74,0.25,0.25,0.694,109,1.0,1.03,2
,2914946,1,0.460404,0.89,0.27,0.29,1.74,326,-1.25,0.83,1
,2915710,5,0.288249,0.47,0.15,0.2,1.631,345,0.94,-0.22,1
,2929847,0,-9.9,0.44,0.14,0.15,2.622,266,0.31,-0.23,1
,2933127,0,-9.9,0.34,0.11,0.15,2.257,270,-0.14,-0.67,1
,2936953,2,0.328743,0.4,0.14,0.18,1.675,271,0.22,-1.18,2
,2937427,2,0.348363,0.46,0.16,0.21,1.255,233,0.18,-1.36,1
,2939425,5,0.274019,0.9,0.29,0.3,1.266,252,1.06,0.57,1
,2939499,1,0.534603,0.9,0.29,0.38,1.167,264,-0.25,-1.17,1
,2941388,5,0.23726,0.39,0.13,0.16,1.15,175,0.35,-0.87,1
,2945200,5,0.290184,0.49,0.16,0.2,1.979,262,0.45,-0.95,1
,2945746,1,0.590218,0.59,0.19,0.23,2.585,268,-0.61,-0.78,2
,2948537,5,0.363427,0.69,0.23,0.28,1.472,226,0.9,-0.17,1
,2959784,2,0.335842,0.44,0.16,0.2,1.018,205,0.09,-0.95,3
,2967526,1,0.596152,0.53,0.17,0.21,1.385,530,-0.62,-0.49,1
,2969333,1,0.598745,0.99,0.32,0.37,1.416,832,-0.04,0.78,1
,2970740,5,0.327372,0.47,0.16,0.21,2.373,544,0.48,-1.14,1
,2974808,5,0.299992,0.57,0.19,0.25,1.824,486,0.35,-1.22,1
,2977765,0,-9.9,0.36,0.11,0.13,1.019,475,-0.16,1.0,1
,2978038,1,0.486285,0.97,0.28,0.32,1.465,458,-0.64,-0.33,1
,2978898,0,0.333091,0.54,0.18,0.19,0.953,382,0.09,1.22,1
,2979506,1,0.649425,0.68,0.22,0.28,1.048,478,0.28,-0.62,1
,2989064,1,0.598774,0.52,0.17,0.21,1.36,269,-0.74,0.95,1
,2992494,1,0.550122,0.78,0.28,0.4,1.906,83,-0.14,-1.43,1
,2997346,1,0.624261,0.58,0.19,0.22,1.406,201,-0.36,-0.75,1
,3001254,5,0.297271,0.38,0.13,0.19,1.429,227,0.32,-1.26,1
,3011464,5,0.239479,0.41,0.14,0.18,1.507,135,0.56,-0.85,1
,3012669,1,0.596272,0.74,0.29,0.31,1.483,141,0.54,2.29,1
,3013741,5,0.319687,0.42,0.14,0.17,1.993,190,0.57,-0.86,1
,3014133,2,0.409438,0.37,0.12,0.14,1.316,126,0.18,-0.81,2
,3015249,5,0.271883,0.5,0.17,0.22,2.025,192,0.69,-0.65,1
,3016980,4,0.396842,0.56,0.18,0.13,1.13,137,1.94,2.87,1
,3026086,2,0.398112,0.47,0.16,0.19,0.891,552,0.15,0.35,1
,3036295,1,0.629705,0.34,0.11,0.14,1.756,502,-0.33,-0.86,1
,3044799,1,0.558019,0.81,0.27,0.33,2.153,317,-0.66,-0.73,1
,3045044,1,0.582927,0.68,0.22,0.27,1.683,358,-0.78,-0.26,1
,3046902,0,-9.9,0.34,0.11,0.13,0.949,332,-0.04,-0.51,1
,3047651,1,0.589512,0.58,0.17,0.2,1.03,319,-0.36,-0.61,1
,3048546,1,0.656286,0.85,0.3,0.38,1.788,291,-0.05,-0.94,1
,3049884,1,0.536058,0.65,0.18,0.17,1.479,293,-0.9,1.38,1
,3056354,5,0.213541,0.61,0.2,0.26,0.88,463,0.6,-0.62,1
,3056979,2,0.291363,0.44,0.16,0.21,2.188,496,-0.06,-1.48,1
,3062156,1,0.568757,0.7,0.23,0.28,1.271,513,-0.63,-0.31,1
,3062621,1,0.635424,0.35,0.11,0.14,0.821,526,-0.15,-0.68,1
,3065024,5,0.252598,0.58,0.19,0.22,2.554,467,0.81,-0.59,1
,3069079,1,0.623398,0.5,0.16,0.2,0.721,462,0.12,-0.43,1
,3069808,1,0.565959,0.44,0.13,0.15,2.363,379,-0.6,0.16,1
,3074040,1,0.593142,0.7,0.22,0.25,0.887,454,-0.14,0.17,1
,3086623,2,0.3375,0.36,0.12,0.15,1.733,324,0.06,-1.1,1
,3090362,1,0.577884,0.87,0.27,0.24,1.459,122,-1.05,-0.06,1
,3094018,1,0.605811,0.54,0.18,0.23,0.973,307,0.04,-1.08,1
,3100547,1,0.617492,0.58,0.2,0.29,1.721,133,-0.05,-1.26,1
,3104968,1,0.552136,0.93,0.31,0.4,1.918,306,-0.62,-0.95,1
,3110897,2,0.340477,0.36,0.13,0.18,1.886,250,0.12,-1.38,1
,3111537,7,257.904694,1.15,0.34,0.4,3.138,302,0.41,-0.3,1
,3111737,2,0.375282,0.48,0.25,0.27,1.482,137,1.88,5.36,1
,3113704,5,0.281202,0.31,0.1,0.12,0.771,233,0.43,-0.05,1
,3116998,5,0.32018,0.43,0.13,0.13,1.08,277,1.56,1.57,1
,3117883,1,0.551379,0.79,0.26,0.28,1.183,271,-0.25,0.12,1
,3118906,1,0.689145,0.65,0.21,0.25,0.965,253,0.25,-0.55,1
,3121776,5,0.331808,0.38,0.12,0.16,1.938,274,0.16,-1.02,1
,3124939,1,0.736673,0.57,0.17,0.18,2.361,274,-0.44,-0.41,1
,3125292,7,200.368591,0.86,0.25,0.25,2.83,271,0.89,0.07,1
,3132943,1,0.671751,0.42,0.14,0.17,1.126,308,0.02,-1.08,1
,3133386,2,0.349013,0.44,0.15,0.19,0.989,274,0.37,-0.91,1
,3139572,2,0.366367,0.53,0.18,0.21,0.813,275,0.86,0.91,1
,3140124,5,0.294507,0.54,0.18,0.22,0.838,329,0.62,0.5,1
,3140139,2,0.30459,0.52,0.17,0.21,1.48,255,-0.08,-1.0,2
,3140682,1,0.46261,0.92,0.27,0.27,1.841,181,-0.87,0.19,1
,3142907,1,0.546728,0.91,0.31,0.38,1.425,287,-0.13,0.19,1
,3149365,1,0.739192,0.46,0.15,0.19,0.586,315,0.01,-0.63,1
,3151678,5,0.356372,0.33,0.1,0.13,0.776,280,0.55,-0.45,1
,3153475,2,0.280066,0.42,0.15,0.21,2.507,271,-0.18,-1.3,1
,3158696,1,0.587258,0.57,0.18,0.2,1.167,224,-0.09,-0.74,1
,3159412,1,0.463792,0.81,0.32,0.38,2.722,253,1.15,5.72,1
,3160442,1,0.593814,0.57,0.19,0.21,1.117,260,-0.29,-0.14,1
,3162203,1,0.652665,0.33,0.1,0.13,1.278,270,-0.17,-0.87,1
,3163597,1,0.570681,0.65,0.2,0.23,1.258,265,-0.56,-0.6,1
,3169928,5,0.278351,0.5,0.16,0.2,1.547,249,0.7,-0.67,1
,3170992,1,0.527181,0.74,0.23,0.25,0.929,280,-0.51,0.25,1
,3172635,1,0.461829,0.79,0.25,0.29,3.194,286,-0.82,-0.02,1
,3173279,2,0.314429,0.44,0.15,0.18,0.785,241,0.52,0.28,1
,3173902,2,0.302423,0.36,0.12,0.15,1.204,286,0.23,-0.24,1
,3176620,1,0.589604,0.73,0.23,0.31,2.337,292,-0.73,-0.61,1
,3180880,2,0.352493,0.57,0.19,0.25,0.726,401,0.25,-0.86,1
,3182815,1,0.650713,0.82,0.27,0.35,1.646,491,-0.45,-1.08,1
,3183285,2,0.349653,0.48,0.17,0.23,1.682,485,-0.19,-1.23,1
,3185905,1,0.457086,0.99,0.32,0.38,2.176,479,-0.84,-0.3,1
,3186870,1,0.68876,0.49,0.14,0.17,1.727,489,-0.28,-0.57,1
,3194508,5,0.311439,0.45,0.16,0.22,1.615,476,0.4,-1.29,1
,3196582,2,0.268015,0.39,0.13,0.17,1.777,479,-0.02,-1.24,1
,3196780,1,0.504147,0.81,0.27,0.36,2.136,475,-0.56,-0.97,1
,3197054,4,0.335868,0.81,0.29,0.12,0.585,478,3.59,13.4,2
,3210786,1,0.507239,0.94,0.27,0.29,1.328,294,-0.93,0.35,1
,3211928,1,0.468323,1.05,0.34,0.43,2.153,291,-0.85,-0.59,1
,3218931,1,0.693969,0.68,0.21,0.26,2.6,274,-0.51,-0.76,1
,3219035,2,0.326734,0.39,0.14,0.16,1.855,376,1.47,6.58,2
,3219476,1,0.66718,0.67,0.21,0.24,0.839,344,0.29,0.9,1
,3221817,1,0.623817,0.82,0.27,0.22,1.462,303,2.24,10.08,1
,3236819,1,0.469842,1.09,0.37,0.48,1.487,272,-0.3,-0.94,1
,3240498,7,-9.9,0.37,0.12,0.14,0.789,99,-0.22,-0.65,3
,3242671,1,0.629013,0.5,0.16,0.18,0.845,277,0.01,-0.51,1
,3246187,1,0.55965,0.63,0.21,0.26,1.179,277,-0.39,-0.29,1
,3254178,1,0.558092,0.56,0.16,0.17,1.351,209,0.04,0.02,1
,3265838,2,0.302895,0.46,0.15,0.2,0.856,264,-0.19,-0.96,1
,3279505,6,0.061591,0.4,0.13,0.17,2.244,444,-0.73,-0.55,1
,3280045,2,0.345707,0.35,0.13,0.17,2.3,503,-0.12,-1.51,1
,3291309,1,0.624274,0.81,0.28,0.33,1.833,371,0.07,0.08,1
,3293042,1,0.476712,1.08,0.35,0.4,1.425,463,-0.41,-0.67,1
,3294319,1,0.555458,0.68,0.22,0.25,1.773,802,-0.77,0.44,1
,3304303,5,0.26592,0.47,0.16,0.15,2.215,42,0.37,-1.0,2
,3305492,1,0.557467,0.73,0.24,0.29,1.926,214,-0.55,-0.82,1
,3310237,5,0.343925,0.57,0.19,0.23,2.194,188,0.87,-0.27,1
,3310970,1,0.690564,0.74,0.22,0.16,1.442,99,-0.87,0.41,1
,3315947,1,0.577316,0.72,0.24,0.29,1.166,82,-0.55,-0.62,1
,3322107,5,0.46284,0.42,0.14,0.12,1.468,187,1.74,3.23,1
,3322301,4,1.880846,0.45,0.14,0.07,1.696,159,1.93,9.95,2
,3329934,2,0.339153,0.5,0.17,0.21,1.234,183,-0.22,-0.98,3
,3332343,1,0.634747,0.44,0.15,0.2,1.594,193,-0.45,-1.16,1
,3343188,1,0.562272,0.82,0.26,0.34,1.502,466,-0.51,-0.91,1
,3351006,5,0.386554,0.51,0.17,0.23,2.347,294,0.36,-1.23,1
,3351542,2,0.314667,0.34,0.11,0.13,1.439,193,0.13,-1.02,1
,3353370,1,0.639807,0.55,0.18,0.22,1.185,334,-0.28,-0.68,1
,3356801,2,0.337673,0.39,0.13,0.16,1.325,377,0.07,-1.03,1
,3357735,2,0.337552,0.49,0.16,0.19,0.622,317,0.36,-0.08,1
,3358748,2,0.296389,0.55,0.18,0.22,0.841,299,-0.06,-0.75,1
,3367265,5,0.335761,0.42,0.14,0.19,1.329,539,0.58,-0.87,1
,3372764,2,0.361353,0.34,0.12,0.15,1.394,511,-0.14,-1.2,3
,3374690,1,0.50247,0.87,0.28,0.33,1.402,316,-0.82,0.05,1
,3375750,5,0.314788,0.42,0.14,0.19,2.216,565,0.29,-1.17,1
,3377349,1,0.584205,0.58,0.2,0.26,2.236,547,-0.1,-1.22,1
,3384231,2,0.344318,0.57,0.18,0.17,0.519,286,-0.29,0.38,3
,3388158,5,0.339698,0.36,0.11,0.14,2.295,558,0.37,-0.35,1
,3389834,1,0.725564,0.69,0.23,0.28,1.879,270,-0.31,-0.91,1
,3391290,1,0.652723,0.77,0.24,0.27,1.952,281,-0.58,-0.51,1
,3393080,1,0.717186,0.56,0.26,0.21,0.89,205,3.21,18.5,1
,3395865,5,0.258041,0.41,0.14,0.17,2.355,273,0.06,0.07,1
,3405178,1,0.579232,0.67,0.22,0.28,1.384,256,-0.23,-1.0,1
,3415245,5,0.262727,0.73,0.23,0.24,0.838,266,0.92,0.52,1
,3419174,2,0.359548,0.35,0.12,0.17,2.152,224,-0.1,-1.39,2
,3420024,1,0.554444,0.69,0.21,0.22,1.957,231,-0.98,0.23,1
,3420486,2,0.373255,0.56,0.19,0.23,0.94,147,0.17,-0.89,1
,3421441,4,0.378882,0.49,0.16,0.1,0.924,258,2.27,5.18,1
,3437725,1,0.542454,0.71,0.25,0.33,1.476,266,-0.33,-0.82,1
,3440695,1,0.496919,0.8,0.25,0.3,2.181,282,-0.71,-0.57,1
,3441938,1,0.483149,0.93,0.3,0.37,1.598,283,-0.15,-0.89,1
,3442109,1,0.590886,0.42,0.11,0.09,1.914,191,-0.41,0.64,1
,3449168,5,0.321621,0.45,0.15,0.2,0.941,280,0.39,-1.02,1
,3451968,7,196.0784,1.74,0.55,0.69,3.907,238,-0.07,-1.02,1
,3453897,1,0.551539,0.63,0.2,0.25,1.815,272,-0.39,-0.91,1
,3463199,2,0.334717,0.58,0.2,0.24,0.733,297,0.03,-0.51,1
,3463496,5,0.275201,0.53,0.18,0.23,1.354,288,0.68,-0.83,1
,3466279,1,0.48782,0.77,0.25,0.29,2.071,222,-1.01,0.01,1
,3469698,1,0.534477,0.86,0.26,0.31,1.797,259,-0.64,-0.6,1
,3471762,2,0.391782,0.45,0.15,0.19,0.654,253,0.25,-0.82,1
,3472523,0,-9.9,0.74,0.23,0.3,2.602,241,0.26,-1.02,1
,3481248,1,0.556286,0.7,0.23,0.32,2.385,251,-0.7,-0.96,1
,3481748,5,0.256294,0.41,0.14,0.17,1.091,307,0.53,-0.65,1
,3485975,7,147.579605,0.78,0.24,0.27,2.586,452,-0.27,-0.61,1
,3489379,1,0.655341,0.51,0.16,0.2,0.551,504,-0.13,-0.57,1
,3490533,2,0.308808,0.53,0.19,0.23,0.934,293,-0.03,-0.8,1
,3491287,1,0.49099,0.79,0.25,0.32,1.971,483,0.01,-0.86,1
,3493955,1,0.591117,0.67,0.21,0.28,1.064,453,-0.2,-0.94,1
,3497192,2,0.316746,0.47,0.16,0.2,1.225,500,0.04,-1.05,1
,3497759,4,0.340631,0.5,0.15,0.13,1.114,416,2.02,3.63,2
,3498052,5,0.271309,0.49,0.17,0.23,2.643,334,0.41,-1.01,1
,3498187,1,0.623551,0.79,0.27,0.35,2.298,473,-0.41,-0.52,1
,3502136,2,0.36664,0.45,0.15,0.19,0.887,465,0.13,-1.14,1
,3504169,1,0.542997,0.74,0.24,0.29,2.898,417,-0.79,-0.51,1
,3505028,1,0.592253,0.62,0.19,0.22,2.877,348,-0.85,-0.25,1
,3506385,5,0.224647,0.54,0.19,0.25,1.245,134,0.37,-0.93,1
,3507388,0,-9.9,0.76,0.24,0.14,0.712,32,-1.03,2.03,1
,3507643,1,0.801134,0.36,0.12,0.15,1.896,461,0.02,-1.09,2
,3508270,5,0.259539,0.52,0.17,0.21,0.826,473,0.55,-0.74,1
,3511281,1,0.547609,0.7,0.23,0.29,1.062,449,-0.5,-0.62,1
,3512757,1,0.519836,0.85,0.28,0.28,1.202,238,-0.29,0.69,1
,3513885,0,16.182673,0.56,0.18,0.23,2.164,341,0.34,-0.95,3
,3520413,2,0.358501,0.36,0.19,0.18,1.962,358,5.69,63.11,1
,3522846,2,0.354362,0.46,0.16,0.23,1.44,305,-0.03,-1.14,1
,3522874,1,0.512605,0.78,0.25,0.3,1.29,304,-0.44,-0.56,1
,3526221,1,0.673264,0.56,0.19,0.22,0.971,305,-0.23,-0.84,1
,3530922,5,0.490521,0.4,0.13,0.14,2.285,289,1.13,0.52,2
,3531461,1,0.524615,0.91,0.28,0.27,2.482,240,-1.2,0.22,1
,3533124,2,0.34109,0.37,0.13,0.17,2.015,281,0.0,-1.24,1
,3533792,5,0.273394,0.62,0.22,0.27,1.04,276,0.78,-0.19,1
,3540363,5,0.35288,0.62,0.2,0.24,1.946,295,1.04,0.0,1
,3540655,1,0.587392,0.53,0.19,0.24,1.632,271,-0.3,-1.12,1
,3540890,1,0.631368,0.39,0.13,0.16,1.984,315,-0.21,-0.67,1
,3541085,1,0.527474,0.86,0.27,0.3,1.613,288,-0.72,-0.39,1
,3541889,2,0.3076,0.49,0.16,0.18,0.678,208,-0.34,-0.62,1
,3545171,1,0.654894,0.63,0.21,0.27,2.092,272,-0.33,-1.24,1
,3545983,5,0.347824,0.33,0.11,0.13,1.299,251,0.61,-0.63,1
,3549974,2,0.371174,0.49,0.17,0.22,1.686,229,-0.16,-1.31,1
,3551306,5,0.282186,0.73,0.25,0.28,0.653,261,0.95,0.84,1
,3553152,1,0.611914,0.6,0.2,0.27,1.445,228,-0.3,-1.08,1
,3558911,1,0.522553,0.83,0.26,0.25,1.547,272,-0.93,-0.18,1
,3562115,5,0.247707,0.41,0.14,0.17,1.979,207,0.39,-0.8,1
,3563952,1,0.61347,0.41,0.15,0.2,1.589,234,-0.36,-0.24,1
,3564769,1,0.470221,0.95,0.31,0.4,1.249,238,-0.15,-0.99,1
,3570588,5,0.302578,0.37,0.12,0.14,0.981,258,0.68,-0.33,1
,3574728,1,0.663903,0.81,0.26,0.31,1.251,278,-0.55,-0.57,1
,3577682,7,179.423599,0.49,0.16,0.18,1.745,277,0.2,-0.7,1
,3584675,1,0.509496,0.72,0.23,0.21,1.638,82,-1.07,0.32,1
,3585227,1,0.584437,0.85,0.27,0.27,2.394,73,-0.9,-0.23,2
,3589854,1,0.612887,0.53,0.16,0.19,2.268,468,-0.55,-0.31,1
,3591037,1,0.558637,0.67,0.22,0.27,1.753,449,-0.79,-0.03,1
,3592837,1,0.573818,0.54,0.18,0.19,1.869,106,-0.7,-0.31,1
,3593893,5,0.334278,0.33,0.11,0.14,1.189,455,0.36,-0.99,1
,3597831,0,-9.9,1.36,0.45,0.48,1.314,467,-0.61,1.02,1
,3600403,7,226.824203,1.71,0.54,0.57,2.956,247,0.74,-0.5,1
,3605112,1,0.579601,0.51,0.17,0.23,1.673,252,-0.16,-1.2,1
,3605747,1,0.631107,0.33,0.1,0.12,0.977,220,0.06,-0.62,1
,3605763,2,0.365518,0.94,0.34,0.27,1.219,248,2.37,7.46,1
,3606435,1,0.453839,0.95,0.32,0.43,2.066,239,-0.6,-0.99,1
,3610810,5,0.237793,0.46,0.15,0.17,1.02,219,0.24,-0.59,1
,3611303,5,0.291625,0.44,0.14,0.17,0.694,209,0.08,-0.72,1
,3619023,5,0.267016,0.75,0.25,0.28,1.172,180,0.8,0.1,1
,3620978,5,0.277183,0.93,0.3,0.32,0.643,187,0.78,0.11,1
,3621142,1,0.632476,0.83,0.27,0.33,2.7,159,-0.65,-0.74,1
,3621579,1,0.533399,0.89,0.31,0.39,1.704,173,-0.06,0.06,1
,3621961,1,0.500858,0.77,0.22,0.2,0.687,177,-0.3,0.75,1
,3622398,5,0.299019,0.64,0.22,0.28,2.123,177,0.77,-0.79,1
,3625305,5,0.331823,0.72,0.25,0.31,2.067,151,0.59,-1.05,1
,3629295,5,0.325788,0.36,0.12,0.15,1.854,143,0.66,-0.5,1
,3630417,1,0.62321,0.43,0.14,0.18,0.743,203,-0.1,-0.88,1
,3632428,1,0.710129,0.42,0.15,0.2,1.045,216,-0.18,-1.31,2
,3633471,5,0.27354,0.62,0.2,0.25,2.031,215,0.92,-0.29,1
,3635248,1,0.58413,0.74,0.23,0.27,1.783,188,-0.51,-0.72,1
,3636597,5,0.251071,0.7,0.24,0.22,2.038,86,1.55,1.89,1
,3638758,1,0.593593,0.75,0.23,0.29,1.385,139,-0.48,-0.74,1
,3639805,1,0.649128,0.37,0.12,0.15,1.835,339,-0.03,-1.08,1
,3639968,1,0.626815,0.44,0.15,0.16,0.86,403,0.81,4.97,1
,3642289,5,0.228358,0.46,0.16,0.21,0.886,95,0.31,-0.99,1
,3642730,1,0.604132,0.83,0.29,0.38,1.775,349,-0.47,-0.65,1
,3649421,1,0.571505,0.55,0.18,0.22,1.401,359,-0.47,-0.78,1
,3650526,6,0.042585,0.56,0.18,0.2,0.809,194,-0.2,0.26,1
,3652076,4,0.934271,1.01,0.34,0.12,2.649,292,3.33,11.02,1
,3660187,2,0.333428,0.45,0.16,0.19,0.536,321,0.11,-0.01,1
,3663073,1,0.553636,0.73,0.24,0.29,1.199,488,-0.29,-0.93,1
,3663284,2,0.296523,0.41,0.13,0.16,1.705,515,-0.2,-0.63,1
,3663882,2,0.341129,0.64,0.36,0.19,2.268,486,5.46,41.59,1
,3666049,1,0.528692,0.81,0.25,0.3,1.235,507,-0.45,-0.69,1
,3668485,1,0.596074,0.56,0.18,0.22,1.625,509,-0.37,-0.79,1
,3672628,1,0.612996,0.87,0.27,0.32,1.472,474,-0.67,-0.34,1
,3674294,5,0.281236,0.66,0.22,0.29,1.938,488,0.75,-0.79,1
,3675771,1,0.729136,0.52,0.17,0.21,1.163,514,-0.13,-0.87,1
,3677748,1,0.686526,0.64,0.2,0.23,0.873,317,0.0,-0.76,1
,3678432,2,0.335662,0.36,0.22,0.16,2.319,493,6.35,60.76,1
,3678737,1,0.652185,0.87,0.28,0.35,1.39,507,-0.24,-0.92,1
,3680768,7,286.763,1.79,0.66,0.94,3.495,113,0.79,-1.01,1
,3685402,2,0.34687,0.4,0.15,0.17,0.691,505,1.12,3.01,1
,3687991,5,0.339081,0.42,0.15,0.19,1.863,468,1.25,2.09,1
,3688536,1,0.562242,0.54,0.17,0.2,0.598,449,-0.09,-0.61,1
,3691007,1,0.581988,0.49,0.16,0.19,1.112,341,-0.34,-0.32,1
,3693914,5,0.310106,0.4,0.14,0.16,0.965,298,0.34,0.14,1
,3696853,2,0.339125,0.52,0.35,0.22,1.415,265,3.83,18.98,1
,3698797,1,0.512165,0.73,0.24,0.28,2.286,253,-1.19,0.51,1
,3715730,2,0.310145,0.41,0.19,0.2,2.468,237,1.51,5.94,1
,3719046,5,0.258355,0.29,0.32,0.12,1.288,243,7.73,63.55,1
,3722102,5,0.334652,0.43,0.15,0.21,1.313,268,0.5,-1.07,1
,3726649,1,0.688615,0.67,0.21,0.22,0.758,262,-0.62,0.5,1
,3729253,1,0.572178,0.83,0.25,0.28,1.145,296,-0.02,-0.08,1
,3729427,5,0.299277,0.48,0.24,0.21,1.605,225,4.27,32.53,1
,3731074,0,-9.9,1.59,0.51,0.5,1.319,78,0.97,0.14,3
,3734437,1,0.586073,0.42,0.19,0.15,0.747,271,5.3,59.1,1
,3743465,2,0.332279,0.37,0.13,0.17,1.87,170,-0.18,-1.14,1
,3745506,4,0.74271,0.65,0.2,0.12,0.649,281,2.36,5.68,3
,3745521,4,1.487062,0.4,0.14,0.09,2.062,277,2.75,9.09,1
,3746905,5,0.269208,0.54,0.18,0.21,2.339,272,0.77,-0.57,1
,3749370,1,0.613758,0.72,0.25,0.27,1.397,239,-0.29,1.05,1
,3751606,1,0.57074,0.79,0.25,0.21,1.104,261,0.21,2.91,1
,3752096,1,0.75788,0.61,0.2,0.23,2.451,246,0.62,1.58,1
,3753972,6,0.064807,0.32,0.1,0.13,0.674,247,-0.16,-0.51,1
,3762974,5,0.298634,0.42,0.14,0.16,0.591,193,0.35,0.32,1
,3766947,0,897.65564,2.24,0.66,0.73,3.253,249,0.39,-0.41,1
,3767702,2,0.294848,0.37,0.13,0.16,2.308,246,0.46,0.43,1
,3767967,1,0.695791,0.45,0.14,0.16,0.666,243,-0.01,-0.64,1
,3771707,1,0.529455,0.94,0.3,0.34,1.69,262,-0.64,-0.57,1
,3773911,5,0.25842,0.41,0.14,0.17,1.336,262,0.33,-0.91,1
,3786203,1,0.620156,0.62,0.2,0.23,0.766,536,0.36,0.26,1
,3787533,2,0.343658,0.44,0.15,0.19,1.519,507,0.0,-0.97,1
,3791103,0,0.441286,0.36,0.11,0.13,2.195,505,-0.61,-0.09,1
,3793026,1,0.508384,0.89,0.34,0.24,1.465,106,0.63,4.07,1
,3797767,1,0.613223,0.59,0.18,0.22,1.975,536,-0.67,-0.3,1
,3798134,2,0.416967,0.48,0.2,0.19,1.006,521,2.45,13.9,1
,3802689,5,0.226608,0.35,0.12,0.15,1.799,473,0.55,-0.99,1
,3808897,1,0.650714,0.22,0.2,0.09,1.34,525,10.78,139.05,1
,3809978,2,0.348195,0.65,0.22,0.24,0.727,463,0.36,0.54,1
,3815329,1,0.587691,0.76,0.24,0.25,0.836,299,0.04,-0.22,1
,3823587,1,0.543422,0.59,0.19,0.22,1.905,95,-0.78,-0.27,1
,3844867,6,0.054642,0.47,0.15,0.19,0.779,190,-0.48,-0.68,1
,3845748,1,0.488701,0.8,0.27,0.34,1.255,290,-0.43,-0.84,1
,3847643,1,0.617295,0.5,0.16,0.2,1.688,295,-0.31,-0.99,1
,3849347,4,4.353638,0.53,0.16,0.1,1.811,250,2.65,6.44,2
,3862210,2,0.380857,0.41,0.14,0.19,1.588,231,-0.36,-1.0,1
,3869127,5,0.255784,0.45,0.14,0.17,2.264,166,0.55,-0.78,1
,3879617,5,0.312087,0.67,0.23,0.28,2.127,277,0.68,-0.85,1
,3879717,5,0.684311,0.6,0.22,0.18,1.404,271,2.13,5.39,1
,3887251,0,19.12636,0.37,0.12,0.12,1.981,508,1.91,5.1,1
,3887254,5,0.273099,0.66,0.22,0.28,0.82,249,0.84,-0.39,1
,3891987,5,0.333962,0.41,0.18,0.15,0.63,413,4.06,27.93,1
,3898889,2,0.316772,0.5,0.17,0.22,0.958,442,0.09,-1.23,1
,3902565,1,0.619054,0.9,0.32,0.42,1.992,73,0.28,-0.92,1
,3905264,1,0.621103,1.03,0.32,0.22,0.75,241,1.76,5.43,2
,3915086,1,0.588962,0.67,0.21,0.25,1.54,198,-0.39,-0.69,1
,3916678,5,0.258791,0.63,0.2,0.24,1.453,181,0.78,-0.34,1
,3917944,5,0.412868,0.63,0.2,0.2,1.935,167,1.16,0.37,1
,3920198,5,0.286975,0.79,0.23,0.2,0.878,175,1.09,1.47,1
,3921700,5,0.279897,0.24,0.29,0.09,1.744,179,10.97,131.72,1
,3937413,1,0.714792,0.53,0.17,0.2,1.632,158,-0.71,-0.46,1
,3941776,1,0.532231,0.64,0.21,0.24,2.208,271,-1.15,0.41,1
,3941994,2,0.3373,0.48,0.15,0.17,0.496,294,0.48,0.25,2
,3942646,6,0.056895,0.35,0.12,0.14,1.967,332,-0.87,-0.41,1
,3943373,1,0.530345,0.79,0.27,0.34,1.786,266,-0.5,-1.02,1
,3945426,5,0.32571,0.32,0.11,0.13,1.385,350,0.28,-0.74,1
,3946968,1,0.492175,0.99,0.32,0.4,2.037,344,-0.62,-0.75,1
,3947070,0,284.616425,0.5,0.16,0.14,0.489,220,-1.04,1.84,1
,3955613,5,0.397356,0.5,0.17,0.23,2.274,315,0.5,-1.06,1
,3957691,0,0.373093,0.29,0.11,0.1,0.792,299,2.27,14.91,1
,3960704,1,0.645873,0.72,0.23,0.25,1.761,297,-0.52,-0.63,1
,3964412,5,0.332216,0.42,0.14,0.2,1.535,310,0.63,-0.92,1
,3965587,5,0.306798,0.57,0.19,0.24,2.566,490,0.59,-0.98,1
,3970956,1,0.60099,0.47,0.14,0.17,2.558,538,-0.59,-0.37,1
,3973779,1,0.531916,0.79,0.25,0.32,1.348,516,-0.67,-0.64,1
,3975651,1,0.475737,1.04,0.32,0.38,1.657,517,-0.81,-0.39,1
,3979865,5,0.261876,0.5,0.45,0.22,2.517,138,9.22,96.89,1
,3981681,1,0.520039,0.76,0.25,0.33,2.836,515,-0.69,-0.7,1
,3982249,5,0.269539,0.35,0.21,0.15,1.338,472,11.6,195.46,1
,3991291,5,0.849046,0.3,0.1,0.13,1.081,517,0.64,-0.21,1
,3992818,1,0.583476,0.68,0.22,0.28,1.42,505,-0.47,-0.7,1
,3994498,5,0.28285,0.53,0.17,0.22,1.505,268,0.65,-0.73,1
,3995865,1,0.621282,0.77,0.26,0.32,1.97,300,-0.3,-1.08,1
,4000406,1,0.579462,0.56,0.17,0.2,2.416,287,-0.6,-0.62,1
,4004131,1,0.626041,1.01,0.35,0.37,3.102,347,0.44,6.15,1
,4011206,0,-9.9,0.54,0.18,0.19,0.561,240,-0.34,0.79,1
,4012679,5,0.24292,0.83,0.28,0.31,1.602,257,0.99,0.2,1
,4015174,1,0.571558,0.74,0.23,0.28,1.864,256,-0.56,-0.59,1
,4016456,2,0.387037,0.39,0.13,0.18,1.023,250,-0.18,-0.97,1
,4017030,1,0.464977,0.59,0.2,0.28,1.915,341,0.01,-1.26,1
,4018935,0,0.464975,0.53,0.16,0.15,1.714,344,-0.75,2.23,1
,4019389,7,121.854607,1.13,0.4,0.5,2.747,315,0.29,-0.67,1
,4019844,1,0.492753,1.04,0.35,0.43,1.827,329,-0.72,-0.57,1
,4023650,1,0.487495,0.7,0.22,0.22,1.009,222,-0.58,0.24,1
,4026380,2,0.339952,0.46,0.16,0.22,1.909,229,-0.01,-1.37,1
,4027162,5,0.522333,0.33,0.1,0.12,1.336,216,0.67,-0.22,1
,4027414,1,0.572984,0.66,0.22,0.26,1.14,242,-0.52,-0.46,1
,4027652,5,0.316456,0.4,0.14,0.17,2.319,251,0.43,-0.53,1
,4029486,6,0.05049,0.48,0.17,0.2,0.744,204,-0.1,-0.37,1
,4032520,5,0.322405,0.52,0.16,0.2,2.542,182,0.74,-0.3,1
,4035425,1,0.656524,0.67,0.22,0.26,1.674,180,-0.28,-1.08,1
,4037691,1,0.647963,0.99,0.32,0.38,1.616,197,-0.65,-0.88,1
,4038510,2,0.352345,0.43,0.15,0.2,0.785,206,0.46,-0.68,1
,4039586,2,0.333451,0.41,0.14,0.18,1.112,249,0.12,-1.19,1
,4052762,1,0.722608,0.56,0.17,0.21,1.646,252,-0.11,-0.94,1
,4056588,4,2.074848,0.47,0.16,0.07,1.852,267,3.49,14.53,1
,4060156,1,0.511409,0.93,0.3,0.28,1.84,111,-0.11,1.98,1
,4063417,1,0.702384,0.66,0.22,0.23,2.881,121,-0.53,-0.9,2
,4064073,1,0.590709,0.53,0.17,0.2,2.155,131,-0.45,-0.93,1
,4065540,5,0.259619,0.68,0.24,0.29,1.591,286,0.75,0.25,1
,4068023,1,0.645507,0.42,0.14,0.17,2.399,272,-0.04,-1.17,1
,4070117,0,-9.9,0.85,0.28,0.31,2.171,76,-0.55,-0.37,1
,4071513,5,0.293813,0.36,0.13,0.18,1.627,272,0.8,-0.78,1
,4073015,1,0.593612,0.51,0.17,0.2,2.54,237,-0.31,-0.85,1
,4073552,1,0.523245,0.84,0.26,0.27,2.116,141,-0.88,0.28,1
,4074683,1,0.600337,0.87,0.27,0.29,1.113,105,-0.48,-0.66,1
,4075154,5,0.239959,0.6,0.21,0.23,1.082,93,0.66,0.13,1
,4077006,1,0.61128,0.49,0.15,0.18,1.197,123,-0.3,-1.02,1
,4080898,1,0.702501,0.7,0.22,0.27,1.672,217,-0.13,-1.03,1
,4094077,1,0.577031,0.83,0.25,0.26,1.039,110,-0.96,0.02,1
,4101289,2,0.379223,0.45,0.15,0.2,1.173,256,0.28,-1.24,1
,4104973,2,0.303403,0.41,0.14,0.2,1.847,234,-0.3,-1.24,1
,4106551,5,0.279755,0.33,0.1,0.13,1.511,266,0.78,-0.45,1
,4108970,5,0.218209,0.51,0.2,0.19,0.649,228,1.65,6.07,1
,4110858,1,0.479717,1.02,0.34,0.43,1.922,232,-0.45,-0.71,1
,4112202,5,0.370243,0.4,0.12,0.13,1.781,238,0.9,-0.19,1
,4114495,1,0.472474,0.77,0.26,0.34,2.773,265,-0.52,-1.0,2
,4115285,5,0.2341,0.41,0.13,0.17,1.898,332,0.63,-0.68,1
,4116853,2,0.399008,0.69,0.21,0.24,0.952,289,-0.05,-0.26,3
,4118255,1,0.626681,0.48,0.17,0.21,1.041,230,-0.27,-0.76,1
,4129542,1,0.591315,0.51,0.16,0.2,1.263,510,-0.45,-0.53,1
,4136438,1,0.517298,0.88,0.29,0.38,1.606,458,-0.53,-0.88,1
,4138379,4,0.473459,0.54,0.16,0.19,0.542,490,1.48,1.84,1
,4139829,1,0.584189,0.71,0.25,0.29,1.287,464,0.25,2.42,1
,4141002,1,0.566511,0.9,0.28,0.33,1.333,474,-0.51,-0.69,1
,4141758,5,0.271061,0.34,0.2,0.14,1.076,470,5.58,42.44,1
,4157389,2,0.352178,0.41,0.15,0.2,2.102,245,-0.04,-1.36,2
,4157672,0,460.40509,0.72,0.23,0.18,0.559,241,1.28,5.14,1
,4163254,4,1.082626,0.68,0.19,0.18,1.738,301,2.19,4.34,1
,4171129,1,0.601881,0.84,0.31,0.35,1.864,273,0.57,2.58,1
,4172772,5,0.425892,0.35,0.11,0.12,1.235,239,0.73,-0.21,1
,4173123,5,0.267069,0.52,0.17,0.21,0.77,251,0.51,-0.53,1
,4174192,2,0.295479,0.44,0.16,0.2,0.813,288,0.3,-0.16,1
,4175137,5,0.38542,0.43,0.13,0.11,1.671,194,1.31,1.15,1
,4182729,1,0.681461,0.43,0.14,0.17,1.632,299,-0.41,-0.72,1
,4183906,5,0.362846,0.37,0.12,0.13,0.511,279,0.97,0.65,1
,4187804,1,0.73648,0.63,0.21,0.28,1.811,262,-0.33,-1.19,1
,4188163,4,0.57713,0.54,0.17,0.13,2.133,273,2.06,3.48,1
,4192709,4,0.805017,0.87,0.26,0.21,1.089,225,2.08,3.72,1
,4195492,1,0.733532,0.44,0.14,0.18,2.034,238,-0.58,-0.78,2
,4208422,1,0.555062,0.76,0.25,0.26,0.975,188,-0.2,0.04,1
,4210518,1,0.598306,0.57,0.19,0.22,0.616,274,-0.19,0.12,1
,4219639,5,0.227651,0.5,0.18,0.19,0.716,269,1.78,10.85,1
,4221929,5,0.281763,0.36,0.12,0.17,1.61,372,0.39,-1.25,1
,4222611,1,0.744271,0.39,0.13,0.16,0.722,361,0.33,-0.79,1
,4223921,5,0.31544,0.47,0.14,0.15,2.116,307,1.2,0.76,2
,4224216,2,0.34439,0.36,0.13,0.18,2.092,374,0.0,-1.57,1
,4228011,1,0.59799,0.71,0.22,0.24,0.766,113,-0.52,-0.48,1
,4228794,1,0.605451,0.61,0.2,0.25,0.832,313,-0.03,-0.72,1
,4229429,5,0.261532,0.73,0.26,0.33,1.93,455,1.25,2.14,1
,4229566,1,0.596064,0.6,0.19,0.22,1.525,402,-0.13,-0.82,1
,4234952,1,0.566341,0.69,0.2,0.23,1.041,461,-0.42,-0.31,1
,4244373,1,0.644398,0.71,0.25,0.33,2.796,197,-0.49,-1.17,1
,4252841,1,0.476374,0.62,0.22,0.31,2.076,178,-0.23,-1.37,1
,4256365,1,0.482281,1.0,0.32,0.34,2.172,202,-1.04,-0.09,1
,4267513,5,0.430068,0.64,0.19,0.18,0.505,215,0.74,0.62,1
,4269957,2,0.27859,0.63,0.22,0.22,0.48,197,-0.33,1.09,1
,4271396,1,0.531005,0.58,0.19,0.22,2.5,173,-0.83,-0.12,1
,4274712,5,0.268128,0.5,0.16,0.17,0.567,161,0.76,-0.04,1
,4278157,1,0.609895,0.6,0.19,0.23,0.899,320,0.04,-0.79,1
,4281883,2,0.267769,0.44,0.15,0.19,1.405,179,-0.08,-0.9,2
,4282396,2,0.392235,0.53,0.17,0.21,1.882,311,-0.08,-1.05,1
,4290839,1,0.629168,0.52,0.16,0.19,1.007,290,0.15,-0.34,1
,4292213,1,0.50007,1.09,0.36,0.4,1.781,330,-0.73,-0.66,1
,4297735,6,0.067779,0.56,0.17,0.21,0.686,189,-0.43,-0.62,1
,4301063,4,0.899641,0.5,0.15,0.2,1.82,298,1.8,2.2,1
,4305964,1,0.506622,0.93,0.29,0.26,1.915,141,-0.82,-0.29,1
,4306725,5,0.311277,0.38,0.12,0.16,1.535,500,0.46,-1.0,1
,4309358,1,0.47681,0.85,0.26,0.31,2.276,491,-0.81,-0.13,1
,4310040,5,0.239624,0.65,0.21,0.3,2.004,479,0.7,-0.79,1
,4310768,1,0.4966,0.72,0.23,0.28,2.586,482,-1.06,0.35,1
,4315569,1,0.515979,0.92,0.3,0.4,1.489,498,-0.38,-1.01,1
,4319202,2,0.344976,0.38,0.13,0.17,0.766,525,0.26,-0.79,1
,4320377,1,0.652544,0.3,0.14,0.12,0.656,279,6.78,82.38,1
,4320492,2,0.361007,0.32,0.1,0.14,1.935,480,0.03,-1.2,1
,4320508,5,0.287236,0.5,0.17,0.22,0.769,546,0.64,-0.61,1
,4324406,0,0.450689,0.53,0.16,0.18,0.892,513,-0.25,-0.34,1
,4325364,1,0.58208,0.6,0.2,0.27,1.937,493,-0.3,-1.22,1
,4327168,2,0.330943,0.43,0.15,0.21,1.386,482,-0.04,-1.3,1
,4329433,2,0.32818,0.51,0.17,0.22,0.705,490,0.08,-0.95,3
,4329665,1,0.585845,0.73,0.21,0.21,0.942,448,-0.46,0.36,1
,4331112,2,0.329858,0.34,0.12,0.16,1.888,478,0.03,-1.46,1
,4333766,1,0.720855,0.72,0.22,0.26,0.902,295,0.11,-0.64,1
,4343459,1,0.572793,0.7,0.25,0.28,1.426,412,0.67,2.2,1
,4343535,5,2.358958,0.82,0.22,0.15,1.437,384,2.35,4.81,2
,4343791,5,0.399556,0.45,0.13,0.11,0.904,346,1.64,2.18,1
,4346704,2,0.329695,0.52,0.17,0.19,0.578,361,-0.36,1.07,1
,4346789,1,0.470303,0.43,0.15,0.21,0.922,335,0.17,-1.23,2
,4347489,2,0.29799,0.47,0.16,0.19,0.917,374,0.13,-0.11,1
,4349525,5,0.322056,0.41,0.14,0.19,2.236,345,0.34,-1.11,1
,4351390,4,0.953619,0.34,0.12,0.08,1.411,375,3.12,11.11,1
,4354685,1,0.630526,0.42,0.14,0.19,1.555,374,-0.41,-1.2,1
,4354765,5,0.284051,0.38,0.13,0.19,1.748,392,0.83,-0.81,1
,4354965,1,0.645211,0.68,0.22,0.28,1.451,376,-0.38,-1.02,1
,4355908,0,-9.9,0.47,0.16,0.22,1.361,386,0.1,-1.22,1
,4359545,1,0.514295,0.73,0.24,0.29,1.975,278,-0.73,-0.12,1
,4361485,1,0.556574,0.78,0.24,0.27,1.097,268,-0.5,-0.53,1
,4363105,1,0.479823,1.04,0.4,0.46,1.99,255,0.31,2.3,1
,4367103,2,0.326882,0.39,0.13,0.17,0.54,375,0.46,-0.15,1
,4367166,1,0.585747,0.63,0.2,0.24,0.875,382,0.02,-0.83,1
,4373941,0,-9.9,0.35,0.11,0.11,0.481,340,-0.29,1.33,1
,4379469,1,0.525894,0.86,0.27,0.32,1.285,341,-0.37,-0.95,1
,4381499,1,0.536208,0.68,0.21,0.2,1.969,225,-1.17,0.85,1
,4383859,1,0.548394,0.8,0.24,0.27,1.162,251,-0.39,-0.46,1
,4389853,1,0.567878,0.54,0.18,0.2,0.938,213,-0.37,-0.21,1
,4393288,1,0.588826,0.92,0.3,0.33,1.35,199,-0.16,0.24,1
,4398228,1,0.600255,0.55,0.18,0.21,1.208,193,0.04,-0.47,1
,4401049,2,0.352505,0.35,0.13,0.19,1.533,142,0.33,-1.44,1
,4404024,1,0.56551,0.71,0.21,0.22,1.124,169,-0.99,0.17,1
,4405300,2,0.344464,0.56,0.29,0.24,2.259,246,4.77,43.29,1
,4408405,5,0.329697,0.63,0.18,0.16,0.981,224,1.52,2.28,2
,4412848,2,0.356643,0.37,0.13,0.17,1.361,220,0.29,-1.23,2
,4413945,2,0.320085,0.5,0.17,0.22,0.964,226,0.22,-0.89,1
,4418095,1,0.526579,0.81,0.27,0.37,1.795,155,-0.04,-1.2,1
,4419432,4,1.589257,0.49,0.24,0.07,1.732,112,4.23,19.42,1
,4423832,4,1.239952,0.96,0.28,0.08,2.416,132,2.71,6.46,1
,4424279,5,0.322531,0.43,0.15,0.22,2.233,130,0.18,-1.39,1
,4425185,1,0.594607,0.94,0.29,0.34,1.051,185,0.11,-0.73,1
,4425201,1,0.647689,0.75,0.23,0.25,1.909,193,-1.06,0.2,1
,4428479,2,0.364365,0.39,0.13,0.13,0.539,246,1.05,3.99,1
,4428517,2,0.392572,0.39,0.14,0.2,1.915,229,-0.02,-1.57,2
,4431695,1,0.572909,0.89,0.41,0.19,1.836,186,4.97,34.93,2
,4435791,2,0.384393,0.47,0.14,0.16,0.686,251,0.23,-0.16,1
,4436368,5,0.316937,0.31,0.1,0.14,1.596,258,0.73,-0.68,2
,4440671,5,0.26975,0.81,0.26,0.23,0.539,116,1.43,2.06,1
,4444957,2,0.410732,0.42,0.14,0.18,1.815,151,-0.44,-1.13,1
,4445155,2,0.34224,0.43,0.17,0.2,1.126,152,0.81,1.85,1
,4449849,5,0.280558,0.55,0.18,0.19,1.475,142,0.9,-0.23,1
,4450046,1,0.548466,0.7,0.23,0.28,2.239,165,-0.21,-0.76,1
,4451210,5,0.281329,0.52,0.17,0.22,1.874,246,0.63,-0.84,1
,4459872,5,0.298812,0.59,0.19,0.21,1.053,102,0.9,-0.08,1
,4478943,5,0.284365,0.51,0.16,0.19,0.964,171,0.89,0.01,1
,4481053,1,0.483435,1.09,0.37,0.44,1.463,186,-0.31,-0.15,1
,4483834,2,0.641284,0.45,0.16,0.21,1.042,88,0.11,-1.44,2
,4487159,1,0.58406,0.7,0.22,0.22,1.996,96,-1.09,0.08,1
,4493533,1,0.564294,0.68,0.21,0.2,2.246,107,-0.89,0.0,1
,4495086,1,0.539959,0.78,0.28,0.32,2.038,241,-0.85,0.54,1
,4496463,1,0.622403,0.35,0.11,0.15,1.305,229,0.04,-1.02,1
,4501885,1,0.635404,0.49,0.17,0.15,0.663,208,2.01,12.23,1
,4509428,1,0.604038,0.55,0.18,0.21,1.28,201,-0.41,0.51,1
,4509495,5,0.379835,0.51,0.18,0.24,1.325,248,0.5,-1.12,1
,4512465,1,0.533047,0.71,0.24,0.28,1.738,233,-0.98,0.33,1
,4513705,2,0.333215,0.44,0.14,0.19,1.126,262,-0.39,-1.04,1
,4516764,5,0.235181,0.37,0.12,0.16,0.971,262,0.25,-1.15,1
,4520277,2,0.26467,0.37,0.11,0.12,1.218,513,-0.31,0.01,2
,4520420,1,0.542113,0.89,0.29,0.35,1.541,566,-0.62,-0.75,1
,4523704,2,0.315002,0.47,0.16,0.2,0.754,561,0.19,-0.49,1
,4527825,1,0.490865,0.7,0.25,0.31,2.587,155,-0.9,-0.33,1
,4531882,5,0.377085,0.36,0.11,0.14,0.817,529,-0.07,0.33,1
,4536644,1,0.737993,0.56,0.28,0.21,2.202,425,5.66,56.55,1
,4539263,5,0.297374,0.33,0.11,0.13,1.082,504,0.22,-0.62,1
,4539471,1,0.589395,0.68,0.21,0.27,1.723,481,-0.58,-0.63,1
,4541566,0,0.809243,0.19,0.11,0.08,1.078,502,6.88,76.2,2
,4542638,1,0.606394,0.55,0.17,0.2,2.804,264,-0.51,-0.41,1
,4544582,1,0.581305,0.62,0.19,0.25,2.632,417,-0.83,-0.42,1
,4544767,2,0.330678,0.52,0.17,0.19,0.927,438,0.55,2.85,2
,4545362,1,0.52132,0.91,0.29,0.33,1.542,483,-0.42,0.39,1
,4546177,1,0.536337,0.78,0.25,0.31,2.084,255,-0.73,-0.44,1
,4547090,1,0.612285,0.82,0.26,0.35,2.343,511,-0.55,-0.96,1
,4551971,1,0.53235,0.84,0.26,0.26,1.738,291,-0.69,0.07,1
,4558251,0,-9.9,0.66,0.24,0.33,2.121,78,-0.24,-1.4,1
,4561381,5,0.224954,0.53,0.18,0.22,1.411,195,0.47,-1.1,1
,4564726,5,0.329372,0.54,0.2,0.28,2.002,30,0.1,-1.5,3
,4573801,5,0.253696,0.7,0.23,0.28,1.015,617,0.97,-0.03,1
,4583938,2,0.339111,0.38,0.13,0.17,0.747,632,0.14,-1.12,1
,4586691,1,0.621456,0.43,0.14,0.18,1.617,582,-0.34,-0.76,1
,4587625,5,0.272208,0.66,0.21,0.23,2.58,461,0.92,-0.23,1
,4588605,2,0.424709,0.37,0.13,0.17,1.82,593,0.57,-1.05,1
,4589162,6,0.065432,0.41,0.13,0.15,0.989,406,-0.32,-0.53,1
,4591998,5,0.285747,0.76,0.25,0.3,1.448,497,0.95,-0.14,1
,4594482,2,0.297708,0.43,0.14,0.18,1.051,440,-0.16,-1.01,1
,4595090,5,0.270969,0.56,0.19,0.24,1.764,576,0.76,-0.7,1
,4598268,1,0.58907,0.57,0.18,0.24,1.492,656,-0.24,-0.95,1
,4598709,1,0.534947,0.76,0.24,0.3,1.835,1150,-0.42,0.97,1
,4600029,5,0.263816,0.46,0.15,0.2,1.163,621,0.78,-0.57,1
,4600514,5,0.29929,0.51,0.17,0.21,0.826,624,0.54,-0.4,1
,4600749,1,0.513404,0.9,0.28,0.34,2.067,576,-0.73,-0.58,1
,4601692,5,0.267741,0.66,0.22,0.31,1.689,588,0.67,-0.75,1
,4602472,5,0.252465,0.44,0.14,0.19,1.929,629,0.63,-0.87,1
,4620408,1,0.803867,0.39,0.12,0.16,1.218,582,-0.41,-0.8,2
,4628138,4,1.608767,0.39,0.12,0.13,0.887,572,1.22,2.47,2
,4630301,2,0.364953,0.37,0.13,0.17,1.595,628,0.23,-1.39,1
,4632819,5,0.22865,0.44,0.15,0.19,0.779,611,0.48,-0.28,1
,4635162,5,0.275406,0.5,0.16,0.21,1.466,627,0.91,-0.33,1
,4635950,5,0.328894,0.66,0.22,0.29,1.162,676,0.67,-0.73,1
,4636407,5,0.348721,0.53,0.17,0.22,1.307,603,0.77,-0.42,1
,4637684,5,0.27104,0.77,0.25,0.31,1.611,633,0.86,-0.15,1
,4639532,4,1.973554,0.33,0.11,0.15,1.978,616,2.8,7.78,1
,4645153,2,0.328707,0.45,0.15,0.19,2.637,610,-0.01,-0.85,2
,4652941,5,0.399538,0.38,0.14,0.18,2.363,603,0.4,-1.27,1
,4661059,5,0.334672,0.3,0.11,0.13,2.23,446,0.44,-0.37,1
,4664602,2,0.344407,0.43,0.14,0.16,1.096,566,1.22,7.06,2
,4670587,2,0.357695,0.51,0.15,0.19,1.964,555,-0.75,-0.24,1
,4672469,1,0.550168,0.75,0.23,0.29,1.705,796,-0.53,-0.3,1
,4673486,2,0.331307,0.4,0.15,0.19,1.421,593,-0.07,-1.49,1
,4678343,5,0.387642,0.38,0.12,0.16,1.831,405,0.77,-0.57,1
,4685468,5,0.259828,0.57,0.19,0.24,1.076,438,0.57,-0.75,1
,4686368,5,0.361689,0.57,0.19,0.16,2.007,36,0.59,-0.61,2
,4689389,5,0.311041,0.37,0.12,0.15,1.285,366,0.22,-0.91,1
,4693885,5,0.240362,0.51,0.16,0.21,0.651,428,0.51,-0.54,1
,4700766,5,0.311303,0.53,0.17,0.21,1.243,535,0.69,-0.11,1
,4704692,5,0.52654,0.35,0.13,0.1,1.436,163,2.01,4.89,1
,4705315,5,0.307978,0.33,0.11,0.13,0.754,242,0.44,-0.26,1
,4712274,2,0.390884,0.47,0.16,0.18,0.977,329,1.07,2.34,3
,4712478,5,0.274022,0.65,0.21,0.25,2.548,323,0.87,-0.36,1
,4712625,5,0.275094,0.73,0.24,0.31,1.137,342,0.74,-0.49,1
,4731249,5,0.23866,0.38,0.13,0.12,0.518,358,1.19,4.13,1
,4733799,5,0.266425,0.31,0.1,0.13,0.893,320,0.18,-0.7,1
,4750024,5,0.29477,0.8,0.26,0.29,1.539,308,1.17,0.79,1
,4760335,5,0.297035,0.52,0.18,0.26,1.654,334,0.52,-1.16,1
,4775413,5,0.23151,0.71,0.25,0.28,1.589,108,1.07,0.78,1
,4775916,5,0.252012,0.62,0.2,0.21,1.166,207,0.98,0.02,1
,4778367,1,0.578926,0.69,0.21,0.22,1.502,285,-0.62,-0.48,1
,4787449,5,0.248299,0.63,0.22,0.25,0.659,179,0.47,-0.43,1
,4787512,2,0.309187,0.43,0.15,0.21,2.195,310,0.12,-1.48,1
,4791558,7,105.596596,0.45,0.14,0.17,1.924,258,-0.01,-0.72,3
,4791589,5,0.232261,0.36,0.11,0.14,1.009,272,0.6,-0.36,1
,4797842,5,0.293568,0.62,0.2,0.25,1.291,270,0.9,-0.14,1
,4797994,5,0.284677,0.48,0.16,0.22,1.441,227,0.58,-1.07,1
,4801721,5,0.253018,0.33,0.1,0.11,0.603,278,0.41,0.28,1
,4803693,5,0.272141,0.68,0.22,0.26,1.955,256,1.06,-0.03,1
,4804945,1,0.556189,0.74,0.24,0.27,1.68,279,-0.83,-0.05,1
,4806531,2,0.270557,0.47,0.16,0.21,1.294,264,0.11,-0.71,1
,4806635,4,1.551544,0.39,0.11,0.1,1.956,280,2.51,5.83,2
,4807090,5,0.260344,0.35,0.12,0.15,1.408,278,0.64,-0.73,1
,4808718,5,0.400661,0.5,0.14,0.12,0.708,258,1.3,1.63,2
,4809909,2,0.342796,0.49,0.16,0.17,0.599,164,0.3,0.31,3
,4815083,1,0.662967,0.54,0.17,0.21,1.162,274,0.09,-0.84,1
,4818779,0,-9.9,0.39,0.13,0.17,0.61,74,0.16,-1.14,1
,4824998,5,0.293878,0.32,0.11,0.12,0.795,195,0.83,1.28,1
,4826100,4,1.103245,0.85,0.26,0.14,2.124,177,2.45,5.46,2
,4827258,0,-9.9,0.77,0.25,0.22,0.973,253,-0.91,2.65,1
,4827660,1,0.53588,0.68,0.21,0.24,2.854,254,-0.81,-0.33,1
,4830870,1,0.51113,0.92,0.31,0.38,2.029,137,-0.47,-0.95,1
,4831762,5,0.401497,0.37,0.12,0.14,0.972,238,0.84,0.07,1
,4833192,5,0.313583,0.46,0.16,0.19,1.905,219,0.81,-0.59,1
,4835022,1,0.523809,0.9,0.29,0.33,2.19,234,-0.79,-0.45,1
,4837436,5,0.431416,0.47,0.15,0.14,0.888,224,1.15,0.76,1
,4837778,5,0.227275,0.23,0.12,0.08,0.633,218,5.56,45.86,1
,4838717,5,0.398942,0.36,0.12,0.15,2.033,237,0.69,-0.65,1
,4838790,5,0.234856,0.58,0.2,0.23,1.36,229,0.8,-0.69,1
,4841915,5,0.354414,0.43,0.15,0.2,1.256,148,0.79,-0.72,1
,4844668,5,0.291103,0.4,0.14,0.18,2.308,184,0.68,0.05,1
,4852402,1,0.537696,0.73,0.23,0.25,0.912,182,0.43,0.58,2
,4853981,5,0.359757,0.42,0.14,0.18,1.968,194,0.39,-1.05,1
,4856780,5,0.270755,0.67,0.22,0.29,2.209,172,0.19,-0.9,1
,4857249,0,-9.9,0.34,0.11,0.12,0.786,95,0.96,1.06,1
,4860319,6,0.061465,0.35,0.12,0.15,1.919,559,-0.17,1.0,1
,4865609,5,0.296592,0.33,0.11,0.16,2.186,562,0.15,-1.27,1
,4872901,5,0.300476,0.83,0.23,0.22,2.761,520,0.92,0.63,2
,4885717,5,0.512688,0.33,0.11,0.16,1.726,548,0.59,-0.91,1
,4888119,2,0.340257,0.65,0.2,0.2,1.239,46,-0.67,-0.54,1
,4893913,5,0.307126,0.31,0.11,0.14,1.363,597,0.35,-1.05,1
,4895826,1,0.571929,0.53,0.17,0.2,1.541,142,-0.19,-0.93,1
,4898213,5,0.283644,0.79,0.26,0.32,2.902,293,0.38,-1.05,1
,4908383,4,2.468255,0.45,0.16,0.13,0.668,653,3.23,20.1,2
,4908484,5,0.311146,0.42,0.14,0.18,1.482,644,0.57,-0.91,1
,4912051,1,0.571581,0.65,0.21,0.25,1.646,638,-0.85,0.22,1
,4912073,1,0.60045,0.79,0.25,0.3,3.042,567,-0.71,-0.49,1
,4912349,5,0.301321,0.36,0.12,0.16,2.293,589,0.37,-0.54,1
,4916255,5,0.295709,0.44,0.15,0.2,0.865,600,0.55,-0.64,1
,4919865,5,0.331317,0.52,0.19,0.19,1.007,601,1.5,5.84,1
,4934114,5,0.246438,0.64,0.22,0.29,1.002,269,0.74,-0.79,1
,4942802,5,0.25389,0.6,0.2,0.27,1.017,620,0.58,-0.83,1
,4943676,5,0.31822,0.33,0.11,0.14,2.077,565,0.52,0.84,1
,4946334,5,0.318768,0.51,0.18,0.22,0.833,570,1.2,2.11,1
,4949396,0,-9.9,0.39,0.13,0.14,0.601,221,-0.51,0.74,1
,4952200,5,0.312352,0.54,0.17,0.23,1.562,635,0.83,-0.36,1
,4954142,2,0.321363,0.36,0.12,0.16,1.294,524,0.04,-1.27,1
,4958189,5,0.304777,0.43,0.14,0.18,1.626,348,1.1,0.21,1
,4959086,5,0.347874,0.33,0.11,0.14,2.091,571,0.28,-0.77,1
,4965557,1,0.612835,0.47,0.15,0.2,0.945,479,-0.3,-1.0,1
,4971182,5,2.72468,0.66,0.23,0.11,1.521,571,3.58,12.35,2
,4977423,4,0.751373,0.59,0.18,0.28,1.835,611,2.12,3.49,1
,4978435,2,0.290071,0.52,0.17,0.2,0.679,601,0.45,0.17,1
,4981230,4,0.569194,0.44,0.13,0.13,1.935,608,3.55,22.91,2
,4993440,5,0.297195,0.68,0.23,0.29,2.198,583,0.73,-0.88,1
,4993776,5,0.281039,0.46,0.15,0.2,0.549,389,0.44,-0.66,1
,5011499,1,0.552727,0.79,0.25,0.28,1.763,352,-0.65,-0.36,1
,5013159,5,0.246542,0.76,0.25,0.33,1.762,375,0.75,-0.71,1
,5014465,5,0.3065,0.27,0.19,0.12,1.779,319,6.8,60.28,1
,5023483,2,0.325133,0.71,0.24,0.25,0.839,330,0.91,1.44,1
,5025418,4,0.29094,0.63,0.19,0.19,0.503,286,1.37,1.51,2
,5027964,2,0.281706,0.52,0.18,0.21,0.649,346,0.51,1.16,1
,5032915,5,0.393751,0.36,0.12,0.12,0.982,349,1.57,5.72,2
,5036648,4,1.19365,1.02,0.31,0.15,1.859,357,3.02,8.47,1
,5037095,4,1.633198,0.78,0.27,0.13,0.681,340,3.38,12.57,1
,5037484,1,0.622996,0.87,0.29,0.39,2.25,376,-0.32,-1.15,1
,5037547,1,0.649397,0.76,0.24,0.28,1.408,347,-0.28,-0.79,1
,5037593,5,0.434095,0.56,0.31,0.22,1.937,340,3.93,20.94,1
,5042578,5,0.325233,0.37,0.12,0.14,1.483,319,0.71,-0.34,1
,5050342,5,0.28432,0.54,0.17,0.24,1.721,358,0.91,-0.41,1
,5051151,4,1.113816,0.46,0.13,0.11,0.709,345,1.23,3.56,2
,5051584,5,0.234483,0.64,0.19,0.18,1.466,334,1.54,1.86,1
,5071049,5,0.292271,0.54,0.19,0.26,1.385,326,0.44,-1.26,1
,5083974,1,0.721761,0.61,0.18,0.21,1.903,227,-0.09,-0.9,1
,5084794,5,0.30779,0.32,0.11,0.13,0.881,227,0.57,-0.46,1
,5088156,1,0.469234,1.01,0.31,0.37,2.138,298,-0.82,-0.41,1
,5095213,0,-9.9,3.6,1.06,0.75,2.698,46,1.3,0.69,1
,5095929,2,0.280684,0.46,0.15,0.18,0.491,288,0.25,-0.2,1
,5099623,5,0.343084,0.46,0.2,0.2,1.191,294,3.73,33.53,1
,5099625,4,0.338002,0.38,0.11,0.11,1.159,304,1.56,2.1,2
,5106418,5,0.416507,0.27,0.13,0.11,1.184,280,5.76,63.86,2
,5115185,1,0.457451,0.98,0.33,0.35,1.424,244,-0.27,-0.21,1
,5116972,5,0.50067,0.59,0.18,0.2,2.54,285,0.89,-0.13,1
,5122878,1,0.553161,0.91,0.3,0.3,1.057,280,0.4,1.87,1
,5124452,4,0.835214,0.56,0.2,0.1,0.542,256,3.26,13.49,2
,5124778,4,0.996532,0.37,0.11,0.12,0.599,190,0.76,0.82,2
,5125006,1,0.501454,0.52,0.16,0.16,2.562,191,-1.11,0.26,1
,5127059,5,0.29167,0.43,0.15,0.21,1.954,169,0.62,-0.75,1
,5128984,5,0.32297,0.41,0.14,0.2,2.042,237,0.33,-0.92,1
,5131462,5,0.342383,0.52,0.16,0.18,0.499,276,0.4,-0.25,1
,5136667,5,0.262722,0.37,0.12,0.14,2.12,289,0.62,-0.74,1
,5144133,5,0.317711,0.62,0.21,0.28,1.488,240,0.61,-0.97,1
,5145669,5,0.345826,0.39,0.13,0.14,1.362,173,0.46,-0.55,1
,5148766,1,0.570207,0.72,0.22,0.25,1.76,253,-0.53,-0.62,1
,5161049,5,0.258465,0.61,0.19,0.2,0.505,155,0.84,0.16,1
,5163779,5,0.338543,0.46,0.16,0.19,2.09,205,0.7,-0.75,1
,5168038,2,0.316379,0.37,0.13,0.19,1.765,196,-0.38,-1.36,1
,5168861,1,0.597427,0.54,0.19,0.25,1.759,198,-0.3,-1.01,1
,5184349,5,0.430497,0.39,0.12,0.14,0.734,575,1.05,1.18,1
,5185192,1,0.564312,0.68,0.22,0.28,2.533,541,-0.44,-1.04,1
,5192334,5,0.394165,0.6,0.2,0.26,0.705,544,0.59,0.54,1
,5193640,4,1.730968,0.22,0.12,0.09,1.312,525,3.94,16.16,1
,5194801,5,0.434637,0.42,0.13,0.16,2.17,450,0.49,-0.42,1
,5195220,4,0.561333,0.27,0.1,0.12,2.042,520,2.09,5.34,1
,5197992,5,0.270885,0.16,0.12,0.06,0.925,340,7.16,62.69,2
,5202649,5,0.268676,0.41,0.13,0.17,0.804,518,0.74,-0.39,1
,5202971,5,0.378488,0.44,0.14,0.17,0.831,559,0.71,-0.07,1
,5207635,1,0.650434,0.61,0.19,0.22,1.755,713,-0.39,-0.63,1
,5217658,5,0.261821,0.62,0.21,0.26,1.454,225,0.64,-0.81,1
,5220419,5,0.337099,0.32,0.11,0.14,1.232,206,0.57,-0.94,1
,5221066,5,0.420481,0.31,0.1,0.14,2.306,530,0.16,-1.22,2
,5222353,2,0.339504,0.23,0.14,0.1,0.589,577,8.96,114.73,3
,5224341,5,0.366438,0.67,0.22,0.29,1.931,601,1.12,0.4,1
,5230123,2,0.339507,0.35,0.11,0.14,2.154,573,-0.01,-0.12,4
,5234822,0,-9.9,0.31,0.1,0.12,2.225,567,0.62,1.43,1
,5238090,4,1.052365,0.24,0.12,0.09,1.111,572,3.46,12.99,1
,5244248,1,0.53061,0.81,0.27,0.36,2.045,362,-0.53,-0.99,1
,5253415,1,0.622765,0.57,0.2,0.22,1.114,586,1.13,4.68,1
,5259059,4,0.858328,0.57,0.17,0.15,0.541,637,2.39,7.32,1
,5267038,2,0.277399,0.32,0.11,0.15,1.441,642,0.03,-1.28,1
,5270824,0,-9.9,1.71,0.53,0.61,3.541,594,-0.4,-0.53,1
,5272753,1,0.485827,0.97,0.3,0.38,2.05,601,-0.83,-0.5,1
,5278136,5,0.454246,0.44,0.13,0.15,0.935,568,0.54,-0.28,1
,5283387,5,0.269462,0.66,0.22,0.28,0.891,615,0.82,-0.19,1
,5291858,5,0.277153,0.67,0.22,0.29,1.514,598,0.94,-0.41,1
,5292538,5,0.309076,0.37,0.13,0.17,1.456,583,0.5,-0.95,1
,5294696,1,0.575157,0.62,0.2,0.26,1.009,629,-0.19,-0.71,1
,5302684,5,0.301292,0.58,0.2,0.28,1.828,592,0.7,-0.9,1
,5307666,4,0.651045,0.5,0.34,0.15,1.994,261,8.32,85.63,1
,5308085,4,0.49324,0.56,0.17,0.2,1.5,349,1.64,1.82,1
,5308380,1,0.609172,0.67,0.21,0.23,1.331,487,-0.52,-0.43,1
,5308437,1,0.462673,0.83,0.27,0.3,3.029,365,-1.05,0.2,1
,5313348,5,0.322142,0.35,0.12,0.15,0.615,591,0.24,-0.73,1
,5323578,5,0.474414,0.46,0.16,0.19,1.624,86,0.44,-1.06,2
,5327549,5,0.259315,0.71,0.24,0.28,1.391,365,0.88,-0.34,1
,5328934,1,0.549826,0.74,0.23,0.25,1.024,352,0.1,-0.38,1
,5348736,0,-9.9,0.76,0.26,0.34,2.313,31,-0.5,-1.06,1
,5350318,5,0.297304,0.46,0.15,0.18,1.068,380,0.63,-0.61,1
,5353858,1,0.616006,0.48,0.16,0.19,1.055,342,-0.02,-0.71,1
,5354706,5,0.239859,0.61,0.2,0.23,1.278,363,0.73,-0.28,1
,5364504,1,0.583805,0.75,0.25,0.31,1.154,335,-0.01,-1.11,1
,5366871,2,0.29562,0.42,0.14,0.19,2.148,337,0.0,-1.35,1
,5370012,5,0.296588,0.3,0.11,0.13,1.591,47,0.08,-1.19,2
,5374444,2,0.36187,0.45,0.15,0.19,1.115,329,0.22,-0.91,1
,5390545,1,0.508943,0.92,0.29,0.36,1.609,329,-0.8,-0.39,1
,5392375,4,0.813458,0.56,0.17,0.15,1.026,325,2.33,5.14,1
,5398724,5,0.26456,0.51,0.19,0.2,0.899,240,1.05,2.2,1
,5398864,1,0.554215,0.93,0.34,0.43,1.886,306,-0.18,-0.77,1
,5403552,0,-9.9,0.49,0.16,0.09,0.656,302,2.61,10.34,1
,5408382,2,0.329832,0.53,0.18,0.24,1.202,248,0.12,-0.73,1
,5409149,5,0.304129,0.69,0.22,0.24,0.633,307,0.85,0.49,1
,5409348,2,0.345083,0.37,0.25,0.16,1.037,317,5.99,46.29,1
,5413796,5,0.363105,0.39,0.13,0.17,1.809,274,0.54,-0.95,1
,5415049,5,0.367366,0.32,0.1,0.12,0.986,287,0.18,-0.66,1
,5415201,4,1.274013,0.37,0.12,0.12,1.338,328,2.26,5.59,1
,5416042,1,0.792181,0.46,0.15,0.17,1.093,310,-0.28,-0.47,2
,5421989,1,0.534508,0.86,0.28,0.34,0.983,288,-0.09,-0.68,1
,5423183,1,0.497259,0.82,0.29,0.37,2.58,157,-0.64,-0.89,1
,5424357,1,0.517284,0.84,0.26,0.3,1.285,240,-0.63,-0.21,1
,5427503,1,0.541552,0.34,0.11,0.13,1.594,297,0.0,-0.88,1
,5430370,5,0.398861,0.82,0.26,0.26,2.742,296,1.05,0.54,1
,5441129,2,0.285719,0.54,0.19,0.23,0.486,305,0.24,-0.17,1
,5444152,2,0.321158,0.51,0.25,0.23,1.475,204,3.03,17.9,1
,5447374,1,0.50705,0.88,0.28,0.29,1.338,172,-0.72,0.07,1
,5454943,5,0.601973,0.5,0.18,0.1,1.859,255,5.24,45.25,2
,5455500,5,0.257783,0.34,0.11,0.14,1.751,337,0.58,-0.63,1
,5458442,5,0.398048,0.42,0.14,0.16,0.478,141,0.45,-0.41,1
,5460635,1,0.602498,0.47,0.15,0.18,0.827,245,-0.25,-0.65,1
,5461623,4,1.249356,0.61,0.21,0.11,1.764,316,3.29,11.64,1
,5461950,5,0.278561,0.53,0.17,0.21,1.068,321,0.66,-0.51,1
,5463647,5,0.26642,0.5,0.16,0.19,0.889,243,0.88,-0.09,1
,5473273,5,0.260346,0.55,0.19,0.22,1.119,220,0.77,-0.35,1
,5479023,4,1.255928,0.45,0.13,0.1,1.628,202,2.7,6.75,1
,5482517,0,-9.9,0.96,0.34,0.25,2.18,195,-0.77,3.24,1
,5483674,1,0.47414,0.78,0.23,0.22,2.845,195,-0.61,0.34,1
,5491372,5,0.251748,0.85,0.26,0.27,0.772,188,0.53,0.01,1
,5498510,1,0.554595,0.62,0.19,0.25,1.665,225,-0.56,-0.75,1
,5505936,5,0.377769,0.48,0.17,0.22,2.036,51,0.19,-1.33,2
,5507324,5,0.274529,0.59,0.2,0.23,1.79,267,0.77,-0.64,1
,5512298,4,1.713003,0.52,0.16,0.18,1.013,504,2.91,8.85,1
,5514063,2,0.400346,0.46,0.15,0.2,0.922,270,-0.04,-0.93,1
,5518726,5,0.294658,0.47,0.16,0.21,1.903,489,0.56,-0.84,1
,5524072,5,0.294864,0.45,0.15,0.2,1.444,518,0.58,-0.87,1
,5524751,5,0.260564,0.74,0.25,0.28,0.769,435,1.1,1.19,1
,5526171,1,0.526196,0.76,0.23,0.26,2.692,499,-0.99,0.17,1
,5530643,1,0.490349,0.89,0.27,0.28,1.767,545,-0.69,-0.04,1
,5535277,6,0.066133,0.35,0.15,0.09,0.686,200,3.36,19.57,1
,5543919,5,0.186687,0.31,0.1,0.13,0.68,539,0.36,0.12,2
,5549773,2,0.374916,0.41,0.14,0.19,1.055,533,-0.06,-1.3,1
,5551760,2,0.270598,0.51,0.16,0.19,1.216,154,-0.17,-0.93,1
,5553496,1,0.560295,0.8,0.25,0.32,1.943,576,-0.44,-0.99,1
,5554814,1,0.580404,0.84,0.26,0.33,1.233,535,-0.48,-0.47,1
,5555088,5,0.322672,0.35,0.14,0.17,2.244,471,1.07,1.34,1
,5556154,5,0.295606,0.37,0.13,0.18,1.112,605,0.28,-1.24,1
,5564002,2,0.319597,0.43,0.15,0.19,0.855,543,0.19,-1.16,1
,5588339,6,0.057628,0.46,0.13,0.15,2.567,574,0.58,0.72,1
,5592156,5,0.339931,0.87,0.28,0.37,2.201,532,0.94,-0.31,1
,5592590,2,0.346945,0.36,0.13,0.17,1.572,603,0.1,-1.19,1
,5596566,5,0.296634,0.56,0.19,0.25,1.927,599,0.84,-0.58,1
,5597135,4,1.990108,0.31,0.12,0.09,0.585,597,3.59,14.68,2
,5598232,5,0.250481,0.39,0.24,0.16,0.674,649,4.96,33.0,1
,5601317,1,0.453286,0.44,0.14,0.18,0.851,605,-0.57,-0.34,1
,5607415,5,2.851551,1.26,0.37,0.23,2.662,590,2.23,3.35,2
,5622533,5,0.24972,0.61,0.21,0.28,1.923,594,0.63,-1.03,1
,5627751,5,0.289658,0.66,0.22,0.29,2.24,592,0.67,-0.87,1
,5633101,2,0.318397,0.4,0.13,0.18,0.732,599,0.12,-0.6,1
,5633348,1,0.619148,0.76,0.24,0.3,1.409,607,-0.5,-0.79,1
,5637742,1,0.50271,1.26,0.37,0.34,1.341,55,0.7,-0.17,2
,5642558,5,0.225709,0.67,0.22,0.28,1.831,557,1.14,0.15,1
,5643467,5,0.375461,0.46,0.16,0.19,2.357,544,1.03,2.27,1
,5645718,5,3.64507,0.57,0.16,0.12,0.945,562,2.59,6.43,2
,5646132,2,0.298055,0.41,0.15,0.21,2.239,401,-0.23,-1.5,2
,5648149,1,0.572267,0.76,0.24,0.29,1.164,557,-0.45,-0.74,1
,5649548,5,0.27766,0.74,0.24,0.31,1.979,560,0.79,-0.63,1
,5652736,2,0.362491,0.45,0.15,0.19,0.661,546,0.66,2.68,3
,5656083,1,0.592488,0.74,0.23,0.28,0.939,552,-0.17,-0.72,1
,5663644,5,0.29645,0.5,0.17,0.19,0.583,425,0.75,1.19,1
,5668560,0,-9.9,0.79,0.26,0.3,1.406,71,-0.06,-0.47,1
,5669410,2,0.293182,0.56,0.2,0.24,0.9,374,0.99,6.37,1
,5673844,5,0.262586,0.63,0.21,0.23,1.655,310,1.15,0.52,1
,5680190,5,0.262425,0.39,0.12,0.15,1.818,342,0.13,-0.88,1
,5680961,5,0.479225,0.54,0.16,0.16,2.464,300,1.16,0.33,1
,5681705,1,0.721157,0.41,0.13,0.15,1.088,366,-0.15,-0.43,1
,5686075,5,0.27847,0.4,0.14,0.19,2.062,162,0.5,-1.2,1
,5692103,1,0.583149,0.82,0.26,0.28,1.821,375,-0.9,0.37,1
,5695743,1,0.46912,0.96,0.38,0.58,2.242,47,-0.47,-1.51,1
,5699257,1,0.54096,0.88,0.28,0.28,1.675,227,-0.97,-0.1,1
,5701009,5,0.284801,0.89,0.3,0.42,0.913,70,0.48,-1.07,1
,5702258,5,0.476062,0.3,0.11,0.07,0.997,196,-1.61,13.53,2
,5723603,5,0.330488,0.61,0.19,0.24,1.472,329,0.6,-0.72,1
,5725211,5,0.298874,0.49,0.15,0.16,1.333,151,0.56,-0.53,1
,5727443,1,0.593624,0.68,0.22,0.28,0.953,313,-0.26,-0.94,1
,5744703,4,2.093802,0.38,0.11,0.08,1.147,329,2.09,4.86,2
,5749985,1,0.606282,0.48,0.16,0.19,0.87,340,-0.29,-0.76,1
,5751017,0,-9.9,0.4,0.11,0.12,2.196,321,1.28,2.18,1
,5751507,5,0.28117,0.67,0.22,0.26,1.197,343,1.2,1.87,1
,5755603,0,-9.9,0.3,0.1,0.13,0.59,104,0.12,-1.14,1
,5755799,5,0.283554,0.3,0.1,0.13,1.018,146,0.37,-1.0,1
,5756850,5,0.225035,0.31,0.11,0.13,1.341,311,0.57,-0.93,1
,5759655,5,0.243926,0.72,0.23,0.27,1.345,297,1.06,0.22,1
,5764052,5,0.465484,0.39,0.14,0.18,1.698,342,0.23,-1.27,1
,5768501,1,0.601864,0.72,0.23,0.29,1.823,317,-0.22,-1.03,1
,5773487,2,0.320104,0.35,0.12,0.15,0.681,262,0.14,-0.62,1
,5773563,5,0.25874,0.33,0.11,0.14,0.894,249,0.23,-0.88,1
,5783198,5,0.264434,0.5,0.17,0.24,1.437,262,0.43,-0.99,1
,5785619,1,0.473238,0.94,0.29,0.35,2.393,217,-0.67,-0.62,1
,5788033,2,0.271174,0.31,0.1,0.13,0.485,259,-0.06,-0.73,1
,5790128,1,0.547274,0.93,0.29,0.34,1.3,291,-0.24,-0.78,1
,5791005,1,0.583048,0.62,0.2,0.24,1.728,202,-0.7,-0.44,1
,5791973,5,0.26277,0.62,0.2,0.25,1.467,289,0.79,-0.5,1
,5797095,1,0.549073,0.67,0.22,0.25,2.251,299,-0.88,-0.15,1
,5800693,5,0.311461,0.52,0.16,0.16,2.228,177,1.18,1.58,1
,5806281,5,0.265259,0.64,0.21,0.28,1.183,296,0.59,-0.62,1
,5808634,2,0.364968,0.38,0.13,0.16,1.171,269,0.46,-0.76,1
,5809276,1,0.552603,0.78,0.24,0.29,1.173,255,-0.34,-0.81,1
,5815754,5,0.409612,0.42,0.15,0.17,2.402,269,0.58,0.01,1
,5822541,5,0.273981,0.63,0.21,0.2,0.61,206,1.01,0.6,1
,5823206,5,0.410225,0.31,0.11,0.13,2.16,152,-0.16,-0.23,1
,5825200,5,0.385361,0.41,0.13,0.16,0.762,291,1.12,0.52,2
,5830262,4,0.663272,0.48,0.15,0.17,1.569,197,2.12,3.37,2
,5835578,1,0.691479,0.34,0.11,0.14,1.897,154,-0.24,-1.22,2
,5837620,1,0.625692,0.63,0.19,0.18,0.711,226,0.69,0.67,1
,5838306,5,0.251832,0.46,0.15,0.15,1.185,190,0.62,0.09,1
,5839006,1,0.612864,0.46,0.24,0.2,1.047,256,6.47,73.1,1
,5840211,5,0.284386,0.95,0.33,0.32,1.318,204,1.64,2.91,1
,5844704,1,0.530363,1.06,0.32,0.33,1.479,197,-0.27,-0.12,1
,5848820,1,0.539234,1.0,0.32,0.39,1.218,203,-0.13,-0.98,1
,5849322,5,0.373691,0.35,0.12,0.14,1.339,334,0.46,-0.89,1
,5851959,1,0.572978,0.58,0.19,0.21,1.728,186,-0.49,-0.57,1
,5854030,1,0.505099,0.86,0.27,0.3,2.939,110,-0.69,-0.25,1
,5856462,5,0.263998,0.35,0.11,0.13,0.852,202,0.64,-0.42,1
,5859332,1,0.612043,0.78,0.24,0.25,1.544,206,-0.64,0.2,1
,5861265,0,-9.9,0.31,0.1,0.12,1.919,177,0.57,0.54,1
,5862171,5,0.278119,0.38,0.13,0.17,0.82,218,0.16,-1.11,1
,5875211,5,0.644036,0.44,0.14,0.17,2.435,288,0.67,-0.57,1
,5876590,1,0.706924,0.51,0.17,0.21,0.81,477,-0.12,-0.5,1
,5879190,5,1.077242,0.36,0.12,0.16,1.464,300,0.48,-0.89,1
,5887670,1,0.48809,0.99,0.31,0.37,1.464,555,-0.53,-0.48,1
,5892467,5,0.398798,0.36,0.11,0.13,0.843,537,0.58,0.83,1
,5893635,5,0.283858,0.28,0.2,0.13,1.389,572,4.85,29.53,1
,5895287,1,0.53917,0.73,0.23,0.28,1.81,522,-0.74,-0.3,1
,5896424,1,0.64719,0.44,0.14,0.18,1.054,537,-0.33,-0.78,1
,5898616,4,0.481625,0.28,0.16,0.1,0.544,544,7.5,75.69,2
,5901279,5,0.417286,0.36,0.12,0.17,1.849,209,0.27,-1.33,1
,5904405,1,0.604934,0.63,0.2,0.25,1.027,237,-0.14,-0.75,1
,5905370,1,0.598621,1.01,0.3,0.35,1.636,217,-0.37,-0.77,1
,5908320,2,0.324907,0.5,0.16,0.2,0.651,224,0.37,-0.34,1
,5908537,5,0.240716,0.38,0.12,0.15,1.308,197,0.71,-0.62,1
,5908710,5,0.409231,0.5,0.16,0.19,0.985,224,0.41,-0.94,1
,5910099,4,1.284686,0.49,0.17,0.11,1.898,236,2.62,6.66,1
,5920197,5,0.260699,0.48,0.15,0.16,0.632,155,0.69,0.17,1
,5921648,1,0.603978,0.57,0.18,0.21,1.936,169,-0.52,-0.85,1
,5922082,5,0.359477,0.53,0.19,0.26,1.523,184,0.32,-1.25,1
,5922266,5,0.352066,0.55,0.19,0.26,2.189,171,0.61,-1.07,1
,5925875,5,0.326745,0.46,0.15,0.21,2.328,538,0.65,-0.82,1
,5927155,5,0.1392,0.35,0.11,0.12,1.454,512,0.83,0.26,1
,5927389,4,1.744668,0.27,0.1,0.09,0.832,526,3.43,14.06,1
,5931160,1,0.664704,0.34,0.11,0.14,1.474,587,-0.09,-1.21,1
,5934143,5,0.272114,0.35,0.11,0.15,2.31,509,0.06,-0.91,1
,5942585,5,0.307873,0.37,0.12,0.15,2.342,559,0.74,-0.67,1
,5949224,1,0.535231,0.73,0.24,0.31,1.631,571,-0.58,-0.47,1
,5958957,5,0.256357,0.46,0.15,0.21,1.413,613,0.74,-0.52,1
,5965880,5,0.294362,0.57,0.19,0.26,1.613,491,0.72,-0.73,1
,5966299,4,2.050272,0.36,0.13,0.12,1.118,548,3.68,14.7,1
,5969557,2,0.301441,0.45,0.16,0.2,0.784,398,0.05,-1.16,2
,5974119,2,0.366063,0.45,0.15,0.19,0.771,604,0.0,-0.95,1
,5977769,1,0.55596,0.82,0.25,0.29,1.349,359,-0.38,-0.58,1
,5978478,1,0.476749,1.01,0.32,0.4,2.036,619,-0.76,-0.61,1
,5979243,5,0.287675,0.68,0.22,0.28,1.424,560,0.76,-0.5,1
,5984205,5,0.175442,0.97,0.29,0.26,1.873,94,1.22,1.34,2
,5990278,5,0.254996,0.71,0.23,0.31,0.955,649,0.64,-0.85,1
,5994418,5,0.282049,0.4,0.13,0.18,1.547,587,0.49,-0.98,1
,6005191,5,0.258896,0.62,0.2,0.22,0.599,405,0.95,0.57,1
,6009761,5,0.302116,0.35,0.11,0.12,0.814,602,1.6,4.12,1
,6010686,4,0.700242,0.36,0.1,0.14,0.637,607,1.53,1.89,1
,6018480,5,0.321579,0.61,0.2,0.26,2.645,412,0.7,-0.75,1
,6018678,1,0.476162,0.91,0.31,0.4,1.727,597,-0.54,-0.94,1
,6022777,1,0.495743,0.9,0.28,0.33,2.231,572,-1.01,0.07,1
,6023067,5,1.332775,0.91,0.26,0.2,1.198,500,2.16,3.76,2
,6027467,1,0.647895,0.37,0.12,0.16,1.583,575,-0.29,-0.66,1
,6034357,5,0.306972,0.64,0.2,0.27,0.75,559,0.62,-0.62,1
,6038238,5,0.265655,0.32,0.1,0.13,1.056,349,0.54,-0.75,1
,6046177,5,0.246105,0.53,0.17,0.22,1.168,355,0.81,-0.5,1
,6052784,2,0.381377,0.2,0.14,0.08,1.066,365,9.43,117.99,2
,6059165,2,0.314684,0.51,0.18,0.25,1.152,340,0.08,-1.21,1
,6059591,5,0.318846,0.32,0.13,0.13,1.973,61,1.28,1.38,2
,6066224,5,0.254296,0.76,0.28,0.24,0.965,329,1.88,6.9,1
,6077741,2,0.323789,0.43,0.15,0.21,1.716,229,-0.01,-1.44,1
,6086140,5,0.309623,0.29,0.12,0.12,1.715,281,1.72,5.46,1
,6095048,5,0.266011,0.52,0.17,0.22,1.771,163,0.55,-0.77,1
,6095278,1,0.493217,1.01,0.31,0.31,2.213,305,-0.78,-0.09,1
,6101322,5,0.309174,0.34,0.1,0.1,0.804,250,1.13,1.16,1
,6102187,5,0.324026,0.48,0.15,0.18,2.205,295,0.81,-0.4,1
,6102373,1,0.587301,0.59,0.18,0.2,0.719,189,0.18,-0.36,1
,6105612,5,0.300996,0.43,0.14,0.18,2.104,328,0.74,-0.66,1
,6127071,0,178.043594,0.59,0.2,0.18,0.549,278,2.19,15.35,1
,6127356,1,0.520628,0.75,0.24,0.3,2.154,329,-0.71,-0.51,1
,6141895,4,1.07524,0.79,0.25,0.3,2.46,261,1.53,0.85,2
,6143611,2,0.356387,0.45,0.13,0.16,2.475,217,-0.27,-0.45,1
,6147366,4,0.462898,0.37,0.11,0.12,1.857,279,1.34,1.09,1
,6153728,2,0.278053,0.36,0.12,0.15,1.146,259,0.01,-0.98,2
,6158163,5,0.316062,0.64,0.22,0.26,1.208,262,0.77,-0.14,1
,6159569,2,0.340561,0.37,0.13,0.17,1.713,280,0.05,-1.35,1
,6159948,1,0.585523,0.76,0.25,0.29,2.813,244,-0.83,-0.34,2
,6160611,4,0.38197,0.3,0.12,0.1,1.55,251,2.77,8.49,2
,6161587,0,-9.9,0.71,0.24,0.23,0.515,168,-0.12,1.94,1
,6163108,5,5.559174,0.64,0.22,0.31,2.543,227,0.47,-1.23,2
,6169362,4,1.260374,0.78,0.24,0.15,2.551,227,2.08,3.44,2
,6170387,0,-9.9,0.56,0.17,0.19,1.011,231,-0.01,-0.6,1
,6178367,5,0.268291,0.56,0.21,0.2,0.612,253,1.08,2.09,1
,6182790,2,0.458637,0.66,0.2,0.22,1.413,266,-0.36,-0.43,3
,6184078,5,0.239697,0.55,0.18,0.23,1.135,296,0.73,-0.6,1
,6185424,5,0.355751,0.32,0.1,0.12,0.648,288,0.19,-0.79,1
,6185920,5,0.394788,0.52,0.17,0.21,0.958,61,0.04,-1.04,3
,6187529,5,0.335489,0.49,0.15,0.18,1.105,282,0.52,0.06,1
,6196048,1,0.576932,0.71,0.23,0.2,2.942,256,-1.04,0.67,1
,6196864,5,0.434501,0.4,0.13,0.16,1.988,273,0.3,-0.93,1
,6202771,4,0.554412,0.34,0.1,0.09,1.627,245,1.75,2.83,2
,6204236,4,0.846545,0.49,0.18,0.09,1.776,304,3.48,12.99,2
,6217287,5,0.530067,0.43,0.12,0.09,2.078,222,1.66,2.26,1
,6225979,1,0.597895,0.62,0.2,0.23,1.029,185,-0.22,-0.77,1
,6226117,5,0.23866,0.68,0.23,0.25,1.045,188,0.77,-0.55,1
,6231902,1,0.601952,0.47,0.15,0.19,2.028,217,-0.22,-1.1,1
,6235138,1,0.607108,0.6,0.18,0.14,2.436,46,-0.86,-0.26,2
,6243686,5,0.242433,0.59,0.2,0.24,2.009,226,0.66,-0.72,1
,6244025,5,0.244601,0.35,0.11,0.14,1.407,195,0.4,-0.95,1
,6244503,5,0.452321,0.31,0.1,0.13,1.95,235,0.13,-0.52,1
,6246025,1,0.518939,0.68,0.22,0.26,1.868,225,-0.61,-0.52,1
,6248770,1,0.486013,0.9,0.3,0.35,2.198,516,-0.39,0.69,1
,6252703,2,0.370673,0.42,0.14,0.19,1.1,472,-0.09,-1.16,1
,6257591,1,0.532915,0.72,0.23,0.28,2.782,482,-0.87,-0.16,1
,6258114,5,0.35178,0.36,0.12,0.15,2.01,478,0.86,-0.2,1
,6266717,1,0.591497,0.61,0.2,0.26,2.1,541,-0.26,-1.19,1
,6269257,5,0.453901,0.36,0.11,0.13,2.26,525,0.94,0.67,2
,6270279,1,0.472312,1.19,0.38,0.29,2.235,233,1.36,6.35,1
,6271556,5,0.321348,0.47,0.17,0.22,1.743,552,0.72,0.2,1
,6271970,5,0.240462,0.52,0.17,0.21,0.822,463,0.71,-0.26,1
,6276308,1,0.5228,0.96,0.31,0.4,1.894,512,-0.69,-0.72,1
,6277201,1,0.653546,0.36,0.12,0.15,0.782,530,-0.07,-0.82,1
,6279070,5,0.262989,0.71,0.24,0.23,0.61,205,0.91,1.62,3
,6281146,5,3.369586,0.49,0.14,0.13,1.199,509,1.7,2.82,2
,6281881,4,0.613931,0.6,0.22,0.26,2.459,118,0.95,-0.37,1
,6282624,5,0.387936,0.39,0.13,0.14,0.48,230,0.28,-0.29,1
,6282701,5,0.302479,0.73,0.24,0.29,1.227,228,0.81,-0.55,1
,6284132,1,0.658707,0.69,0.23,0.29,1.372,213,-0.66,-0.75,1
,6288130,5,0.257555,0.59,0.18,0.19,0.5,223,0.79,-0.2,1
,6290048,2,0.293791,0.5,0.17,0.23,0.751,228,0.07,-0.98,1
,6290507,1,0.557552,0.77,0.25,0.25,1.804,214,-1.12,0.92,1
,6290968,1,0.613436,0.52,0.17,0.21,1.526,213,-0.34,-1.0,1
,6296545,1,0.637063,0.35,0.12,0.15,1.028,262,0.11,-1.11,1
,6299726,1,0.611685,0.73,0.25,0.31,1.598,206,-0.28,-0.79,1
,6311319,1,0.612472,0.87,0.26,0.26,1.7,178,-0.55,-0.51,1
,6312334,5,0.290267,0.63,0.22,0.29,2.059,219,0.66,-0.97,1
,6312625,5,0.608863,0.39,0.12,0.13,1.626,209,1.0,0.03,1
,6333023,5,0.344578,0.49,0.17,0.22,2.649,521,0.46,-0.77,1
,6341389,5,0.251644,0.45,0.14,0.18,0.832,592,0.43,-0.21,1
,6342127,5,0.311017,0.42,0.13,0.17,1.827,591,0.49,-0.81,1
,6344529,4,0.53655,0.38,0.11,0.15,0.901,543,1.27,0.88,1
,6346477,2,0.300808,0.45,0.16,0.2,1.931,603,-0.06,-1.5,1
,6348779,5,0.257718,0.46,0.14,0.18,1.026,550,0.65,-0.28,1
,6350672,5,0.274308,0.58,0.2,0.27,2.689,528,0.28,-1.27,1
,6355447,5,0.252804,0.7,0.23,0.29,1.921,472,0.91,-0.46,1
,6357779,5,0.271737,0.66,0.21,0.28,2.288,574,0.79,-0.62,1
,6357908,5,0.347695,0.52,0.17,0.23,2.376,578,0.57,-0.92,1
,6358688,5,0.243286,0.69,0.22,0.25,2.573,480,1.18,0.6,1
,6370739,5,0.384529,0.49,0.15,0.17,2.436,631,0.79,0.01,1
,6375464,1,0.684104,0.54,0.18,0.24,1.697,539,-0.23,-1.06,1
,6387245,7,257.003296,1.44,0.49,0.57,3.858,558,-0.19,-0.68,1
,6389240,5,0.292717,0.36,0.12,0.16,1.252,473,0.34,-1.01,1
,6389320,5,0.313051,0.41,0.14,0.18,1.703,602,0.51,-0.9,1
,6398114,5,0.250174,0.7,0.23,0.31,1.658,382,0.55,-0.95,1
,6399371,2,0.284602,0.45,0.16,0.21,1.315,562,0.09,-1.31,1
,6405008,5,0.29418,0.46,0.16,0.22,2.409,362,0.39,-1.1,1
,6429965,1,0.532696,0.86,0.27,0.32,2.445,346,-0.99,-0.12,1
,6440518,0,-9.9,0.45,0.16,0.22,0.715,36,-0.57,-1.0,1
,6445513,1,0.546551,0.91,0.29,0.33,2.454,303,-0.82,-0.5,1
,6446092,0,-9.9,0.57,0.18,0.2,2.666,354,0.88,0.69,1
,6448022,1,0.56232,1.01,0.32,0.37,1.509,345,-0.47,-0.74,1
,6449103,1,0.502241,0.79,0.27,0.37,2.732,295,-0.53,-0.96,1
,6456166,5,0.249544,0.36,0.12,0.16,1.586,271,0.67,-0.8,1
,6457808,1,0.65323,0.77,0.25,0.33,1.179,285,-0.14,-0.95,1
,6458963,5,0.255817,1.05,0.34,0.32,0.885,218,1.58,3.55,2
,6460125,1,0.521283,0.94,0.31,0.36,1.686,280,-0.58,-0.87,1
,6461827,5,0.279447,0.33,0.11,0.14,1.51,197,0.61,-0.9,1
,6466601,2,0.314617,0.53,0.18,0.18,0.661,269,-0.04,0.77,1
,6468124,5,0.234993,0.55,0.19,0.22,1.004,291,1.37,2.77,1
,6470328,1,0.600423,0.65,0.2,0.25,0.926,292,-0.31,-0.92,1
,6473589,0,-9.9,0.67,0.21,0.24,2.328,134,-0.76,-0.38,1
,6483431,2,0.342821,0.41,0.14,0.2,0.895,183,0.04,-1.28,1
,6485856,5,0.260526,0.56,0.18,0.23,2.402,324,0.74,-0.63,1
,6487705,2,0.287057,0.33,0.11,0.11,2.237,229,0.23,1.2,1
,6499162,4,0.550116,0.44,0.12,0.11,0.937,310,1.9,4.14,2
,6500817,5,0.283411,0.38,0.12,0.13,0.775,128,0.42,-0.44,2
,6509278,1,0.581213,0.71,0.25,0.26,1.178,319,1.06,6.85,1
,6514160,0,-9.9,0.32,0.1,0.1,2.085,317,2.23,5.41,1
,6514346,0,-9.9,0.33,0.1,0.12,0.542,254,-0.33,-0.48,1
,6523187,5,0.378643,0.64,0.22,0.25,0.906,331,0.89,0.98,1
,6523661,5,0.259011,0.32,0.1,0.12,1.262,320,-0.09,0.04,1
,6525578,5,0.37319,0.8,0.27,0.32,2.324,297,0.56,-0.86,1
,6527568,5,0.335556,0.46,0.16,0.21,1.893,263,0.49,-0.99,1
,6532768,2,0.402106,0.41,0.14,0.19,2.136,331,-0.22,-1.28,1
,6532857,5,0.226226,0.6,0.2,0.26,1.443,335,0.87,-0.43,1
,6537532,5,0.26867,0.67,0.22,0.27,2.067,218,0.68,-0.79,1
,6540259,5,0.291937,0.68,0.21,0.25,1.11,276,0.91,-0.09,1
,6543801,5,0.319538,0.77,0.24,0.31,2.293,259,0.72,-0.58,1
,6548619,5,0.428533,0.47,0.15,0.19,2.155,247,0.61,-0.65,1
,6549937,5,0.278682,0.36,0.12,0.16,1.842,215,0.45,-0.87,1
,6553432,1,0.549349,0.85,0.26,0.26,1.086,271,-0.51,0.12,1
,6553731,1,0.591985,0.61,0.18,0.21,1.207,255,-0.69,-0.39,1
,6566365,4,0.797002,0.62,0.19,0.21,1.689,298,1.81,2.5,1
,6570390,1,0.559639,0.64,0.2,0.25,1.232,281,-0.32,-0.53,1
,6571949,5,0.231582,0.54,0.18,0.21,0.737,276,0.95,0.6,1
,6572432,1,0.693681,0.86,0.28,0.33,1.249,105,0.22,-0.44,2
,6573810,4,1.931048,0.5,0.15,0.09,1.372,301,2.27,4.28,2
,6576323,5,0.326088,0.43,0.14,0.18,2.361,503,0.43,-0.99,1
,6577281,4,0.556524,0.9,0.29,0.38,2.034,296,1.63,1.31,1
,6582265,1,0.691749,0.54,0.18,0.23,2.323,282,-0.14,-1.16,1
,6582761,1,0.516722,0.8,0.24,0.15,1.423,58,-0.81,0.87,3
,6591356,1,0.568949,0.54,0.16,0.16,2.296,67,0.61,0.53,3
,6599292,0,-9.9,0.38,0.12,0.13,2.191,183,0.81,0.49,1
,6600478,2,0.277078,0.4,0.13,0.16,0.98,291,-0.1,-0.94,1
,6605301,2,0.343661,0.45,0.17,0.23,1.315,221,0.0,-1.28,1
,6607874,4,0.979388,0.4,0.11,0.07,1.214,238,2.6,6.59,2
,6611209,2,0.285337,0.37,0.12,0.14,0.813,210,0.04,-0.67,1
,6617372,1,0.554016,0.89,0.28,0.28,0.877,219,0.62,0.45,1
,6617807,5,0.266885,0.36,0.12,0.15,1.063,222,0.61,-0.5,1
,6617944,1,0.487507,0.79,0.25,0.28,1.204,183,-0.36,-0.44,1
,6620225,1,0.557414,0.54,0.17,0.2,1.863,222,-0.49,-0.62,1
,6621105,1,0.637903,0.87,0.28,0.28,1.102,213,-0.3,-0.22,2
,6621482,5,0.248638,0.65,0.21,0.25,1.033,201,0.91,-0.27,1
,6622123,1,0.522766,0.97,0.31,0.32,1.29,183,0.41,1.11,1
,6627676,5,0.295902,0.63,0.21,0.22,0.67,216,0.61,0.97,1
,6629991,1,0.594228,0.74,0.24,0.27,1.697,232,-0.63,-0.22,1
,6642292,5,0.27166,0.51,0.16,0.23,1.423,489,0.98,-0.17,1
,6644198,5,0.30488,0.49,0.16,0.2,1.334,466,0.58,-0.8,1
,6647540,4,0.640985,0.6,0.21,0.19,2.167,475,2.73,9.54,1
,6649325,1,0.603157,0.73,0.24,0.32,2.283,507,-0.26,-1.26,1
,6651516,2,0.308487,0.39,0.14,0.19,1.557,426,-0.09,-1.34,1
,6655187,1,0.60656,0.49,0.16,0.21,1.845,487,-0.39,-0.93,1
,6660642,0,-9.9,2.32,0.74,0.65,3.796,458,-1.1,-0.09,1
,6665721,1,0.64332,0.5,0.16,0.2,0.944,536,0.16,-0.15,1
,6667926,5,0.282663,0.64,0.24,0.31,2.047,541,1.46,3.87,1
,6668961,2,0.281347,0.52,0.19,0.22,0.952,465,1.0,4.57,1
,6676697,5,0.379714,0.3,0.1,0.14,1.691,152,0.05,-1.28,1
,6677784,5,0.236208,0.47,0.16,0.2,1.923,231,0.75,-0.74,1
,6678883,5,0.339872,0.36,0.12,0.16,1.902,256,0.47,-0.97,1
,6679895,4,0.655928,0.72,0.21,0.13,0.766,210,2.38,6.13,2
,6681275,1,0.575905,0.64,0.22,0.28,1.808,222,-0.39,-1.1,1
,6685059,5,0.251995,0.56,0.18,0.18,2.002,102,0.97,-0.24,1
,6694407,1,0.547791,0.86,0.29,0.36,1.192,170,-0.07,-1.15,1
,6695255,1,0.583548,0.45,0.15,0.19,1.949,183,-0.55,-0.92,1
,6698387,1,0.575995,0.72,0.25,0.28,2.285,70,-0.74,-0.83,1
,6701509,1,0.558926,0.72,0.23,0.3,2.195,537,-0.6,-0.81,1
,6701688,1,0.650407,0.35,0.11,0.14,1.989,618,-0.51,-0.64,1
,6710932,5,0.343706,0.46,0.15,0.18,0.916,650,1.36,4.64,1
,6711303,2,0.416364,0.36,0.11,0.14,1.07,620,-0.41,0.52,1
,6715240,4,0.742873,0.43,0.15,0.12,1.099,622,3.32,12.0,1
,6716231,5,0.248345,0.37,0.12,0.16,0.496,599,0.29,-0.87,1
,6717083,5,0.248733,0.37,0.12,0.16,1.669,580,0.43,-0.69,1
,6726468,1,0.508605,1.13,0.38,0.5,1.861,610,-0.28,-1.27,1
,6729261,2,0.279962,0.36,0.11,0.14,1.008,625,-0.08,-0.03,1
,6737498,5,0.27703,0.63,0.21,0.27,0.817,580,0.85,-0.17,1
,6739098,5,0.370905,0.58,0.19,0.24,2.051,579,0.91,-0.29,1
,6747445,1,0.455023,1.0,0.31,0.35,2.586,613,-1.13,0.16,1
,6748413,2,0.320906,0.49,0.17,0.23,1.409,567,0.06,-1.29,1
,6748683,1,0.519366,0.64,0.23,0.28,1.842,35,-0.72,-0.96,3
,6752616,5,0.299096,0.52,0.17,0.22,2.028,604,0.64,-0.72,1
,6756657,1,0.514876,0.83,0.27,0.34,2.304,599,-0.86,-0.41,1
,6765858,5,0.285304,0.67,0.23,0.3,2.337,411,0.65,0.03,1
,6777823,1,0.687416,0.46,0.14,0.18,0.731,544,-0.21,-0.69,1
,6791774,1,0.591332,0.61,0.2,0.19,0.75,124,0.22,2.16,1
,6791882,5,0.23749,0.5,0.17,0.21,1.133,318,0.62,-0.66,1
,6793815,1,0.51945,0.64,0.22,0.23,1.116,379,-0.96,1.07,1
,6795887,5,0.228126,0.51,0.18,0.22,0.627,313,0.8,1.17,1
,6801367,5,0.34637,0.39,0.12,0.16,1.642,234,0.72,-0.62,1
,6803937,1,0.670352,0.64,0.2,0.22,2.566,301,-0.65,-0.34,1
,6805826,2,0.385903,0.35,0.12,0.17,1.8,314,0.13,-1.42,2
,6811624,5,0.403373,0.51,0.16,0.17,2.199,314,1.3,2.3,1
,6811940,0,-9.9,0.43,0.13,0.13,2.331,324,1.19,0.81,1
,6819457,2,0.436282,0.87,0.28,0.3,2.426,325,-0.71,-0.1,2
,6822237,5,0.611965,0.47,0.15,0.19,0.719,296,0.72,-0.55,1
,6831710,1,0.555005,0.73,0.22,0.28,1.702,310,-0.33,-0.8,1
,6834724,2,0.384744,0.44,0.16,0.22,1.508,299,-0.27,-1.34,1
,6837232,1,0.553222,0.79,0.26,0.33,2.675,339,-0.4,-1.08,1
,6837981,2,0.335414,0.45,0.15,0.18,0.776,284,0.13,-0.85,2
,6838331,4,0.45906,0.53,0.17,0.18,0.766,430,1.84,3.67,1
,6838366,2,0.38284,0.56,0.17,0.21,1.617,292,-0.51,-0.62,2
,6838786,5,0.237615,0.57,0.19,0.26,1.635,434,0.54,-1.0,1
,6844511,1,0.591019,1.05,0.34,0.4,1.951,241,-0.64,-0.75,1
,6856350,1,0.512835,0.7,0.21,0.18,1.757,161,-1.16,1.07,1
,6868167,5,0.419564,0.47,0.14,0.12,1.011,107,0.89,1.27,1
,6868821,5,0.28934,0.29,0.35,0.11,1.86,232,7.97,69.54,1
,6879877,5,0.267085,0.6,0.21,0.25,1.118,279,1.08,1.67,1
,6880106,5,0.319514,0.62,0.21,0.26,1.239,255,0.56,-0.71,1
,6880426,0,-9.9,1.27,0.39,0.28,2.701,260,1.32,1.5,1
,6881740,0,-9.9,0.36,0.11,0.12,0.629,291,-0.06,-0.2,1
,6882787,0,-9.9,0.39,0.13,0.14,0.813,67,-0.55,-0.52,1
,6883239,1,0.563707,0.62,0.21,0.24,2.439,305,-0.64,-0.02,1
,6888272,2,0.354721,0.44,0.14,0.18,0.585,302,0.37,-0.39,1
,6891654,2,0.358882,0.43,0.13,0.17,2.483,302,-0.08,-0.91,1
,6894439,5,0.228334,0.47,0.15,0.17,0.545,337,0.57,0.04,1
,6895204,5,0.207166,0.32,0.11,0.13,0.485,330,0.3,-0.34,1
,6895456,1,0.644057,0.82,0.26,0.29,1.357,291,-0.34,-0.67,1
,6903600,5,0.233927,0.68,0.23,0.23,0.726,298,1.25,2.82,1
,6905120,5,0.269003,0.75,0.24,0.28,2.094,301,1.09,0.05,1
,6905999,4,4.009712,0.48,0.14,0.08,1.351,327,2.52,7.5,1
,6906818,2,0.290652,0.38,0.14,0.18,2.107,355,-0.15,-1.3,1
,6908253,0,-9.9,0.5,0.17,0.17,0.69,61,-0.14,0.31,1
,6911545,1,0.581295,0.62,0.21,0.3,2.564,208,-0.51,-1.22,1
,6918683,2,0.344069,0.47,0.16,0.23,1.455,268,-0.06,-1.35,1
,6919278,1,0.615668,0.41,0.12,0.14,1.877,268,-0.93,-0.01,1
,6920693,5,0.246371,0.36,0.12,0.15,1.108,297,0.7,-0.58,1
,6925923,2,0.279994,0.46,0.16,0.2,1.088,264,-0.16,-1.25,1
,6934885,1,0.483039,0.77,0.24,0.27,1.551,274,-0.52,-0.52,1
,6940671,0,-9.9,0.44,0.17,0.11,0.532,212,1.09,7.93,1
,6946184,5,0.37463,0.38,0.12,0.11,0.692,270,1.3,2.12,1
,6946624,5,0.385837,0.36,0.12,0.13,0.879,259,0.4,-0.38,1
,6957907,5,0.34174,0.42,0.15,0.18,1.091,330,0.55,0.59,1
,6958952,2,0.353398,0.53,0.16,0.18,1.131,432,0.06,0.59,1
,6960146,1,0.629772,0.37,0.21,0.16,1.92,476,10.53,172.95,1
,6963982,5,0.31181,0.41,0.13,0.17,0.94,501,0.53,-0.75,1
,6967017,1,0.529689,0.65,0.22,0.27,2.338,323,-0.63,-0.71,1
,6967477,5,0.250803,0.63,0.21,0.3,1.507,279,0.7,-0.9,1
,6973516,5,0.274647,0.33,0.11,0.14,0.816,296,0.09,-0.93,1
,6973857,7,126.582199,0.72,0.24,0.32,2.315,311,0.44,-1.0,1
,6981499,2,0.354037,0.55,0.17,0.17,0.56,240,0.68,0.62,1
,6987875,1,0.548309,0.83,0.27,0.33,1.846,235,-0.51,-0.95,1
,6988765,1,0.495851,0.92,0.3,0.38,2.369,154,-0.26,-1.08,1
,6988827,5,0.275115,0.58,0.2,0.24,0.771,190,0.51,0.29,1
,6991031,5,0.265663,0.77,0.25,0.22,1.144,181,1.03,1.12,2
,6991135,5,0.299958,0.76,0.25,0.31,2.68,180,0.86,-0.47,1
,7003637,1,0.511451,0.77,0.24,0.26,2.723,187,-1.15,0.23,1
,7004605,0,0.589182,0.53,0.16,0.14,0.634,202,1.38,1.92,1
,7008076,4,1.162766,0.53,0.16,0.09,1.684,193,2.39,5.01,1
,7020234,5,0.305714,0.2,0.1,0.09,1.018,558,5.96,59.02,1
,7024251,1,0.623119,0.87,0.27,0.33,1.852,524,-0.59,-0.61,1
,7037282,5,0.2634,0.71,0.23,0.27,0.797,435,0.88,0.66,1
,7046937,5,0.33903,0.68,0.22,0.27,1.341,563,0.89,-0.39,1
,7048826,2,0.317781,0.51,0.19,0.25,2.137,535,-0.29,-1.39,1
,7051144,5,0.243695,0.61,0.21,0.26,0.985,567,0.88,-0.1,1
,7055103,5,0.264464,0.62,0.2,0.24,2.733,254,0.68,-0.78,1
,7063702,5,0.333437,0.38,0.14,0.2,1.791,81,0.28,-1.38,1
,7064706,1,0.67437,0.75,0.25,0.32,2.037,245,-0.24,-1.15,1
,7065833,1,0.641567,0.46,0.14,0.16,0.675,266,-0.07,-0.51,1
,7066283,4,0.719268,0.37,0.12,0.08,0.807,268,2.7,7.82,2
,7086820,1,0.573675,0.87,0.28,0.31,1.701,266,-0.16,2.53,1
,7087932,5,0.250126,0.55,0.18,0.25,1.313,592,0.58,-0.84,1
,7087963,5,0.292588,0.64,0.21,0.24,0.661,538,0.5,-0.12,1
,7093882,5,0.299731,0.36,0.12,0.15,0.809,325,0.8,1.06,1
,7101581,5,0.253594,0.46,0.15,0.2,1.357,618,0.43,-1.06,1
,7106588,2,0.280295,0.33,0.11,0.14,1.252,662,-0.03,-1.08,1
,7119099,2,0.298875,0.57,0.19,0.23,0.676,369,0.22,-0.57,1
,7119535,1,0.576808,0.63,0.21,0.24,0.878,623,0.21,1.7,1
,7119760,5,0.261562,0.49,0.16,0.2,0.806,207,0.26,-0.92,1
,7124974,1,0.570975,0.67,0.21,0.26,2.486,609,-0.77,-0.35,1
,7124989,1,0.613703,0.72,0.23,0.29,2.072,608,-0.57,-0.73,1
,7129161,1,0.616192,0.56,0.18,0.23,1.544,522,-0.32,-1.0,1
,7131981,1,0.662519,0.67,0.2,0.24,1.925,569,-0.44,-0.57,1
,7136100,7,175.438492,1.73,0.56,0.71,3.874,583,-0.12,-1.08,1
,7139511,2,0.379904,0.39,0.14,0.18,1.325,623,-0.01,-1.29,1
,7152380,1,0.647236,0.69,0.22,0.27,1.319,564,-0.38,-0.68,1
,7155534,5,0.2637,0.33,0.11,0.14,1.625,571,0.48,-0.89,1
,7171221,5,0.322887,0.33,0.11,0.13,1.108,382,0.44,-0.74,1
,7179711,1,0.590962,0.66,0.22,0.3,1.374,399,-0.23,-0.97,1
,7181976,1,0.636289,0.61,0.2,0.24,1.569,188,-0.02,-0.83,1
,7182354,2,0.384083,0.66,0.21,0.26,1.223,307,-0.13,-0.59,1
,7187041,1,0.656368,0.76,0.26,0.27,1.133,317,1.29,7.85,1
,7190746,1,0.774815,0.49,0.31,0.13,1.147,279,5.31,33.53,2
,7206315,1,0.584551,0.69,0.25,0.24,1.087,348,1.94,10.28,1
,7218554,1,0.524931,0.9,0.28,0.31,1.211,283,-0.56,-0.12,1
,7221754,5,0.361855,0.46,0.22,0.13,1.206,261,3.47,14.16,1
,7228591,5,0.319808,0.41,0.13,0.16,1.181,284,0.73,-0.5,1
,7231949,5,0.321475,0.41,0.13,0.17,1.292,132,0.47,-0.94,2
,7238766,5,0.527293,0.37,0.11,0.12,1.752,160,0.37,-0.56,1
,7242732,5,0.355602,0.53,0.17,0.18,0.562,152,0.41,0.26,1
,7243441,5,0.424788,0.65,0.22,0.19,2.252,140,0.98,-0.42,1
,7245118,0,0.633822,0.58,0.21,0.19,0.568,204,0.56,2.74,3
,7246122,4,1.22839,0.41,0.12,0.11,0.725,313,1.55,2.3,2
,7254453,2,0.375776,0.54,0.27,0.16,1.253,213,4.2,30.43,1
,7254801,1,0.561141,0.68,0.21,0.26,1.332,310,-0.35,-0.59,1
,7256279,5,0.264817,0.56,0.19,0.25,1.962,308,0.59,-1.04,1
,7257215,2,0.346211,0.37,0.14,0.2,1.85,209,0.12,-1.58,1
,7260181,2,0.36627,0.47,0.13,0.14,1.782,292,-0.78,0.56,2
,7275492,5,0.319599,0.35,0.11,0.14,1.694,300,0.96,-0.2,1
,7279621,2,0.415465,0.46,0.14,0.16,1.287,324,-0.52,-0.09,1
,7283275,1,0.543342,0.84,0.29,0.36,2.307,297,-0.39,-1.01,1
,7284080,1,0.464172,0.97,0.33,0.41,2.865,325,-0.95,-0.42,1
,7300636,2,0.293006,0.45,0.18,0.21,1.07,200,1.45,7.77,1
,7303928,5,0.350322,0.43,0.15,0.17,1.083,234,0.53,-0.58,1
,7316833,1,0.535065,0.75,0.26,0.33,1.349,188,-0.27,-0.59,1
,7322101,2,0.301991,0.48,0.16,0.2,1.042,244,-0.4,-1.08,1
,7322343,4,1.22839,0.59,0.2,0.26,1.949,243,1.25,0.08,1
,7323884,5,0.343615,0.39,0.12,0.12,0.657,193,0.87,0.46,2
,7325401,5,0.418378,1.08,0.29,0.22,1.077,281,1.63,3.86,2
,7330156,5,0.347532,0.44,0.14,0.18,1.566,427,0.48,-0.82,1
,7336579,2,0.264885,0.41,0.14,0.19,1.197,533,-0.01,-0.81,1
,7337289,2,0.404116,0.42,0.13,0.18,1.417,552,-0.24,-0.89,1
,7337313,5,0.399406,0.54,0.17,0.22,1.632,534,0.73,-0.57,1
,7342731,5,0.254492,0.51,0.18,0.2,1.118,243,1.05,2.67,1
,7344401,2,0.330199,0.4,0.21,0.2,1.572,397,3.46,21.27,1
,7346463,5,0.253374,0.48,0.2,0.15,0.81,260,3.25,17.08,1
,7356971,5,0.255491,0.45,0.16,0.22,1.697,153,0.69,-0.81,1
,7357550,5,0.271754,0.49,0.16,0.22,1.426,206,0.56,-0.9,1
,7372492,1,0.629871,0.51,0.17,0.2,1.117,190,-0.15,-0.74,1
,7373205,5,0.343026,0.65,0.2,0.18,1.483,175,1.42,1.28,1
,7376901,2,0.355659,0.4,0.12,0.15,2.221,196,-0.4,-0.63,1
,7382400,1,0.485375,0.86,0.26,0.28,2.29,217,-0.87,-0.08,1
,7384383,5,0.257041,0.44,0.15,0.2,1.385,223,0.44,-0.85,1
,7386353,4,0.457589,0.63,0.19,0.15,0.514,179,1.46,1.82,1
,7386855,5,0.342661,0.43,0.16,0.2,1.765,241,0.48,-0.37,1
,7387202,5,0.408857,0.4,0.11,0.09,1.694,232,1.54,1.85,1
,7389657,4,0.642988,0.5,0.18,0.15,1.168,522,2.87,9.19,1
,7390345,4,0.870236,0.48,0.16,0.17,1.844,527,2.59,6.39,1
,7391221,2,0.347277,0.37,0.13,0.17,1.252,506,0.21,-1.25,1
,7394173,5,0.307129,0.49,0.16,0.22,2.079,511,0.92,-0.26,1
,7402949,5,0.28322,0.53,0.17,0.23,1.719,491,0.72,-0.74,1
,7402989,4,0.802916,1.34,0.5,0.4,2.059,492,3.05,10.37,1
,7405066,6,0.063348,0.72,0.24,0.31,1.643,544,-0.77,-0.5,1
,7405702,5,0.312832,0.38,0.12,0.15,2.388,489,0.32,-0.22,2
,7410527,5,0.249238,0.61,0.22,0.3,2.418,346,0.28,-1.17,1
,7410910,5,0.536529,0.37,0.1,0.09,1.455,151,-0.24,0.17,2
,7411446,1,0.54259,0.64,0.23,0.32,2.601,538,-0.24,-1.4,1
,7411461,1,0.467032,0.98,0.31,0.36,1.722,552,-0.56,-0.63,1
,7420913,2,0.350972,0.36,0.12,0.17,1.946,272,0.26,-1.37,1
,7435552,5,0.280718,0.56,0.17,0.14,0.701,194,1.38,0.99,2
,7435571,5,0.291271,0.38,0.12,0.15,1.328,121,0.2,-0.95,3
,7439187,2,0.342123,0.44,0.14,0.16,0.515,186,0.17,-0.53,1
,7439947,0,-9.9,0.43,0.16,0.16,1.106,40,1.0,0.22,1
,7440550,5,0.259001,0.47,0.16,0.2,0.597,190,0.83,0.79,1
,7443719,1,0.551276,0.77,0.23,0.25,2.662,220,-0.96,0.12,1
,7444130,5,0.284162,0.67,0.23,0.29,2.176,189,0.86,-0.64,1
,7449961,5,0.233152,0.34,0.11,0.15,0.984,562,0.52,-0.71,1
,7450622,5,0.249956,0.36,0.12,0.16,0.999,606,0.5,-0.91,1
,7455728,4,0.734176,0.32,0.11,0.14,2.219,513,1.92,4.03,2
,7455952,1,0.510714,0.86,0.32,0.32,1.387,504,1.22,8.29,1
,7471929,1,0.571067,0.69,0.22,0.28,2.288,641,-0.42,-0.96,1
,7475626,2,0.31753,0.37,0.13,0.17,1.93,680,0.11,-1.4,1
,7477110,1,0.587103,0.59,0.19,0.24,2.142,606,-0.26,-0.98,1
,7481696,4,0.72929,0.38,0.15,0.14,1.308,598,3.45,12.29,1
,7484655,5,0.461787,0.47,0.16,0.21,1.966,585,1.37,2.53,2
,7491132,2,0.307848,0.45,0.15,0.19,0.762,654,0.15,-0.61,1
,7510192,1,0.647053,0.6,0.19,0.25,1.66,561,-0.51,-0.73,1
,7510936,4,4.035444,0.36,0.11,0.15,1.801,579,2.08,4.07,1
,7519479,2,0.351012,0.43,0.14,0.18,0.934,560,0.09,-0.88,1
,7526955,6,0.070076,0.5,0.2,0.18,1.521,205,1.37,6.84,1
,7527829,2,0.362231,0.5,0.15,0.16,2.373,246,-0.62,-0.16,1
,7532224,5,0.25281,0.48,0.16,0.2,1.701,264,0.82,-0.48,1
,7535651,1,0.594803,0.75,0.28,0.3,1.964,263,0.37,5.68,1
,7539257,4,0.695616,0.53,0.16,0.1,1.616,277,2.43,5.82,2
,7543125,5,0.335968,0.65,0.22,0.29,2.513,285,0.73,-0.82,1
,7545954,1,0.555948,0.81,0.28,0.36,2.708,228,-0.67,-0.88,1
,7546570,1,0.655482,0.4,0.12,0.15,1.735,273,-0.56,-0.45,1
,7553128,1,0.622803,0.4,0.14,0.17,1.009,213,0.05,-1.03,1
,7555727,2,0.392965,0.41,0.16,0.19,1.154,260,1.15,3.51,1
,7559485,1,0.565148,0.69,0.21,0.22,1.078,234,-0.56,-0.03,1
,7562636,1,0.592825,0.8,0.28,0.37,2.164,237,-0.8,-0.77,1
,7567994,1,0.648395,0.7,0.21,0.25,1.166,245,-0.37,-0.63,1
,7568311,1,0.636487,0.45,0.14,0.16,0.976,252,0.05,0.62,1
,7576482,5,0.262927,0.67,0.23,0.27,0.808,234,1.05,0.88,1
,7580734,2,0.314956,0.44,0.15,0.2,1.524,387,-0.13,-1.34,1
,7581097,1,0.663118,0.75,0.24,0.25,0.937,321,0.29,1.29,1
,7584848,1,0.764429,0.31,0.1,0.14,2.092,323,-0.71,-0.66,2
,7585538,1,0.630395,0.37,0.11,0.13,0.664,293,-0.09,-0.31,1
,7588306,0,3.527697,0.4,0.14,0.16,2.256,381,0.74,0.93,1
,7593064,1,0.745896,0.35,0.11,0.15,0.908,478,0.07,-1.02,1
,7598693,1,0.622965,0.34,0.11,0.12,1.088,104,-0.69,-0.18,2
,7601233,1,0.522286,0.83,0.27,0.33,1.979,462,-0.44,-0.92,1
,7602264,5,0.336994,0.58,0.18,0.15,0.742,443,2.22,5.43,2
,7608854,1,0.55145,0.69,0.21,0.21,0.784,223,-0.78,0.38,2
,7611453,6,0.069837,0.42,0.23,0.18,1.714,220,4.68,34.76,1
,7630668,1,0.618614,0.43,0.15,0.21,1.556,193,0.08,-1.28,2
,7633058,5,0.270434,0.32,0.11,0.14,1.338,193,0.89,-0.13,1
,7644368,2,0.209264,0.56,0.16,0.18,2.594,253,0.2,-0.13,2
,7644672,2,0.285774,0.5,0.17,0.23,1.009,273,-0.23,-1.01,2
,7649575,1,0.642928,0.8,0.24,0.28,2.0,281,-0.46,-0.73,1
,7651171,1,0.62173,0.43,0.15,0.19,1.26,333,0.12,-1.08,1
,7657340,1,0.495484,0.82,0.27,0.34,1.732,482,-0.67,-0.5,1
,7657552,1,0.504539,0.82,0.26,0.29,1.763,429,-1.04,0.17,1
,7657773,1,0.630302,0.82,0.27,0.27,1.409,422,0.34,3.12,1
,7661142,1,0.549369,0.74,0.23,0.27,1.184,489,-0.47,-0.61,1
,7663665,5,0.276384,0.69,0.22,0.29,2.148,490,0.95,-0.23,1
,7667538,6,0.053153,0.48,0.16,0.19,1.514,344,-0.56,-0.69,1
,7673372,1,0.584005,0.49,0.17,0.18,0.645,279,-0.01,0.11,2
,7673657,1,0.621032,0.6,0.2,0.25,0.923,211,-0.04,-0.45,1
,7673910,1,0.776527,0.4,0.13,0.18,1.295,301,-0.31,-1.15,1
,7679659,4,0.440932,0.61,0.22,0.24,1.837,295,2.23,7.06,1
,7679709,0,0.613384,0.51,0.17,0.21,1.215,237,0.07,-0.86,2
,7682813,0,461.744415,0.73,0.19,0.11,1.516,279,-2.23,5.04,1
,7685659,2,0.25238,0.41,0.15,0.18,1.033,393,0.49,1.98,1
,7687811,1,0.469814,0.82,0.26,0.31,1.314,433,-0.33,-0.74,1
,7691010,1,0.51393,0.88,0.28,0.31,1.281,402,-0.54,-0.18,1
,7699470,1,0.582558,0.64,0.19,0.24,1.571,424,-0.42,-0.85,1
,7700211,1,0.60042,0.59,0.2,0.22,0.686,407,0.19,1.07,1
,7701242,5,0.293471,0.37,0.12,0.15,2.346,405,0.31,-1.0,1
,7703790,7,279.978699,1.62,0.51,0.64,3.151,473,0.2,-1.01,1
,7704199,6,0.065025,0.49,0.17,0.21,1.201,238,-0.22,-0.86,1
,7705899,1,0.658145,0.42,0.14,0.17,1.818,479,-0.22,-1.11,1
,7706724,1,0.667327,0.37,0.12,0.16,2.386,454,-0.23,-1.13,1
,7707014,1,0.455242,0.85,0.25,0.28,2.433,485,-1.0,0.17,1
,7708125,5,0.288096,0.39,0.13,0.17,1.016,470,0.68,-0.37,1
,7712495,1,0.56248,0.75,0.24,0.3,2.146,457,-0.68,-0.7,1
,7716220,1,0.563335,0.69,0.22,0.22,1.725,459,-0.82,-0.09,1
,7723123,2,0.400058,0.43,0.15,0.2,1.625,451,-0.03,-1.47,1
,7723614,1,0.560909,0.68,0.22,0.26,1.728,533,-0.45,-0.62,1
,7724094,2,0.325338,0.52,0.17,0.21,0.563,274,-0.07,-0.83,1
,7735376,1,0.565169,0.75,0.24,0.29,1.748,283,-0.46,-0.94,1
,7735416,5,0.218436,0.53,0.19,0.19,0.709,335,0.83,1.59,1
,7736895,2,0.286974,0.36,0.12,0.17,1.34,354,0.17,-1.22,1
,7739143,5,0.242725,0.46,0.15,0.17,2.071,230,0.85,-0.26,1
,7741931,5,0.285343,0.76,0.28,0.31,2.745,237,1.57,5.03,1
,7742091,5,0.325238,0.33,0.1,0.12,2.096,248,0.56,-0.62,1
,7744346,7,236.882599,1.21,0.4,0.52,2.85,269,0.18,-1.17,1
,7752987,7,155.106003,1.54,0.52,0.67,3.282,250,0.58,0.26,1
,7753267,1,0.714493,0.34,0.1,0.13,1.336,242,0.21,-0.83,2
,7757410,5,0.591127,0.26,0.23,0.1,1.911,235,7.77,77.92,2
,7763356,5,0.27279,0.27,0.15,0.09,1.461,234,5.25,41.55,2
,7768549,2,0.301092,0.56,0.19,0.24,0.696,212,0.26,0.01,1
,7769095,1,0.624352,0.39,0.12,0.14,1.597,247,-0.53,-0.51,1
,7772022,5,0.280143,0.5,0.17,0.24,1.746,180,0.39,-1.16,1
,7775137,2,0.32636,0.49,0.17,0.2,0.504,151,-0.09,-0.43,1
,7776100,5,0.260878,0.61,0.2,0.26,1.725,255,0.67,-0.75,1
,7776303,1,0.492339,0.96,0.33,0.41,1.785,129,-0.12,-1.1,1
,7778095,4,0.540817,0.45,0.13,0.08,0.639,264,2.58,6.78,1
,7779525,5,0.302938,0.61,0.21,0.23,1.431,167,1.18,0.03,1
,7779915,2,0.350403,0.38,0.14,0.17,0.735,253,1.13,4.63,1
,7780315,5,0.34183,0.5,0.17,0.21,2.477,277,0.88,0.13,1
,7787834,1,0.46597,0.94,0.31,0.37,2.377,281,-1.1,-0.06,1
,7792311,2,0.399834,0.45,0.14,0.16,1.349,243,-0.49,-0.01,1
,7797681,4,0.751493,0.23,0.12,0.07,1.695,259,4.05,18.9,1
,7805413,1,0.523179,0.84,0.26,0.26,1.655,237,-0.61,-0.41,1
,7806051,5,0.344076,0.39,0.13,0.17,1.982,244,0.57,-0.95,1
,7810484,1,0.477397,0.8,0.26,0.29,1.662,236,-0.88,-0.03,1
,7811366,1,0.489522,0.81,0.25,0.28,2.014,253,-0.8,-0.1,1
,7813329,5,0.296476,0.32,0.1,0.1,1.906,55,0.79,-0.41,3
,7819052,1,0.542372,0.68,0.21,0.24,2.043,294,-0.81,-0.27,1
,7820016,1,0.603791,0.5,0.17,0.21,0.926,269,0.28,-0.17,1
,7824100,4,1.472112,0.51,0.17,0.15,0.922,286,1.41,3.12,1
,7826974,5,0.271156,0.44,0.14,0.19,1.64,270,0.55,-0.87,1
,7827663,2,0.39083,0.42,0.12,0.14,1.73,385,-0.32,-0.2,1
,7830410,1,0.563899,0.95,0.3,0.25,1.618,40,0.74,0.73,2
,7834923,6,0.048353,0.3,0.16,0.11,1.78,369,6.73,80.52,1
,7836810,1,0.547261,0.63,0.2,0.23,1.589,362,0.09,-0.47,2
,7837779,5,0.268641,0.61,0.22,0.24,0.766,246,0.98,0.37,1
,7838350,5,0.301517,0.32,0.12,0.12,0.746,362,1.76,8.71,2
,7844345,1,0.558228,0.74,0.22,0.26,1.187,437,-0.47,-0.47,1
,7846640,1,0.551498,0.87,0.26,0.25,1.459,447,-0.87,0.4,1
,7849619,1,0.543892,0.71,0.23,0.3,3.005,445,-0.62,-0.85,1
,7852994,1,0.643851,0.53,0.2,0.22,1.014,448,3.19,38.07,1
,7853020,1,0.470658,0.88,0.29,0.38,2.975,466,-0.92,-0.34,1
,7856049,1,0.541362,0.68,0.22,0.28,2.376,253,-0.61,-0.86,1
,7862277,2,0.424847,0.53,0.17,0.21,2.117,231,-0.72,-0.59,2
,7862348,1,0.536482,0.72,0.24,0.28,2.888,286,-0.65,-0.51,1
,7862869,2,0.29531,0.46,0.17,0.25,2.228,270,-0.26,-1.55,1
,7864388,7,143.895203,1.33,0.41,0.4,1.582,171,0.96,0.61,1
,7868255,1,0.666414,0.45,0.15,0.21,1.568,241,-0.66,-0.64,1
,7870525,5,0.225559,0.47,0.16,0.2,1.246,273,0.63,-0.8,1
,7874933,1,0.526279,1.01,0.35,0.49,2.056,284,-0.59,-1.06,1
,7876270,5,0.28105,0.3,0.1,0.13,1.815,259,0.14,-1.21,1
,7882223,5,0.3071,0.47,0.16,0.19,2.493,244,0.85,0.65,2
,7892817,2,0.35683,0.47,0.14,0.16,0.873,202,-0.45,-0.22,1
,7897530,1,0.553691,0.8,0.26,0.28,0.855,297,0.06,0.4,1
,7904246,1,0.692874,0.7,0.21,0.22,1.944,192,-0.57,-0.53,1
,7907059,2,0.358507,0.4,0.12,0.13,1.716,204,-0.84,-0.31,1
,7908101,5,0.419036,0.65,0.21,0.24,1.486,242,1.15,0.34,2
,7908628,1,0.549019,0.82,0.24,0.28,1.762,263,-0.5,-0.55,1
,7912225,5,0.2641,0.35,0.12,0.14,1.444,157,0.41,-0.96,1
,7914586,5,0.597409,0.7,0.22,0.16,0.601,125,1.64,2.43,2
,7917896,4,1.081581,0.85,0.24,0.09,1.845,208,2.69,6.09,1
,7918398,5,0.249133,1.0,0.3,0.28,0.886,251,1.42,1.65,1
,7925995,1,0.476607,0.96,0.3,0.37,2.287,270,-0.59,-0.73,1
,7929591,2,0.342076,0.41,0.27,0.16,0.482,273,6.41,51.27,1
,7930184,5,0.24414,0.34,0.11,0.14,1.317,270,0.43,-0.82,1
,7933373,2,0.328762,0.36,0.12,0.16,1.87,328,-0.08,-1.35,2
,7933961,5,0.210959,0.52,0.24,0.23,1.645,336,3.32,21.88,1
,7939377,1,0.663159,0.7,0.32,0.27,1.132,477,-1.85,21.52,1
,7946726,5,0.2689,0.57,0.2,0.26,1.195,234,0.58,-0.92,1
,7946773,2,0.3621,0.5,0.16,0.2,1.866,218,-0.07,-0.96,1
,7949405,1,0.527533,0.86,0.28,0.31,1.522,240,-0.77,-0.56,1
,7950636,5,0.430047,0.57,0.16,0.14,1.036,234,1.72,2.65,2
,7953994,6,0.064604,0.34,0.11,0.13,0.806,246,-0.4,-0.44,1
,7956170,1,0.553231,1.26,0.4,0.19,1.796,186,2.09,8.42,2
,7956265,1,0.659803,0.75,0.23,0.21,0.959,194,-0.78,0.01,1
,7957197,1,0.606466,0.93,0.28,0.26,0.837,189,0.81,2.03,1
,7971824,5,0.27549,0.33,0.12,0.15,1.948,199,0.48,-0.2,1
,7977207,2,0.358098,0.53,0.18,0.25,1.88,218,-0.42,-1.15,1
,7984971,2,0.272838,0.26,0.12,0.11,1.191,323,4.17,32.45,1
,7990577,1,0.613319,0.61,0.19,0.21,0.802,332,0.17,-0.08,1
,7992141,4,0.688642,0.47,0.15,0.17,1.727,324,2.17,3.84,1
,7996831,2,0.113054,0.29,0.16,0.12,1.291,375,6.21,60.42,2
,7997579,1,0.486694,0.92,0.28,0.33,1.324,465,-0.41,-0.65,1
,8000465,1,0.70084,0.38,0.13,0.16,1.103,505,0.22,0.03,2
,8003415,1,0.640892,0.53,0.18,0.23,1.859,296,0.18,-1.25,1
,8008705,5,0.296773,0.45,0.15,0.18,2.283,308,0.45,-0.49,1
,8010233,1,0.732548,0.45,0.13,0.16,1.763,490,-0.48,-0.53,1
,8013409,1,0.708755,0.71,0.23,0.27,2.694,378,-0.87,1.24,1
,8015684,2,0.365529,0.41,0.15,0.2,1.635,367,-0.11,-1.27,1
,8021895,5,0.266126,0.62,0.2,0.24,1.316,466,1.0,0.65,1
,8025716,5,0.302581,0.44,0.14,0.2,1.325,366,0.59,-0.96,1
,8027315,1,0.480501,0.9,0.29,0.36,2.135,472,-0.78,-0.48,1
,8029443,5,0.304456,0.52,0.18,0.22,1.78,366,0.86,-0.29,1
,8032669,5,0.256804,0.54,0.18,0.22,0.784,410,0.49,-0.47,1
,8036191,2,0.363861,0.43,0.16,0.22,1.884,438,0.02,-1.62,1
,8037245,2,0.299589,0.44,0.15,0.21,1.235,454,-0.19,-1.25,1
,8044046,1,0.547954,0.78,0.25,0.28,1.526,436,-0.72,-0.22,1
,8044339,0,-9.9,0.4,0.12,0.15,0.495,200,-0.83,0.18,1
,8052673,1,0.562212,0.94,0.31,0.37,2.552,285,-0.67,-0.75,1
,8053621,0,0.400139,0.42,0.15,0.17,1.802,261,0.87,0.9,1
,8057988,1,0.639647,0.7,0.22,0.25,1.331,240,-0.46,-0.38,1
,8071805,2,0.360984,0.37,0.13,0.17,1.875,233,-0.17,-1.33,1
,8071882,1,0.528105,0.79,0.26,0.25,2.719,226,-0.49,0.4,1
,8075268,1,0.438578,0.61,0.19,0.2,0.605,121,0.16,0.28,1
,8076395,5,0.361883,0.59,0.19,0.22,2.598,205,0.58,-0.64,1
,8076889,1,0.642256,0.8,0.25,0.3,1.162,188,-0.38,-0.88,1
,8078575,2,0.343167,0.44,0.15,0.18,0.846,223,0.17,-0.82,1
,8078628,5,0.940526,0.4,0.13,0.15,1.341,174,0.97,0.3,1
,8085093,2,0.292651,0.46,0.16,0.23,1.446,249,0.38,-1.15,1
,8085095,5,0.291226,0.36,0.12,0.12,0.487,325,1.35,5.56,2
,8085222,6,0.05736,0.56,0.18,0.22,1.222,246,-0.66,-0.82,1
,8088756,1,0.463878,1.09,0.38,0.49,1.726,220,-0.59,-1.06,1
,8095807,5,0.329386,0.51,0.17,0.24,1.592,272,0.25,-1.27,1
,8096970,2,0.358816,0.41,0.13,0.16,0.598,281,-0.05,-0.71,2
,8097511,2,0.342761,0.37,0.13,0.16,0.81,272,0.04,-0.77,1
,8099074,1,0.481263,0.98,0.36,0.39,1.519,274,0.53,1.93,1
,8100474,1,0.541738,0.7,0.22,0.26,1.45,236,-0.4,-0.62,1
,8107761,1,0.569056,0.6,0.2,0.26,1.201,204,-0.17,-1.15,1
,8119639,2,0.417507,0.39,0.17,0.16,1.231,291,5.8,67.48,2
,8125320,2,0.258142,0.34,0.12,0.16,2.062,178,-0.04,-1.44,1
,8127317,1,0.632086,0.44,0.14,0.16,2.075,204,-1.38,3.9,1
,8129190,1,0.532312,0.66,0.23,0.3,2.8,187,-0.67,-0.38,1
,8130793,1,0.64062,0.4,0.12,0.14,1.87,256,-0.11,-0.15,1
,8132908,1,0.61554,0.51,0.17,0.24,1.738,248,-0.19,-1.3,1
,8133468,2,0.292985,0.68,0.24,0.26,0.914,223,0.81,2.16,1
,8133488,5,0.24811,0.62,0.22,0.27,1.888,253,0.73,-0.61,1
,8140987,2,0.273727,0.41,0.14,0.19,1.71,486,0.42,-1.07,2
,8144801,4,1.365653,0.66,0.2,0.12,2.211,347,2.49,5.69,2
,8145151,1,0.620431,0.41,0.13,0.15,0.871,359,0.05,-0.62,1
,8153152,1,0.588595,0.62,0.2,0.23,1.511,445,-0.53,-0.73,1
,8153673,2,0.359835,0.35,0.11,0.15,1.809,442,-0.36,-0.99,1
,8154564,1,0.680372,0.66,0.2,0.25,1.027,455,-0.24,-0.88,1
,8155947,1,0.526446,0.64,0.22,0.24,2.714,211,-1.27,0.99,1
,8168422,5,0.26692,0.38,0.17,0.16,1.92,262,4.28,34.63,1
,8171777,1,0.551874,0.85,0.27,0.31,2.945,235,-0.46,-0.67,1
,8173247,1,0.595809,0.89,0.36,0.34,1.74,241,1.86,10.59,1
,8174779,5,0.282289,0.61,0.21,0.28,1.915,268,0.66,-0.92,1
,8175323,4,0.970258,0.46,0.15,0.16,1.129,218,1.1,0.06,2
,8175767,1,0.570768,0.96,0.34,0.32,1.196,273,1.11,4.66,1
,8185242,1,0.647804,0.48,0.15,0.2,1.721,297,-0.47,-0.93,1
,8189653,5,0.288692,0.4,0.14,0.16,1.699,245,0.3,-1.13,1
,8204721,1,0.537985,0.69,0.22,0.24,1.23,199,-0.73,-0.34,1
,8205369,1,0.689844,0.58,0.18,0.23,1.266,175,-0.07,-0.84,1
,8206105,5,0.613267,0.32,0.11,0.14,1.786,319,0.22,-1.28,1
,8207815,1,0.517241,0.91,0.28,0.34,1.99,254,-0.94,-0.05,1
,8209250,5,0.225435,0.46,0.15,0.16,1.97,302,0.71,-0.46,1
,8214374,1,0.487297,0.9,0.3,0.33,1.221,264,-0.13,-0.31,1
,8222011,2,0.350919,0.54,0.17,0.21,1.276,264,-0.12,-0.75,1
,8223829,5,0.295675,0.61,0.2,0.26,1.928,192,0.46,-1.01,1
,8224922,2,0.349489,0.39,0.12,0.14,1.008,107,-0.24,-0.86,1
,8229040,1,0.640532,0.67,0.22,0.27,1.686,238,-0.58,-0.89,1
,8230589,2,0.407114,0.4,0.14,0.17,0.822,162,0.07,-0.68,1
,8242999,5,0.335596,0.33,0.11,0.13,1.72,172,0.54,-0.08,1
,8244316,5,0.260801,0.44,0.26,0.16,0.839,223,3.7,16.9,1
,8244381,1,0.601931,0.88,0.27,0.27,1.952,45,-0.94,0.28,3
,8245347,5,0.272885,0.56,0.2,0.26,1.335,270,0.47,-1.02,1
,8245702,2,0.280386,0.64,0.21,0.23,0.849,273,0.52,1.37,3
,8249262,1,0.474779,0.95,0.31,0.36,3.234,251,-0.76,-0.54,1
,8250507,1,0.566088,0.83,0.26,0.31,2.809,449,-0.73,-0.34,1
,8251303,5,0.304212,0.6,0.2,0.24,2.394,507,0.97,-0.11,1
,8255199,1,0.526934,0.8,0.26,0.29,1.715,124,-0.68,-0.6,1
,8262111,5,0.280448,0.35,0.12,0.14,2.118,235,0.32,-0.73,1
,8262812,5,0.303898,0.38,0.12,0.17,1.791,253,0.67,-0.78,1
,8264035,1,0.530998,1.03,0.3,0.34,1.531,215,-0.61,-0.11,1
,8267062,1,0.518481,0.74,0.26,0.3,1.939,197,-0.8,-0.56,1
,8268341,5,0.258473,0.66,0.21,0.24,2.093,194,0.96,-0.17,1
,8268447,5,0.319666,0.37,0.12,0.14,1.244,161,0.49,-0.81,1
,8269323,5,0.250379,0.33,0.11,0.13,0.713,194,0.22,-1.0,1
,8271702,0,-9.9,0.34,0.1,0.12,0.559,195,0.6,-0.15,1
,8280759,5,0.296811,0.36,0.12,0.14,0.851,177,0.53,0.18,1
,8295858,2,0.378558,0.49,0.17,0.18,0.629,305,-0.56,1.73,1
,8298331,2,0.401228,0.49,0.41,0.17,1.421,304,4.59,22.86,2
,8298345,5,0.271893,0.33,0.11,0.14,0.631,309,0.26,-0.59,1
,8300756,7,119.121292,0.44,0.14,0.19,2.208,326,0.38,-0.79,3
,8306649,1,0.783199,0.85,0.26,0.28,1.386,318,-0.89,-0.17,1
,8307613,1,0.710893,0.35,0.2,0.14,0.606,290,5.61,46.71,2
,8309159,0,424.962219,0.52,0.17,0.09,0.776,105,1.87,2.98,1
,8311517,1,0.523348,0.84,0.27,0.32,2.023,331,-0.71,-0.56,1
,8313260,1,0.612572,0.62,0.2,0.24,0.872,337,-0.02,0.26,1
,8316634,1,0.541657,0.8,0.26,0.34,3.201,218,-0.67,-0.77,1
,8318076,1,0.506939,0.85,0.29,0.37,2.363,475,-0.49,-0.96,1
,8318215,1,0.560441,0.69,0.22,0.27,1.756,428,-0.41,-0.94,1
,8321320,5,0.230148,0.36,0.11,0.15,0.6,393,0.45,-0.6,1
,8325365,1,0.595146,0.54,0.17,0.22,1.919,388,0.06,-1.1,1
,8331094,2,0.267542,0.41,0.14,0.19,1.709,430,-0.14,-1.3,1
,8337518,1,0.536967,0.88,0.28,0.33,1.378,466,-0.47,-0.69,1
,8338209,1,0.657459,0.51,0.16,0.2,1.031,473,-0.06,-0.21,1
,8342007,1,0.469586,0.87,0.29,0.4,2.448,491,-0.74,-0.73,1
,8342822,5,0.244611,0.32,0.11,0.12,0.509,422,0.3,3.92,1
,8343291,1,0.569792,0.76,0.23,0.26,2.193,474,-0.74,-0.3,1
,8344348,1,0.598448,0.81,0.28,0.35,1.862,40,-0.59,-0.86,1
,8346395,4,0.649444,0.53,0.15,0.11,0.723,240,2.15,4.25,1
,8351552,2,0.274151,0.38,0.17,0.19,1.497,249,1.83,6.65,1
,8359936,1,0.639151,0.32,0.13,0.13,0.741,237,1.1,4.83,1
,8366927,1,0.510635,0.96,0.32,0.38,2.764,231,-0.7,-0.82,1
,8370218,1,0.650004,0.66,0.21,0.22,1.491,257,-0.7,-0.03,1
,8373230,2,0.336737,0.41,0.14,0.18,0.587,211,-0.01,-0.97,1
,8377916,0,-9.9,0.67,0.23,0.26,1.38,58,-0.38,-0.81,1
,8378112,2,0.380546,0.54,0.18,0.21,1.14,197,-0.38,-0.66,1
,8380961,1,0.713161,0.67,0.22,0.27,0.873,234,-0.03,-0.56,1
,8384110,1,0.651923,0.71,0.24,0.3,1.324,205,-0.15,-0.39,1
,8386990,1,0.607553,0.73,0.23,0.26,2.383,239,-0.51,-0.75,1
,8393986,0,-9.9,0.97,0.34,0.49,1.056,43,-0.11,-1.4,1
,8394074,0,-9.9,1.07,0.32,0.32,1.356,226,-0.2,-0.16,1
,8395250,1,0.506557,0.91,0.29,0.34,1.95,230,-0.45,-0.87,1
,8397238,0,-9.9,0.41,0.17,0.17,2.595,214,1.71,11.15,1
,8397579,1,0.609761,0.42,0.13,0.13,1.402,93,-0.52,-0.58,3
,8404938,5,0.375777,0.46,0.17,0.24,1.788,232,0.22,-1.3,1
,8405435,1,0.666741,0.61,0.19,0.22,1.633,260,-0.63,-0.7,1
,8412417,5,0.276578,0.52,0.26,0.18,2.103,117,2.64,13.44,1
,8418765,2,0.32335,0.32,0.11,0.14,1.12,236,0.18,-1.21,1
,8421216,1,0.638024,0.64,0.21,0.24,0.896,278,-0.01,-0.63,1
,8426776,1,0.62136,0.32,0.11,0.13,2.276,236,-0.1,-0.98,1
,8428593,1,0.468272,1.05,0.35,0.43,2.445,299,-0.33,-0.96,1
,8436084,5,0.709161,0.52,0.17,0.2,0.992,258,0.51,-0.01,1
,8440571,0,0.291341,0.4,0.13,0.17,0.969,241,0.12,-0.95,4
,8440712,1,0.558372,0.56,0.18,0.2,0.821,327,-0.31,-0.21,2
,8440719,0,0.291341,0.32,0.11,0.13,1.188,244,0.11,-1.05,4
,8440861,1,0.65217,0.57,0.19,0.26,2.561,289,-0.2,-1.21,1
,8441319,5,0.291341,0.33,0.12,0.16,2.213,238,0.28,-0.02,2
,8448689,7,114.233391,0.98,0.31,0.39,2.122,379,0.55,-0.63,1
,8448916,0,0.291341,0.33,0.11,0.14,1.854,244,0.06,-1.23,4
,8450352,0,0.291341,0.38,0.12,0.13,0.494,249,0.32,-0.23,4
,8452517,0,-9.9,0.39,0.13,0.17,1.251,176,0.45,-1.08,1
,8453011,1,0.589816,0.67,0.21,0.25,2.008,353,-0.59,-0.2,1
,8455439,0,-9.9,0.34,0.11,0.13,0.631,455,0.01,-0.28,1
,8458526,5,0.244611,0.49,0.16,0.22,2.12,403,1.12,-0.05,1
,8462944,0,0.120976,-9.9,0.12,0.14,0.531,451,-0.28,-0.23,1
,8468878,5,0.322084,0.47,0.16,0.2,1.524,188,0.85,-0.38,1
,8480948,1,0.553414,0.83,0.27,0.34,1.244,253,-0.54,-0.91,1
,8482990,1,0.631851,0.75,0.25,0.28,1.372,265,0.41,1.53,1
,8483641,5,0.42653,0.4,0.14,0.17,1.757,272,0.63,-0.93,1
,8489525,4,0.835,0.44,0.16,0.13,1.467,284,2.21,6.14,1
,8491405,1,0.500718,0.62,0.18,0.18,1.173,243,-1.06,0.76,1
,8495939,5,0.211132,0.49,0.16,0.17,0.942,241,0.49,-0.64,1
,8503727,1,0.479582,0.99,0.32,0.41,2.282,219,-0.49,-0.96,1
,8505209,2,0.316221,0.37,0.14,0.19,2.297,210,0.25,0.2,1
,8512182,1,0.610432,0.64,0.2,0.21,0.633,243,-0.42,0.31,2
,8520012,2,0.317198,0.47,0.17,0.24,1.36,233,0.01,-1.39,1
,8530918,1,0.496195,1.01,0.35,0.42,2.502,215,-0.25,-0.32,1
,8533369,5,0.238674,0.63,0.22,0.28,0.825,200,0.34,-1.03,1
,8535481,1,0.652443,0.43,0.14,0.17,1.564,180,-0.26,-0.68,1
,8540533,1,0.526531,0.79,0.28,0.32,2.461,323,0.43,4.24,1
,8540978,1,0.47855,1.01,0.31,0.35,1.399,320,-0.59,-0.63,1
,8546057,7,113.728096,0.57,0.18,0.22,2.262,290,0.36,-0.58,1
,8553513,5,0.237911,0.51,0.17,0.21,1.036,453,0.95,0.35,1
,8553840,5,0.36452,0.46,0.15,0.2,2.313,436,0.61,-0.72,1
,8556012,1,0.641235,0.38,0.13,0.16,0.648,185,0.74,1.74,2
,8557052,5,0.297052,0.57,0.19,0.23,1.337,238,0.76,-0.36,1
,8557235,5,0.297041,0.35,0.12,0.13,0.917,214,0.54,-0.1,2
,8561625,1,0.576926,0.65,0.2,0.22,1.257,189,-0.42,-0.04,1
,8564618,1,0.59368,0.8,0.25,0.24,1.924,227,-0.98,0.04,1
,8570281,1,0.532941,0.74,0.23,0.24,0.733,165,-1.09,0.84,1
,8574195,1,0.576061,0.77,0.27,0.35,1.675,188,-0.26,-1.26,1
,8578437,1,0.513241,0.6,0.2,0.21,1.888,154,-0.93,0.31,1
,8581632,1,0.552756,0.58,0.19,0.17,1.727,176,-1.02,0.57,1
,8590640,1,0.542571,0.67,0.22,0.27,1.682,219,-0.68,-0.39,1
,8595866,2,0.331941,0.38,0.13,0.18,1.324,318,0.43,-0.24,1
,8596593,1,0.627577,0.55,0.23,0.18,0.825,217,2.41,10.86,1
,8599554,5,0.266099,0.57,0.19,0.24,2.66,257,0.54,-0.98,1
,8604367,5,0.227772,0.73,0.35,0.33,1.567,286,2.78,12.21,1
,8605645,5,0.337479,0.34,0.11,0.12,1.538,255,0.75,-0.57,1
,8607779,1,0.514024,0.41,0.12,0.11,2.209,171,-1.65,2.68,1
,8608048,1,0.545587,0.59,0.2,0.26,0.967,265,-0.21,-0.87,1
,8608952,1,0.567372,0.51,0.13,0.07,1.925,217,-2.41,5.85,3
,8610884,1,0.592421,0.54,0.17,0.22,1.475,277,-0.67,-0.53,1
,8610949,1,0.583834,0.59,0.19,0.23,1.96,252,-0.61,-0.49,1
,8611053,5,0.239694,0.52,0.17,0.2,0.664,268,0.57,-0.62,1
,8611846,1,0.601571,0.52,0.17,0.22,1.008,269,-0.17,-1.11,1
,8618638,1,0.702632,0.39,0.13,0.16,1.057,285,-0.01,-0.89,2
,8620327,1,0.665734,0.66,0.22,0.26,1.181,335,-0.05,-0.38,1
,8620650,5,0.325989,0.37,0.16,0.16,2.02,341,4.67,44.41,1
,8622852,0,0.325988,0.13,0.13,0.06,0.716,331,14.67,244.43,1
,8623110,1,0.456804,0.75,0.24,0.25,2.882,226,-1.25,1.05,1
,8624807,5,0.325987,0.48,0.2,0.07,1.17,335,4.19,18.24,1
,8627194,1,0.623206,0.57,0.18,0.2,1.112,359,0.06,-0.63,1
,8627731,5,0.325987,0.25,0.16,0.09,0.497,327,5.42,37.36,1
,8629192,5,0.325989,0.24,0.13,0.1,0.61,320,5.68,45.89,2
,8630471,1,0.576431,0.79,0.25,0.32,1.173,379,-0.19,-0.91,1
,8631163,1,0.648802,0.52,0.17,0.21,1.611,71,0.19,-1.17,1
,8636148,5,0.237536,0.59,0.19,0.23,0.917,500,0.93,-0.14,1
,8637808,2,0.347241,0.38,0.13,0.18,1.597,343,0.03,-1.44,1
,8640362,2,0.344191,0.4,0.14,0.18,1.164,444,0.02,-1.04,1
,8640880,5,0.261184,0.49,0.17,0.23,2.627,488,0.19,-1.11,1
,8641088,1,0.599648,0.63,0.2,0.25,1.684,489,-0.42,-0.94,1
,8646040,1,0.623865,0.92,0.29,0.34,2.09,480,-0.66,-0.69,1
,8649255,1,0.493882,1.01,0.29,0.25,1.696,228,-0.28,0.84,1
,8658610,1,0.460444,0.76,0.37,0.19,2.844,194,3.31,15.73,2
,8669917,1,0.554219,0.71,0.24,0.29,2.108,228,-0.79,-0.12,1
,8670360,5,0.259853,0.47,0.16,0.18,1.344,221,0.92,-0.13,1
,8670921,5,0.284372,0.41,0.13,0.16,2.414,242,0.59,-0.64,1
,8675526,5,0.407074,0.38,0.12,0.13,1.562,137,0.55,-0.62,1
,8678387,1,0.592961,0.65,0.21,0.23,1.189,213,0.03,-0.29,1
,8678641,1,0.632783,0.85,0.28,0.31,1.185,221,-0.14,0.04,1
,8679000,2,0.412332,0.42,0.14,0.19,1.206,230,0.0,-1.31,1
,8679141,1,0.565182,0.53,0.17,0.19,2.638,101,-0.84,-0.24,3
,8679369,2,0.391143,0.53,0.17,0.19,0.633,199,0.61,0.5,2
,8680084,1,0.669622,0.8,0.23,0.24,2.257,205,-0.75,-0.28,1
,8680372,1,0.535415,0.87,0.29,0.32,1.166,204,0.65,1.97,2
,8680526,1,0.612588,0.44,0.14,0.16,1.035,99,-0.17,-0.84,3
,8681167,1,0.647146,0.86,0.27,0.33,1.436,211,-0.27,-0.66,1
,8681440,1,0.714869,0.65,0.2,0.2,0.965,198,0.6,0.23,1
,8681968,0,-9.9,0.52,0.18,0.22,0.745,207,-0.19,-0.63,1
,8683059,1,0.627439,0.85,0.29,0.37,1.388,187,-0.4,-1.08,1
,8684437,2,0.349952,0.36,0.15,0.17,2.389,224,1.57,5.7,1
,8685793,1,0.484714,1.12,0.36,0.37,1.699,202,-0.69,-0.46,1
,8686093,1,0.740232,0.46,0.15,0.18,0.847,211,-0.04,-0.63,1
,8686111,1,0.639428,0.72,0.23,0.23,1.098,192,-0.2,-0.05,1
,8729307,1,0.568398,0.67,0.22,0.25,1.097,255,-0.38,-0.31,2
,8730052,1,0.694311,0.62,0.2,0.26,1.333,280,-0.01,-1.06,1
,8733583,4,0.918235,0.46,0.14,0.12,1.518,285,2.55,5.98,1
,8735344,2,0.403326,0.49,0.15,0.14,1.081,285,-0.46,-0.02,1
,8738578,1,0.6312,0.4,0.12,0.15,0.54,277,-0.24,-0.05,2
,8742110,1,0.611223,0.51,0.16,0.2,1.426,307,-0.14,-0.59,1
,8745173,2,0.328524,0.79,0.25,0.29,1.473,296,-0.7,-0.5,1
,8745394,1,0.522108,0.76,0.25,0.31,2.343,317,-0.68,-0.72,1
,8747255,7,126.321602,1.05,0.34,0.45,2.994,304,0.41,-1.11,1
,8747835,1,0.560136,0.84,0.25,0.27,1.904,241,-0.73,-0.26,1
,8747909,1,0.458046,1.06,0.32,0.32,1.609,297,-1.17,0.41,1
,8750069,5,0.325991,0.3,0.1,0.13,2.175,340,0.08,-0.59,2
,8750363,1,0.56132,0.77,0.25,0.3,1.939,295,-0.67,-0.4,1
,8753182,5,0.24232,0.63,0.2,0.23,0.594,306,0.84,-0.09,1
,8753247,7,141.011902,0.48,0.14,0.18,1.521,301,0.0,-0.57,1
,8753791,0,-9.9,0.33,0.11,0.14,2.259,337,-0.07,-0.9,1
,8756859,2,0.290395,0.32,0.11,0.13,0.558,445,0.4,0.28,1
,8759044,4,0.561911,0.52,0.16,0.21,1.442,456,1.9,3.08,1
,8761079,4,0.51478,0.66,0.19,0.13,1.809,470,2.53,6.29,1
,8773985,5,0.299365,0.74,0.25,0.33,1.033,296,0.6,-0.82,1
,8774016,5,0.246396,0.68,0.22,0.26,1.515,289,0.86,-0.19,1
,8774537,4,0.668341,0.61,0.16,0.12,0.551,296,1.72,2.94,1
,8775452,1,0.593228,0.64,0.2,0.21,1.439,242,-0.3,-0.93,1
,8776072,2,0.347724,0.46,0.15,0.19,1.93,276,-0.07,-1.02,2
,8776933,4,1.227914,0.55,0.17,0.15,0.529,317,0.98,1.38,2
,8780321,2,0.285804,0.38,0.13,0.17,1.271,236,0.0,-1.24,1
,8783308,1,0.675049,0.47,0.16,0.18,1.189,240,-0.7,-0.58,1
,8786633,1,0.677389,0.41,0.13,0.13,1.966,202,-0.31,-0.43,1
,8792726,2,0.352805,0.72,0.25,0.27,0.679,222,0.7,1.31,2
,8797357,5,0.284336,0.54,0.18,0.22,2.328,204,0.55,-0.94,1
,8797911,1,0.53926,0.5,0.15,0.17,2.097,244,-0.85,0.21,1
,8799313,2,0.327559,0.52,0.17,0.2,0.912,280,0.76,-0.23,1
,8802205,1,0.556656,0.6,0.19,0.24,1.361,235,-0.52,-0.87,1
,8807945,1,0.52112,0.87,0.28,0.32,1.333,234,-0.05,1.42,1
,8819864,1,0.531603,0.36,0.11,0.12,1.907,219,-0.59,-0.25,1
,8820406,1,0.504361,0.84,0.26,0.28,1.983,228,-1.1,0.23,1
,8820713,1,0.648766,0.41,0.13,0.14,1.602,165,-0.48,-0.45,1
,8823736,1,0.665113,0.38,0.13,0.17,1.398,211,0.2,-0.92,1
,8827417,1,0.533478,0.96,0.32,0.34,1.497,190,0.22,0.29,1
,8853237,1,0.564773,0.38,0.12,0.16,2.189,336,-0.25,-1.07,1
,8854060,2,0.417676,0.54,0.17,0.2,0.507,337,0.26,-0.34,1
,8854248,2,0.347479,0.48,0.16,0.2,1.372,336,-0.04,-1.12,1
,8854560,4,0.638117,0.66,0.2,0.17,0.509,405,1.94,3.77,1
,8855456,5,0.317902,0.44,0.15,0.2,1.344,465,0.69,-0.43,1
,8860301,5,0.287453,0.56,0.19,0.24,1.799,225,0.98,-0.23,1
,8866444,1,0.616431,0.45,0.15,0.19,1.693,241,-0.45,-1.11,1
,8867064,5,0.258976,0.52,0.2,0.23,1.694,176,1.34,2.64,1
,8867725,1,0.505452,0.8,0.25,0.29,1.649,218,-0.92,0.29,1
,8869325,1,0.450364,1.07,0.36,0.44,1.401,200,-0.41,-1.01,1
,8892213,4,0.327891,0.72,0.23,0.26,0.844,201,1.15,0.53,2
,8896747,2,0.362062,0.42,0.15,0.2,0.786,290,0.15,-1.24,1
,8897879,7,155.843307,0.98,0.31,0.4,2.206,296,0.4,-0.66,1
,8901601,1,0.462263,1.03,0.33,0.36,3.121,270,-1.07,-0.19,1
,8902279,1,0.712364,0.5,0.17,0.17,1.631,302,1.27,5.8,1
,8907563,1,0.513169,0.74,0.24,0.27,1.295,259,-0.64,-0.18,1
,8907625,2,0.359521,0.39,0.13,0.17,0.645,257,-0.01,-0.98,1
,8912411,4,0.620752,0.33,0.1,0.1,0.844,183,1.45,2.4,2
,8914489,1,0.490411,0.71,0.25,0.3,2.58,266,-1.31,0.79,1
,8918176,4,0.64692,0.56,0.17,0.15,0.583,294,1.63,3.86,1
,8922628,1,0.51688,0.76,0.23,0.23,1.289,202,-0.41,-0.09,1
,8923177,0,-9.9,0.42,0.14,0.14,0.664,261,-1.18,4.65,1
,8927173,1,0.558606,0.76,0.24,0.28,1.424,317,-0.61,-0.39,1
,8929826,1,0.657951,0.63,0.19,0.22,2.261,294,-1.02,0.12,1
,8930253,1,0.483875,0.96,0.31,0.41,2.956,302,-0.62,-0.92,1
,8931221,7,172.681717,1.58,0.5,0.61,3.194,298,0.22,-0.81,1
,8933546,1,0.505788,0.75,0.23,0.25,1.446,385,-0.91,0.37,1
,8936594,5,0.304851,0.33,0.11,0.15,1.79,430,0.34,-1.1,1
,8942404,5,0.302442,0.38,0.13,0.16,1.219,477,0.34,-1.15,1
,8951269,1,0.668698,0.77,0.25,0.34,2.714,202,-0.23,-1.24,1
,8952153,1,0.521349,0.79,0.25,0.28,2.166,239,-0.48,-0.47,2
,8955278,1,0.547521,0.9,0.29,0.39,1.836,200,-0.46,-1.02,1
,8970783,5,0.329603,0.54,0.18,0.24,1.431,206,0.65,-0.81,1
,8972895,2,0.35347,0.47,0.16,0.17,1.805,185,-0.93,-0.25,1
,8978704,5,0.258129,0.57,0.19,0.24,2.18,201,0.67,-0.86,1
,8981452,5,0.267626,0.57,0.19,0.2,0.934,195,0.83,0.09,1
,8983648,6,0.065685,0.63,0.21,0.26,1.386,202,-0.67,-0.66,1
,8983688,5,0.277829,0.43,0.21,0.17,1.011,214,4.01,26.33,1
,8984249,1,0.491721,0.88,0.29,0.36,1.656,184,-0.59,-0.65,1
,8988488,2,0.336355,0.49,0.16,0.19,1.238,213,0.39,-0.71,1
,8999679,2,0.338792,0.38,0.14,0.2,1.787,273,0.14,-1.52,1
,9001883,2,0.309825,0.44,0.16,0.22,1.846,216,-0.02,-1.52,1
,9002991,5,0.228739,0.78,0.25,0.28,0.7,222,1.08,1.76,1
,9003162,4,1.110508,0.37,0.11,0.08,1.04,226,2.26,4.54,1
,9003509,5,0.269976,0.67,0.22,0.28,1.89,255,0.75,-0.77,1
,9005186,2,0.404216,0.52,0.16,0.19,0.726,245,-0.31,-0.39,1
,9011013,1,0.723302,0.44,0.14,0.18,0.853,256,0.22,-0.32,1
,9014651,4,0.630068,0.4,0.13,0.17,1.422,235,1.07,0.1,2
,9014689,1,0.554952,0.7,0.22,0.26,1.913,281,-0.5,-0.72,1
,9015901,5,0.319601,0.65,0.21,0.25,1.346,287,0.78,-0.5,1
,9017843,2,0.271205,0.49,0.17,0.22,0.849,249,0.35,-0.46,1
,9017927,1,0.65671,0.92,0.3,0.34,1.624,268,0.1,-0.12,1
,9018303,1,0.566404,0.73,0.24,0.31,1.282,217,-0.17,-1.04,1
,9020065,5,0.315426,0.67,0.21,0.26,1.944,272,0.92,-0.05,1
,9022659,1,0.51775,0.92,0.3,0.34,1.869,273,-0.87,-0.44,1
,9025455,2,0.392874,0.45,0.23,0.21,1.829,267,4.45,35.23,1
,9026628,1,0.593221,0.73,0.25,0.31,1.438,229,-0.35,-1.12,1
,9038263,2,0.337835,0.36,0.13,0.17,1.09,237,0.28,-0.86,1
,9041967,1,0.587095,0.58,0.19,0.23,1.612,224,-0.22,-0.98,1
,9043904,5,0.281536,0.56,0.2,0.25,1.337,293,0.6,-0.92,1
,9054729,1,0.479153,0.84,0.26,0.3,1.713,271,-0.6,-0.55,1
,9062695,1,0.610623,0.45,0.14,0.14,1.893,130,-0.75,-0.4,1
,9063194,1,0.575786,0.78,0.25,0.33,2.345,467,-0.4,-1.11,1
,9064251,5,0.339488,0.33,0.11,0.13,0.539,443,0.26,-0.75,1
,9065043,2,0.340479,0.34,0.12,0.16,2.181,391,0.07,-1.39,1
,9066685,1,0.466863,1.04,0.33,0.4,2.076,452,-0.84,-0.47,1
,9068132,4,0.938761,0.46,0.13,0.13,0.578,439,1.92,3.96,1
,9070238,1,0.613909,0.92,0.29,0.36,1.734,447,-0.48,-0.88,1
,9072660,1,0.571189,0.51,0.16,0.18,2.014,82,-1.17,0.36,1
,9072857,5,0.281434,0.29,0.1,0.12,1.769,206,0.55,0.01,1
,9073923,1,0.703782,0.62,0.2,0.23,1.237,240,-0.14,0.19,1
,9075982,1,0.501582,0.91,0.29,0.35,2.188,264,-0.76,-0.43,1
,9087253,1,0.752122,0.36,0.12,0.15,1.0,225,0.1,-0.38,2
,9093796,2,0.333212,0.49,0.17,0.19,0.628,238,-0.12,1.37,1
,9097272,1,0.598834,0.6,0.19,0.23,1.536,230,-0.34,-0.78,1
,9099158,1,0.629722,0.49,0.15,0.18,1.729,253,-0.45,-0.77,1
,9100435,5,0.288745,0.65,0.22,0.27,1.417,254,0.79,-0.51,1
,9101955,1,0.608012,0.48,0.15,0.18,1.183,221,0.0,-0.73,1
,9109379,5,0.309216,0.62,0.24,0.35,2.127,50,0.4,-1.5,2
,9111980,5,0.248781,0.51,0.16,0.17,0.62,241,1.24,1.35,1
,9112223,5,0.225132,0.32,0.11,0.13,1.644,138,0.23,-1.13,1
,9117859,5,0.296476,0.6,0.19,0.2,1.322,177,0.53,-0.33,1
,9122839,1,0.483105,0.88,0.28,0.27,1.558,230,-0.6,0.56,1
,9122974,4,0.309588,0.65,0.2,0.2,0.776,213,1.21,0.45,1
,9127357,1,0.517929,0.97,0.3,0.35,1.053,66,-0.29,-0.86,2
,9129158,1,0.508268,1.07,0.35,0.4,2.376,180,-0.49,-0.45,1
,9132182,1,0.531707,0.36,0.19,0.13,1.903,157,3.77,27.48,2
,9141213,1,0.56203,0.83,0.28,0.37,1.286,204,-0.09,-1.06,1
,9142645,2,0.355702,0.4,0.12,0.14,0.886,269,-0.07,-0.1,1
,9150148,1,0.603908,0.89,0.31,0.28,3.148,234,1.44,10.34,1
,9152346,0,-9.9,1.64,0.51,0.52,3.416,280,-0.35,-0.44,1
,9153907,1,0.522431,0.75,0.25,0.31,1.497,243,-0.7,-0.7,1
,9162236,1,0.524602,0.86,0.27,0.33,1.536,240,-0.89,-0.45,1
,9163315,1,0.589752,0.94,0.27,0.25,1.186,213,-0.49,-0.27,1
,9171529,1,0.542019,0.8,0.26,0.28,1.063,219,-0.2,0.33,1
,9176715,1,0.53781,0.67,0.21,0.21,1.989,174,-1.09,0.02,1
,9183325,0,-9.9,0.66,0.19,0.18,0.646,157,-0.04,-0.45,1
,9183803,0,-9.9,0.59,0.25,0.12,0.591,94,3.64,22.61,1
,9184719,2,0.292245,0.62,0.23,0.26,0.958,184,0.66,2.22,1
,9185928,5,0.271327,0.71,0.24,0.29,1.691,189,0.87,-0.2,1
,9192820,1,0.599504,0.35,0.12,0.15,0.973,133,-0.3,-1.15,1
,9193259,2,0.360321,1.29,0.39,0.15,2.503,67,1.77,2.1,3
,9208280,1,0.610507,0.57,0.18,0.22,1.313,302,-0.63,-0.33,1
,9217136,5,0.25172,0.45,0.15,0.19,1.167,246,0.68,-0.72,1
,9223072,1,0.507754,0.92,0.29,0.32,2.052,281,-0.88,-0.12,1
,9223564,0,-9.9,0.82,0.26,0.18,3.05,32,-1.47,0.9,1
,9225305,5,0.262895,0.5,0.15,0.19,0.803,282,0.57,-0.21,1
,9227092,4,0.842102,0.43,0.13,0.15,1.829,350,2.38,4.95,1
,9227464,2,0.352866,0.42,0.13,0.17,1.937,352,-0.09,-0.96,1
,9236215,2,0.35257,0.54,0.16,0.19,1.061,444,-0.35,-0.62,1
,9238018,4,0.602204,0.71,0.2,0.16,1.175,372,1.89,2.88,2
,9245012,1,0.491227,0.52,0.17,0.22,2.201,400,-0.8,-0.43,1
,9245099,5,0.23473,0.99,0.3,0.3,0.983,389,1.36,1.48,1
,9246950,1,0.548151,0.7,0.21,0.24,2.241,410,-0.61,-0.5,1
,9250025,2,0.325693,0.45,0.16,0.23,1.235,366,0.18,-1.44,1
,9250453,1,0.594237,0.58,0.18,0.23,1.365,379,-0.54,-0.69,1
,9251983,1,0.509253,0.89,0.28,0.31,1.29,224,-0.59,-0.61,1
,9255057,2,0.307517,0.37,0.13,0.16,1.26,198,0.31,-1.17,1
,9255284,2,0.299035,0.41,0.17,0.21,1.191,198,-1.45,8.55,1
,9257473,2,0.299946,0.5,0.17,0.24,2.578,178,-0.22,-1.23,1
,9258096,1,0.588499,0.7,0.22,0.26,1.225,232,-0.49,-0.39,1
,9265911,1,0.675586,0.52,0.16,0.17,1.222,196,0.04,-0.14,1
,9267798,1,0.625333,0.41,0.13,0.16,1.075,226,-0.15,-0.87,1
,9272851,6,0.080104,0.5,0.16,0.16,1.604,184,-0.94,-0.2,1
,9273467,1,0.563758,0.71,0.23,0.24,2.471,183,-1.33,1.36,1
,9274750,5,0.335114,0.58,0.2,0.25,1.581,208,0.62,-1.07,1
,9282556,1,0.464695,0.83,0.27,0.31,2.68,206,-0.96,0.12,1
,9286563,1,0.590298,0.44,0.14,0.18,1.07,220,0.1,-0.99,1
,9287260,5,0.315622,0.44,0.14,0.16,0.732,195,0.91,0.06,1
,9288982,1,0.534131,0.7,0.22,0.26,1.223,234,-0.54,-0.47,1
,9289212,5,0.34125,0.19,0.1,0.07,1.179,201,3.39,16.06,2
,9289929,2,0.357095,0.4,0.13,0.2,0.825,185,-0.44,-1.11,1
,9290338,1,0.720522,0.65,0.23,0.26,0.924,188,1.61,9.24,1
,9294430,1,0.825466,0.44,0.15,0.2,2.409,181,-0.18,-1.41,2
,9297056,2,0.363762,0.48,0.17,0.22,1.65,228,-0.4,-1.08,1
,9298504,4,0.43902,0.66,0.21,0.16,1.478,229,2.38,5.62,1
,9299908,4,0.748301,0.57,0.2,0.08,1.068,229,3.71,14.3,1
,9301274,2,0.326925,0.44,0.16,0.21,2.651,135,0.17,-0.81,1
,9304586,1,0.483694,0.95,0.29,0.33,2.207,272,-0.65,-0.58,1
,9306104,1,0.672046,0.62,0.19,0.23,1.216,250,-0.36,-0.79,1
,9306729,4,0.776408,0.43,0.13,0.08,0.835,241,2.77,7.36,3
,9321631,1,0.586464,0.65,0.21,0.22,1.487,267,-0.03,0.22,1
,9322748,1,0.513278,0.77,0.26,0.31,2.683,243,-0.8,-0.61,1
,9325665,1,0.573551,0.35,0.12,0.14,1.813,222,-0.91,0.57,1
,9327430,5,0.25203,0.76,0.24,0.28,1.059,263,0.95,0.25,1
,9328902,6,0.051747,0.45,0.14,0.18,1.167,261,-0.63,-0.46,1
,9329336,2,0.321685,0.57,0.19,0.27,1.224,231,0.23,-1.22,1
,9337637,5,0.797865,0.39,0.12,0.15,0.875,215,0.43,-0.63,2
,9339352,5,0.275938,0.51,0.17,0.22,1.25,217,0.55,-0.92,1
,9340123,1,0.482076,0.96,0.3,0.36,1.165,232,-0.27,-0.68,1
,9340554,5,0.294205,0.52,0.18,0.22,1.553,233,0.88,-0.21,1
,9342307,5,0.260792,0.54,0.18,0.16,0.676,183,0.66,0.73,1
,9345335,1,0.500986,0.78,0.25,0.3,2.576,235,-0.31,-0.78,1
,9345642,6,0.063909,-9.9,0.17,0.16,0.488,239,0.09,5.72,2
,9346150,5,0.331938,0.31,0.11,0.14,2.164,233,0.37,-0.83,1
,9353335,1,0.519891,1.0,0.31,0.31,1.375,239,-0.72,-0.4,1
,9354080,1,0.627486,0.47,0.15,0.19,1.512,229,-0.1,-1.08,1
,9356158,2,0.308249,0.52,0.19,0.25,1.11,278,-0.14,-1.34,1
,9357126,2,0.341932,0.34,0.13,0.16,1.304,275,0.52,0.52,1
,9357148,1,0.539897,0.63,0.21,0.27,1.563,248,-0.46,-0.75,1
,9362275,1,0.668713,0.67,0.22,0.27,1.906,398,-0.25,-0.89,1
,9362756,1,0.583822,0.71,0.23,0.29,1.759,436,-0.53,-0.77,1
,9363924,1,0.831875,0.31,0.1,0.13,2.156,425,0.11,-1.02,2
,9365776,2,0.290031,0.42,0.15,0.21,2.038,446,0.07,-1.32,1
,9375181,5,0.349051,0.37,0.12,0.17,1.521,443,0.58,-0.88,1
,9376120,5,0.314682,0.32,0.11,0.14,1.749,421,0.46,-0.8,1
,9385020,1,0.729249,0.35,0.12,0.16,1.795,271,0.09,-1.16,1
,9386790,5,0.324774,0.35,0.12,0.16,1.935,248,0.54,-0.63,1
,9389680,1,0.722186,0.56,0.18,0.19,0.554,285,-0.19,0.15,1
,9395078,2,0.352507,0.33,0.12,0.17,1.612,229,0.2,-1.34,1
,9397110,1,0.586188,0.55,0.18,0.24,2.397,237,-0.62,-0.87,1
,9399448,1,0.527621,0.67,0.22,0.24,1.541,226,-0.88,-0.1,1
,9402947,1,0.471286,0.97,0.31,0.4,1.675,223,-0.47,-0.79,1
,9405692,1,0.501992,0.89,0.29,0.37,2.029,233,-0.84,-0.63,1
,9406163,5,0.235767,0.57,0.18,0.23,2.162,186,0.65,-0.79,1
,9407191,5,0.392116,0.76,0.24,0.28,1.706,252,1.15,0.17,2
,9408031,1,0.537667,0.67,0.22,0.22,1.092,248,-0.91,0.66,1
,9410512,1,0.514208,0.75,0.24,0.27,2.54,224,-0.44,-0.74,1
,9411366,5,0.265141,0.74,0.24,0.26,1.1,232,0.88,-0.08,1
,9416156,5,0.228882,0.34,0.11,0.14,1.75,247,0.45,-0.9,1
,9418506,5,0.280721,0.36,0.12,0.14,0.645,234,-0.13,-0.03,2
,9422587,2,0.272223,0.56,0.19,0.23,0.808,242,0.46,-0.57,1
,9424295,6,0.099892,0.33,0.11,0.13,2.11,215,-0.6,-0.52,1
,9431728,5,0.242127,0.54,0.18,0.2,0.898,109,0.78,-0.52,2
,9436689,0,-9.9,0.41,0.12,0.11,0.533,57,0.09,0.22,1
,9436763,1,0.489005,1.03,0.35,0.44,2.192,241,-0.63,-0.84,1
,9443159,5,0.292114,0.43,0.14,0.18,1.972,261,0.7,-0.82,1
,9446597,2,0.385911,0.4,0.13,0.16,1.334,265,0.31,-0.93,3
,9449335,1,0.475724,0.92,0.29,0.32,2.2,257,-0.88,-0.36,2
,9452752,1,0.551098,0.64,0.21,0.27,1.509,165,-0.68,-0.6,1
,9456193,7,242.400696,1.77,0.56,0.65,3.209,235,0.15,-1.03,1
,9460236,1,0.665497,0.47,0.15,0.16,0.607,433,0.22,1.02,2
,9462122,5,0.249842,0.48,0.16,0.2,1.071,432,0.72,0.02,1
,9466381,5,0.279596,0.61,0.22,0.3,2.25,219,0.46,-1.23,1
,9471824,2,0.275507,0.4,0.13,0.14,0.632,232,-0.04,-0.38,1
,9473742,6,0.063307,0.53,0.18,0.21,2.366,223,-0.29,0.65,1
,9488722,1,0.630066,0.71,0.25,0.34,2.032,213,-0.26,-1.4,1
,9503242,5,0.371876,0.36,0.12,0.15,1.803,273,0.56,-0.69,1
,9505848,2,0.260831,0.37,0.12,0.16,0.719,295,-0.04,-1.14,1
,9507066,1,0.611134,0.59,0.19,0.24,1.252,256,-0.12,-0.73,1
,9507504,2,0.37816,0.37,0.12,0.16,2.176,244,-0.04,-1.12,2
,9509845,7,220.429306,2.39,0.76,0.87,2.9,60,-0.35,-1.08,1
,9511656,5,0.358088,0.43,0.14,0.18,2.253,281,0.29,-0.93,1
,9515908,1,0.54768,0.69,0.2,0.2,2.573,254,-0.73,0.02,1
,9517563,1,0.502012,0.88,0.28,0.36,2.229,271,-0.42,-0.99,1
,9518436,1,0.634883,0.82,0.28,0.31,1.099,257,-0.13,-0.15,1
,9518664,5,0.313534,0.35,0.12,0.16,1.12,252,0.43,-1.13,1
,9520221,1,0.71395,0.64,0.24,0.23,0.8,61,0.09,1.08,1
,9520295,1,0.493746,0.89,0.26,0.25,1.612,220,-1.09,0.5,1
,9522694,5,0.298898,0.51,0.22,0.23,2.484,286,3.54,31.89,1
,9527336,5,0.296347,0.42,0.14,0.17,0.942,272,0.66,-0.51,1
,9527360,5,0.242738,0.53,0.22,0.19,0.66,152,2.24,9.23,1
,9532981,1,0.59101,0.71,0.21,0.19,1.451,282,-0.71,0.41,1
,9535366,5,0.248884,0.46,0.16,0.22,2.097,255,0.3,-1.38,1
,9538011,5,23.980808,0.37,0.11,0.14,1.118,326,0.58,0.07,1
,9540157,4,0.667203,0.51,0.15,0.16,2.335,331,1.91,2.85,1
,9541058,1,0.663593,0.49,0.17,0.19,1.64,308,0.97,6.44,1
,9542116,5,0.401425,0.44,0.16,0.21,2.211,309,0.18,-1.36,1
,9543313,1,0.617109,0.6,0.2,0.27,1.519,325,-0.32,-1.16,1
,9549458,1,0.657151,0.76,0.23,0.28,1.05,312,-0.2,-0.84,1
,9550506,1,0.636115,0.63,0.21,0.23,0.999,298,-0.51,-0.21,1
,9552682,1,0.518845,0.71,0.23,0.26,3.039,315,-0.79,-0.23,1
,9553573,7,175.180405,1.53,0.49,0.59,2.991,356,0.48,-0.94,1
,9556484,1,0.521791,0.69,0.23,0.29,1.461,204,-0.39,-0.62,1
,9558311,5,0.371509,0.27,0.11,0.07,1.304,246,3.02,14.26,1
,9563258,5,0.266766,0.71,0.23,0.27,2.855,238,0.66,-0.61,1
,9563412,4,0.573875,0.39,0.1,0.07,1.256,246,2.27,4.84,2
,9563770,2,0.329699,0.35,0.13,0.17,0.924,164,0.25,-0.91,1
,9566859,5,0.991972,0.95,0.34,0.2,1.456,209,2.71,7.45,2
,9567430,5,0.301519,0.29,0.11,0.12,2.071,193,1.1,2.36,2
,9569331,2,0.296359,0.35,0.12,0.13,0.56,189,0.32,-0.62,2
,9570220,1,0.723237,0.52,0.17,0.21,0.657,191,0.02,-0.49,1
,9572253,5,0.304129,0.42,0.14,0.13,0.838,163,0.87,-0.3,1
,9572439,5,0.425412,0.38,0.11,0.12,2.34,207,0.74,0.71,1
,9576316,5,0.287136,0.34,0.3,0.14,0.813,174,5.71,36.45,2
,9577320,2,0.304566,0.41,0.15,0.21,2.322,186,0.16,-1.38,1
,9577512,1,0.532499,0.81,0.24,0.23,2.532,203,-0.99,0.28,1
,9582553,1,0.588459,0.68,0.23,0.3,1.624,206,-0.29,-1.21,1
,9587551,1,0.620331,0.66,0.21,0.22,2.452,91,-0.96,-0.16,1
,9588878,2,0.330714,0.43,0.15,0.2,1.03,202,-0.09,-1.32,1
,9592766,1,0.640747,0.45,0.15,0.18,0.693,214,-0.16,-0.87,1
,9605143,1,0.648869,0.77,0.25,0.33,1.031,254,-0.27,-1.07,1
,9609092,5,0.319347,0.37,0.12,0.06,0.912,40,1.64,1.68,2
,9611469,5,0.364178,0.71,0.22,0.17,1.325,279,2.11,4.2,2
,9614153,4,1.301085,0.36,0.11,0.07,1.027,307,2.8,8.43,2
,9614952,1,0.529387,0.84,0.26,0.32,1.401,278,-0.59,-0.67,1
,9616228,1,0.674569,0.69,0.22,0.25,1.73,285,-0.44,-0.83,1
,9616386,2,0.29615,0.5,0.18,0.23,1.152,267,0.76,2.24,1
,9617178,1,0.730848,0.5,0.16,0.18,0.644,277,0.37,0.1,1
,9619992,5,0.694033,0.52,0.16,0.18,1.726,257,0.57,-0.17,1
,9622119,1,0.639066,0.41,0.18,0.17,0.796,362,3.88,32.54,1
,9622423,1,0.464386,0.9,0.28,0.33,2.991,249,-1.04,0.24,1
,9630269,1,0.658176,0.45,0.14,0.14,0.664,256,-0.17,-0.15,1
,9631937,5,0.354171,0.52,0.19,0.26,1.62,253,0.56,-0.54,1
,9634233,1,0.523692,0.83,0.26,0.26,2.29,157,-0.85,-0.26,1
,9634528,1,0.636907,0.39,0.12,0.14,1.217,169,-0.29,-0.95,1
,9634799,1,0.491267,0.79,0.25,0.16,1.875,78,-1.56,1.41,3
,9634901,1,0.545489,0.79,0.25,0.25,2.059,152,-1.0,0.12,1
,9634973,0,-9.9,0.79,0.24,0.16,1.537,44,-0.71,-0.16,1
,9635398,0,-9.9,0.37,0.12,0.15,1.246,150,-0.07,-0.62,1
,9636272,1,0.529831,0.86,0.32,0.47,1.731,47,-0.59,-1.21,2
,9636803,1,0.522137,0.55,0.18,0.21,1.914,208,-1.1,0.25,1
,9636971,1,0.595393,0.58,0.28,0.22,2.044,152,2.64,13.1,3
,9637880,1,0.51961,1.0,0.3,0.33,1.973,46,-0.4,-0.5,3
,9638542,1,0.456082,0.93,0.3,0.33,2.087,116,-0.69,-0.73,1
,9638545,1,0.514814,0.75,0.23,0.22,1.905,161,-1.15,0.52,1
,9638573,0,-9.9,0.43,0.16,0.12,1.329,52,-0.77,1.77,1
,9638941,1,0.652413,0.57,0.19,0.21,1.657,94,-0.24,-0.51,1
,9639215,1,0.524534,0.78,0.23,0.22,2.014,153,-1.02,0.35,1
,9639417,1,0.520887,0.78,0.26,0.27,1.924,153,-0.84,-0.2,1
,9641503,1,0.53012,0.81,0.26,0.31,2.014,52,-0.29,-0.97,1
,9642334,0,-9.9,0.69,0.22,0.2,1.901,129,-1.17,1.29,1
,9643194,1,0.600548,0.71,0.23,0.28,1.803,107,-0.18,-0.93,2
,9643348,1,0.513335,0.61,0.19,0.19,1.733,135,-1.0,0.86,3
,9644206,1,0.503554,0.83,0.25,0.26,1.628,100,-0.83,-0.09,1
,9644371,1,0.597723,0.66,0.21,0.26,1.609,152,-0.52,-0.54,1
,9644871,1,0.501269,0.85,0.28,0.29,2.036,164,-0.59,-0.53,1
,9644983,1,0.499431,0.91,0.32,0.42,1.774,43,-0.33,-1.1,2
,9651045,1,0.559716,0.74,0.24,0.31,2.039,208,-0.31,-0.84,1
,9653449,5,0.248596,0.54,0.19,0.24,0.573,175,0.6,-0.64,1
,9660440,2,0.306853,0.49,0.17,0.23,1.023,293,-0.21,-1.21,1
,9664926,1,0.526515,0.82,0.27,0.34,2.847,250,-0.97,-0.51,1
,9668793,5,0.346121,0.6,0.19,0.21,2.141,226,1.23,1.13,1
,9669369,1,0.539878,0.66,0.22,0.31,2.053,449,-0.33,-1.26,1
,9671771,1,0.853011,0.4,0.13,0.18,1.856,459,-0.43,-1.1,2
,9679668,5,0.316438,0.38,0.11,0.14,0.912,397,0.45,0.12,1
,9681652,1,0.6312,0.37,0.12,0.14,0.726,443,-0.19,-0.5,1
,9683927,5,0.264444,0.32,0.11,0.14,2.208,263,0.62,-0.42,1
,9684652,1,0.548883,0.82,0.26,0.31,1.056,276,-0.44,-0.65,1
,9686014,5,0.339245,0.37,0.12,0.16,1.812,245,0.43,-1.13,1
,9686488,4,0.617792,0.34,0.1,0.09,0.743,260,1.84,3.71,2
,9691826,5,0.277525,0.72,0.26,0.33,2.659,105,0.4,-1.03,1
,9695153,5,0.315293,0.32,0.1,0.12,0.638,237,0.58,-0.38,1
,9697469,5,0.257991,0.73,0.3,0.32,0.887,233,1.74,5.69,2
,9705621,1,0.610663,0.79,0.26,0.3,1.484,232,-0.35,-0.14,1
,9720957,1,0.586282,0.72,0.25,0.31,1.184,198,-0.2,-0.89,1
,9721265,5,0.31269,0.36,0.12,0.15,1.826,237,0.56,-1.0,1
,9725407,1,0.476456,0.94,0.3,0.34,1.206,237,-0.48,-0.36,1
,9727347,5,0.252685,0.73,0.24,0.26,1.044,230,1.11,0.59,1
,9733104,5,0.281941,0.39,0.13,0.19,1.325,217,0.29,-1.25,1
,9742111,1,0.591721,0.72,0.23,0.25,0.861,229,-0.45,-0.43,2
,9742353,5,0.307194,0.5,0.17,0.22,1.743,208,0.79,-0.52,1
,9747095,1,0.548345,0.7,0.24,0.29,2.166,194,-0.53,-1.02,1
,9750968,1,0.513364,0.9,0.28,0.29,2.053,213,-0.71,0.01,2
,9756199,2,0.328862,0.45,0.15,0.19,0.793,277,0.06,-1.03,1
,9760759,2,0.318714,0.4,0.17,0.2,1.644,265,1.92,9.97,3
,9761394,1,0.568025,0.8,0.26,0.31,1.171,250,-0.09,-0.44,1
,9763096,1,0.600683,0.49,0.16,0.22,1.968,291,-0.2,-1.25,1
,9764991,5,0.317158,0.29,0.11,0.15,1.759,240,0.24,-1.31,1
,9766669,5,0.248533,0.38,0.12,0.16,1.637,386,0.64,-0.63,1
,9767520,5,0.846712,0.42,0.14,0.17,0.72,433,0.42,-0.34,1
,9768522,1,0.739331,0.5,0.15,0.17,2.543,444,-0.23,-0.16,1
,9785761,2,0.34098,0.38,0.13,0.19,1.436,190,-0.25,-1.35,1
,9786395,5,0.354602,0.53,0.16,0.17,0.944,222,1.62,1.63,2
,9786643,5,0.276577,0.5,0.16,0.21,1.541,188,0.71,-0.79,1
,9788296,1,0.571651,0.71,0.22,0.26,1.375,156,-0.57,-0.44,1
,9790684,6,0.056835,0.43,0.14,0.16,0.999,190,-0.66,-0.11,1
,9798466,5,0.245521,0.65,0.22,0.25,0.687,176,0.69,-0.38,1
,9801733,5,0.334038,0.59,0.2,0.25,0.726,183,0.43,-0.95,1
,9804047,5,0.243394,0.59,0.2,0.23,1.627,228,1.2,1.08,1
,9805107,5,0.412623,0.35,0.1,0.1,1.611,206,1.23,0.68,1
,9805426,1,0.463377,0.96,0.32,0.4,2.74,211,-0.86,-0.58,1
,9805460,1,0.63438,0.53,0.17,0.18,2.553,195,-0.75,-0.53,1
,9805921,6,0.063184,0.55,0.18,0.24,1.387,205,-0.61,-0.82,1
,9809348,7,76.871635,0.42,0.13,0.16,1.495,227,0.37,-0.59,2
,9809715,1,0.512747,0.76,0.25,0.3,2.054,188,-0.52,-0.1,1
,9811889,7,124.751999,0.97,0.27,0.26,2.544,239,0.88,0.45,2
,9814275,1,0.639653,0.41,0.16,0.18,1.902,280,1.36,8.09,2
,9818002,2,0.31846,0.35,0.12,0.17,2.361,249,-0.02,-1.46,1
,9818290,7,84.55587,0.5,0.16,0.17,1.712,197,-0.02,0.43,2
,9818617,1,0.626065,0.62,0.2,0.21,1.191,267,-0.09,0.67,1
,9818678,5,0.381394,0.42,0.14,0.19,1.558,273,0.83,-0.64,1
,9820050,1,0.554372,0.71,0.27,0.27,1.819,174,0.97,7.47,1
,9822987,1,0.734313,0.37,0.12,0.16,1.151,259,-0.25,-1.15,2
,9824595,1,0.536718,0.76,0.23,0.23,1.368,301,-0.97,0.65,1
,9824609,1,0.589228,0.86,0.29,0.38,2.241,235,-0.46,-1.09,1
,9826414,5,1.876341,0.51,0.14,0.1,1.136,280,2.07,3.76,2
,9827581,1,0.588819,0.58,0.18,0.2,0.916,227,0.03,-0.33,1
,9828200,1,0.623642,0.92,0.29,0.33,1.794,228,-0.82,-0.37,1
,9831726,1,0.702842,0.46,0.29,0.22,1.765,218,4.22,27.89,1
,9837069,5,0.244561,0.32,0.1,0.13,0.905,281,0.12,-0.76,1
,9837314,5,0.463647,0.5,0.14,0.15,1.505,265,1.28,1.74,1
,9838775,2,0.367546,0.46,0.15,0.17,0.706,279,0.25,0.82,1
,9838906,1,0.651402,0.65,0.2,0.22,0.815,281,-0.22,-0.48,1
,9840932,1,0.589359,0.59,0.18,0.19,1.409,273,-0.4,-0.51,1
,9843137,1,0.447085,0.9,0.28,0.31,2.625,270,-0.8,-0.13,1
,9843537,5,0.256496,0.57,0.22,0.22,1.528,289,3.2,19.59,1
,9843957,0,-9.9,0.48,0.17,0.2,2.538,280,-0.8,0.39,1
,9848891,2,0.289062,0.31,0.11,0.14,1.635,345,-0.28,-1.25,1
,9852432,5,0.278486,0.9,0.29,0.33,1.145,334,0.85,-0.32,1
,9852554,1,0.651341,0.69,0.21,0.25,0.969,339,-0.25,-0.7,1
,9853018,1,0.547183,0.48,0.17,0.18,2.446,175,-0.41,-0.4,2
,9854277,1,0.523445,0.7,0.26,0.21,1.301,88,1.9,6.7,1
,9854709,0,-9.9,0.8,0.26,0.32,2.927,124,-0.22,-1.22,1
,9854852,1,0.668736,0.59,0.19,0.24,1.93,294,0.08,-0.54,1
,9855123,1,0.527514,1.09,0.33,0.36,1.801,345,-0.85,-0.21,1
,9856232,1,0.626128,0.81,0.25,0.28,2.279,335,-0.8,0.03,1
,9862801,1,0.588475,0.76,0.25,0.31,1.366,127,-0.48,-0.74,1
,9864114,4,0.711993,0.46,0.13,0.1,2.162,232,2.23,4.51,2
,9869345,1,0.619295,0.84,0.27,0.32,2.497,181,-0.59,-0.78,1
,9869829,5,0.285944,0.52,0.18,0.24,2.067,206,0.61,-1.0,1
,9869879,1,0.63146,0.91,0.3,0.33,1.92,212,-0.31,0.5,1
,9873464,5,0.794831,0.4,0.13,0.15,0.879,178,0.44,-0.34,2
,9880403,1,0.55812,0.56,0.18,0.16,2.532,201,-0.94,0.27,1
,9887899,1,0.651243,0.63,0.19,0.19,1.807,209,-0.24,-0.38,1
,9890993,1,0.515154,0.91,0.27,0.27,2.543,209,-1.12,0.46,1
,9891325,1,0.609876,0.49,0.15,0.17,1.138,150,-0.57,-0.36,1
,9894846,0,-9.9,0.39,0.12,0.13,2.315,230,0.81,0.22,1
,9894898,1,0.567083,0.6,0.19,0.2,1.833,193,-0.67,-0.39,2
,9901761,5,0.338025,0.42,0.13,0.13,2.438,179,1.42,2.37,1
,9902637,5,0.312801,0.62,0.21,0.27,1.873,221,0.89,-0.22,1
,9902993,1,0.648987,0.63,0.21,0.27,1.178,198,-0.01,-0.93,1
,9905603,1,0.527067,1.04,0.36,0.44,2.331,232,-0.73,-0.93,1
,9906732,5,0.283761,0.32,0.11,0.12,2.225,222,0.77,0.81,2
,9909145,1,0.580936,0.65,0.2,0.24,0.731,148,-0.05,-0.83,2
,9911195,1,0.555261,0.66,0.2,0.23,1.321,248,-0.6,-0.4,1
,9917580,5,0.344947,0.33,0.11,0.14,1.895,267,-0.06,-1.02,1
,9918809,1,0.479463,0.72,0.23,0.27,1.559,265,-0.58,-0.25,2
,9919375,5,0.282653,0.54,0.17,0.2,0.642,260,0.35,-0.67,1
,9920704,1,0.631133,0.44,0.15,0.16,0.865,263,0.71,1.44,1
,9923943,1,0.492492,0.84,0.27,0.28,2.31,243,-1.08,0.24,1
,9928795,5,0.385788,0.39,0.13,0.16,2.288,265,0.04,-0.98,2
,9943088,6,0.087952,0.6,0.19,0.19,1.259,239,-0.09,3.42,1
,9951913,2,0.357266,0.54,0.17,0.2,2.401,226,-0.86,-0.16,1
,9960793,5,0.303734,0.54,0.19,0.26,1.984,269,0.49,-1.16,1
,9961135,1,0.590893,0.57,0.17,0.19,1.554,296,-0.37,-0.37,1
,9964640,2,0.318291,0.51,0.18,0.23,1.393,260,-0.05,-1.07,1
,9968431,2,0.302263,0.42,0.14,0.19,0.999,273,0.3,-0.8,2
,9971811,1,0.629208,0.78,0.24,0.27,2.469,248,-0.75,-0.32,1
,9972307,1,0.598574,0.46,0.15,0.18,1.241,268,-0.13,-0.18,1
,9979905,2,0.338737,0.48,0.17,0.22,2.066,457,-0.12,-1.38,1
,9980782,2,0.31234,0.45,0.16,0.22,1.431,505,0.05,-1.48,1
,9983476,1,0.443978,0.88,0.27,0.29,1.962,286,-1.3,0.96,1
,9983939,2,0.448078,0.47,0.15,0.19,1.672,466,0.0,-0.84,2
,9984569,2,0.348741,0.58,0.19,0.22,0.744,478,-0.27,0.45,1
,9987252,1,0.554543,0.75,0.23,0.28,1.362,404,-0.72,-0.49,1
,9996084,5,0.308361,0.35,0.12,0.16,2.089,222,0.43,-0.64,1
,10003298,5,0.247913,0.49,0.16,0.19,1.118,196,0.66,-0.48,1
,10004892,1,0.672551,0.76,0.24,0.22,0.934,269,0.77,3.53,1
,10013411,4,0.714081,0.58,0.19,0.1,1.328,170,2.23,4.29,1
,10021274,1,0.576921,0.74,0.23,0.29,2.368,214,-0.62,-0.57,1
,10022663,1,0.615962,0.74,0.23,0.25,2.743,246,-0.55,-0.5,1
,10025796,5,0.275851,0.67,0.23,0.26,1.353,233,0.48,0.09,1
,10030349,1,0.545072,0.78,0.25,0.26,2.124,255,-0.94,-0.07,1
,10032668,2,0.35841,0.41,0.14,0.19,1.602,193,0.08,-1.29,1
,10038903,1,0.496673,0.46,0.15,0.15,1.664,227,-0.53,0.72,1
,10040133,1,0.610546,0.49,0.16,0.19,1.222,257,-0.32,-0.77,1
,10040491,4,0.567419,0.63,0.19,0.1,1.616,228,2.54,5.72,2
,10041012,5,0.308566,0.33,0.11,0.14,1.831,204,0.29,-1.15,1
,10043488,1,0.473307,0.54,0.18,0.2,1.497,99,0.23,-0.04,3
,10045187,1,0.569596,0.74,0.25,0.29,1.054,229,-0.03,-0.81,1
,10046720,1,0.626056,0.29,0.11,0.14,1.453,136,-0.26,0.11,2
,10047498,1,0.49008,0.94,0.3,0.37,2.004,221,-0.85,-0.63,1
,10057890,5,0.298492,0.35,0.12,0.15,2.21,228,0.41,-0.56,1
,10060275,7,139.565308,1.63,0.53,0.65,1.886,237,0.46,-0.68,1
,10064356,1,0.628284,0.54,0.19,0.18,1.021,291,0.84,3.82,1
,10066464,1,0.66499,0.47,0.31,0.21,1.507,274,3.79,18.71,1
,10071455,2,0.293815,0.96,0.3,0.14,1.546,269,3.37,13.01,1
,10073927,1,0.667698,0.7,0.24,0.26,2.668,259,0.24,1.1,1
,10077105,1,0.507236,0.88,0.27,0.32,2.902,489,-0.2,-0.81,1
,10079300,1,0.571239,0.4,0.12,0.13,0.926,410,-0.1,0.34,1
,10083601,5,0.406427,0.32,0.11,0.13,2.281,342,0.76,0.77,1
,10084768,1,0.646224,0.71,0.23,0.26,1.395,388,-0.69,-0.61,1
,10085065,2,0.337489,0.41,0.14,0.19,1.943,444,-0.16,-1.44,1
,10086396,1,0.671248,0.62,0.19,0.24,2.486,433,-0.5,-0.83,1
,10089441,2,0.299404,0.4,0.14,0.19,1.929,219,-0.09,-1.42,1
,10099492,5,0.273506,0.33,0.11,0.13,1.497,214,0.35,-0.98,1
,10100966,1,0.616136,0.5,0.15,0.16,1.506,168,-0.61,-0.41,1
,10101561,5,0.279665,0.64,0.22,0.26,1.987,137,0.65,-0.82,1
,10102166,5,0.24389,0.79,0.26,0.28,0.509,213,1.06,0.54,1
,10113493,2,0.392891,0.41,0.14,0.19,1.463,153,0.18,-1.28,1
,10114059,1,0.550788,0.69,0.24,0.32,1.675,165,-0.23,-1.25,1
,10116555,1,0.512434,0.97,0.3,0.3,1.545,178,-0.8,-0.34,1
,10123919,1,0.627129,0.38,0.12,0.15,1.062,208,-0.25,-1.11,1
,10127760,5,0.274499,0.3,0.11,0.14,1.243,225,0.56,-1.0,1
,10127904,4,1.216994,0.36,0.1,0.07,0.821,217,1.87,5.35,1
,10132759,4,0.484112,0.95,0.33,0.19,1.823,260,3.55,15.72,2
,10135800,2,0.281147,0.5,0.16,0.18,0.566,138,0.15,-0.78,1
,10136638,0,-9.9,2.47,0.78,0.84,3.42,261,0.7,-0.52,1
,10141859,1,0.688579,0.75,0.24,0.28,2.203,484,-0.34,-1.01,1
,10142693,1,0.612154,0.5,0.17,0.21,0.665,330,0.29,-0.34,1
,10157893,5,0.228795,0.54,0.17,0.22,1.671,485,0.76,-0.46,1
,10164624,5,0.29663,0.36,0.12,0.16,0.974,252,0.46,-0.86,1
,10166691,5,0.275794,0.48,0.16,0.19,1.447,265,0.74,-0.77,1
,10173765,4,2.052738,0.4,0.11,0.06,1.896,275,2.97,8.6,2
,10178590,6,0.052179,0.39,0.13,0.15,0.887,283,-0.38,-0.58,1
,10178648,5,0.263535,0.67,0.33,0.21,1.354,112,3.49,15.49,1
,10180744,7,239.371811,0.93,0.28,0.32,1.863,203,0.48,-0.37,1
,10183351,2,0.374605,0.48,0.18,0.22,0.899,259,0.25,-0.62,1
,10186978,2,0.352288,0.34,0.12,0.15,2.017,194,-0.21,-1.05,1
,10195209,5,0.279314,0.33,0.11,0.16,1.138,216,0.17,-1.21,1
,10212012,1,0.469302,1.05,0.33,0.36,1.588,209,-0.56,-0.69,1
,10215128,1,0.543729,0.75,0.24,0.31,1.774,180,-0.59,-0.76,1
,10215434,1,0.552915,0.63,0.22,0.27,1.363,147,-0.57,-0.72,1
,10223525,1,0.489255,1.0,0.36,0.5,2.676,228,-0.58,-1.23,1
,10232710,2,0.278702,0.61,0.22,0.23,0.906,202,0.86,1.23,1
,10235783,1,0.587139,0.71,0.23,0.3,2.145,225,-0.55,-0.9,1
,10237392,5,0.266801,0.38,0.12,0.15,1.387,131,0.74,-0.52,1
,10237955,2,0.324917,0.34,0.12,0.15,0.665,211,0.31,-0.88,1
,10240846,1,0.614333,0.73,0.25,0.31,2.89,195,-0.56,-0.78,1
,10241512,2,0.310349,0.5,0.18,0.26,1.821,204,0.26,-1.4,1
,10247574,4,1.307852,0.4,0.17,0.08,0.688,228,3.78,16.0,2
,10250985,5,0.360578,0.42,0.14,0.17,1.403,213,0.81,-0.52,1
,10256108,1,0.472753,0.94,0.31,0.38,2.287,291,-0.84,-0.55,1
,10256156,1,0.541255,0.83,0.28,0.34,1.21,304,-0.49,-0.93,1
,10260828,2,0.380659,0.41,0.16,0.21,1.251,280,1.21,6.29,2
,10264978,5,0.23484,0.61,0.2,0.24,1.015,263,0.87,-0.3,1
,10274396,0,-9.9,0.64,0.2,0.19,0.562,238,1.65,3.12,1
,10275547,1,0.579712,0.69,0.22,0.22,1.274,233,-0.73,0.26,1
,10278022,2,0.397025,0.45,0.15,0.17,0.676,262,-0.08,-0.44,1
,10290982,2,0.306692,0.29,0.1,0.14,0.837,216,0.03,-1.21,1
,10294556,1,0.562818,0.6,0.19,0.23,1.757,218,-0.41,-0.9,2
,10294963,5,0.246999,0.55,0.19,0.23,2.471,178,0.78,-0.24,1
,10298947,1,0.455971,0.98,0.33,0.41,2.296,231,-0.8,-0.7,1
,10304077,5,0.253763,0.44,0.15,0.17,1.152,131,0.63,-0.78,1
,10305980,5,0.365455,0.44,0.13,0.14,2.237,261,0.94,0.48,1
,10307294,1,0.64059,0.36,0.12,0.15,1.375,222,-0.3,-0.84,1
,10309167,2,0.32418,0.37,0.13,0.19,1.489,266,0.26,-1.46,1
,10310788,1,0.50603,0.38,0.13,0.16,2.223,123,-0.64,-0.57,1
,10312182,1,0.530745,0.87,0.28,0.36,1.254,209,-0.55,-0.88,1
,10314024,1,0.571886,0.51,0.15,0.15,2.314,238,-0.62,-0.16,3
,10321095,2,0.334792,0.44,0.14,0.16,0.55,443,-0.51,1.62,1
,10321520,5,0.374173,0.38,0.11,0.12,2.158,399,0.81,-0.2,1
,10322215,7,215.77301,0.46,0.16,0.23,1.878,536,-0.23,-1.24,1
,10322436,1,0.575484,0.7,0.23,0.28,3.051,487,-0.69,-0.49,1
,10324405,1,0.569863,0.74,0.24,0.29,1.29,457,-0.51,-0.72,1
,10325207,1,0.614428,0.39,0.13,0.17,1.223,542,-0.44,-0.64,1
,10327541,1,0.440615,0.9,0.29,0.36,3.253,356,-0.71,-0.48,1
,10330471,1,0.595217,0.58,0.19,0.25,0.877,688,0.47,1.27,1
,10333591,1,0.61023,0.92,0.31,0.29,1.172,163,0.82,4.75,1
,10336985,5,0.306332,0.4,0.13,0.13,0.797,261,0.25,0.91,1
,10337573,5,0.25097,0.58,0.2,0.2,1.903,181,1.02,-0.31,1
,10337889,2,0.30834,0.46,0.16,0.22,1.333,172,0.23,-1.34,1
,10340420,2,0.375756,0.47,0.16,0.2,2.508,275,-0.34,-1.14,1
,10341978,1,0.559221,0.67,0.2,0.22,1.446,255,-0.78,-0.25,1
,10342292,1,0.603125,0.64,0.21,0.25,2.818,213,-0.51,-0.83,1
,10343059,6,0.042055,0.36,0.13,0.13,1.026,243,1.3,7.04,1
,10345517,5,0.262146,0.54,0.2,0.25,2.572,205,0.74,-0.11,1
,10348090,5,0.266741,0.42,0.14,0.17,1.331,234,0.52,-0.91,1
,10351118,1,0.555344,0.66,0.2,0.24,1.903,213,-0.73,-0.61,1
,10352672,5,0.268039,0.61,0.2,0.25,1.514,209,0.75,-0.63,1
,10355826,1,0.61925,0.7,0.23,0.3,1.801,407,-0.63,-0.66,1
,10357287,5,0.254883,0.69,0.24,0.24,0.93,213,1.49,2.51,1
,10361086,4,1.013866,0.57,0.16,0.12,1.116,213,2.06,3.55,3
,10363777,5,0.250029,0.5,0.18,0.15,0.732,200,1.41,5.69,1
,10366574,5,0.283704,0.64,0.21,0.16,2.05,122,-0.32,3.11,1
,10368242,0,-9.9,0.51,0.17,0.19,1.525,276,0.21,-0.27,1
,10368252,1,0.521811,0.86,0.28,0.35,1.748,227,-0.42,-1.09,1
,10370011,5,0.276315,0.39,0.12,0.16,1.466,265,0.27,-0.95,1
,10372468,5,0.307488,0.6,0.2,0.26,1.488,218,0.77,-0.72,1
,10375048,5,0.274091,0.36,0.13,0.1,0.68,85,1.91,6.22,1
,10375682,2,0.342006,0.4,0.14,0.19,1.362,219,0.18,-1.3,1
,10375719,1,0.688416,0.65,0.21,0.27,1.497,232,-0.36,-1.01,1
,10378538,1,0.764262,0.35,0.11,0.13,0.635,192,0.51,1.3,2
,10380706,4,0.638144,0.34,0.16,0.07,1.244,216,3.66,15.07,1
,10384548,1,0.638927,0.36,0.13,0.17,1.402,227,-0.33,-1.27,2
,10388951,5,0.294077,0.46,0.15,0.17,0.792,229,0.63,-0.31,1
,10392533,2,0.36431,0.45,0.14,0.16,0.897,199,-0.19,-0.4,1
,10397082,1,0.497416,0.97,0.31,0.37,2.245,255,-0.49,-0.93,1
,10397805,1,0.571421,0.6,0.2,0.28,1.651,205,-0.52,-1.06,1
,10398007,5,0.3428,0.37,0.13,0.16,2.172,192,0.37,-1.12,1
,10399422,1,0.551841,0.68,0.23,0.29,2.372,233,-0.56,-0.77,1
,10403458,2,0.295268,0.44,0.15,0.2,1.709,251,-0.35,-1.14,1
,10404134,4,0.762172,0.68,0.22,0.13,0.594,232,2.44,6.38,1
,10405664,2,0.267197,0.29,0.12,0.13,1.137,235,2.01,10.35,1
,10408512,0,-9.9,0.51,0.16,0.17,1.192,235,-0.39,-0.57,1
,10412814,1,0.605007,0.83,0.25,0.24,1.626,192,-0.71,0.4,1
,10414344,1,0.509411,0.9,0.3,0.35,1.892,236,-0.64,-0.6,1
,10417872,1,0.652617,0.77,0.25,0.3,2.149,431,-0.47,-0.61,1
,10418431,5,0.233108,0.5,0.16,0.19,1.197,75,0.22,-0.89,1
,10419829,0,-9.9,0.73,0.22,0.18,1.103,39,-0.83,-0.13,1
,10420063,1,0.487394,0.93,0.31,0.37,2.979,488,-0.74,-0.44,1
,10420155,5,0.187008,0.37,0.12,0.16,1.052,462,1.3,0.82,1
,10424071,5,0.261761,0.71,0.24,0.29,1.121,217,0.63,-0.8,1
,10426009,5,0.296115,0.4,0.14,0.18,1.799,490,0.34,-1.02,1
,10429339,1,0.586543,0.8,0.27,0.35,2.593,232,-0.23,-0.34,1
,10434735,1,0.635243,0.38,0.12,0.16,0.725,231,0.01,-0.3,2
,10437513,1,0.72658,0.75,0.25,0.24,0.639,239,1.0,2.23,1
,10438847,1,0.64459,0.56,0.18,0.21,1.151,233,-0.42,-0.46,1
,10442149,1,0.519649,0.93,0.29,0.32,1.68,209,-0.58,-0.55,1
,10442257,1,0.794648,0.43,0.13,0.17,1.583,186,0.21,-1.01,2
,10445917,1,0.479147,0.85,0.29,0.24,2.19,177,0.32,3.4,1
,10446485,4,0.858263,0.38,0.12,0.08,1.412,194,1.66,2.35,2
,10450530,2,0.281674,0.52,0.21,0.22,0.973,191,2.84,22.07,1
,10450639,1,0.52669,0.8,0.24,0.25,1.026,182,-0.36,-0.19,1
,10451070,1,0.639847,0.67,0.22,0.22,0.906,133,-0.72,-0.01,2
,10452608,1,0.595004,0.51,0.16,0.2,1.79,188,-0.3,-0.68,1
,10455393,5,0.511447,0.48,0.14,0.09,0.918,139,1.42,1.2,1
,10455515,2,0.400394,0.39,0.13,0.16,1.097,192,0.04,-0.91,1
,10456555,5,0.458193,0.36,0.13,0.17,1.064,45,0.35,-1.04,3
,10461193,4,1.811382,0.43,0.13,0.06,1.85,194,2.83,7.94,2
,10461245,5,0.269404,0.42,0.14,0.17,2.294,146,0.42,-0.86,1
,10463586,1,0.528294,0.86,0.27,0.33,1.656,198,-0.45,-0.89,1
,10466844,0,-9.9,0.58,0.18,0.18,1.901,250,-0.58,-0.01,1
,10471777,5,0.308301,0.37,0.12,0.14,0.51,255,0.78,0.48,1
,10476202,1,0.471381,0.76,0.24,0.27,2.242,134,-0.72,-0.17,1
,10480983,2,0.328111,0.44,0.15,0.2,0.795,515,0.03,-1.28,1
,10481330,5,0.306229,0.36,0.11,0.13,0.878,218,1.14,0.89,2
,10481905,1,0.48472,0.77,0.24,0.3,2.096,510,-0.67,-0.35,1
,10488093,1,0.561026,0.61,0.18,0.23,2.163,495,-0.41,-0.82,1
,10494061,1,0.575996,0.52,0.17,0.19,1.308,256,-0.23,-0.7,1
,10495321,1,0.523844,1.01,0.33,0.38,1.501,278,-0.28,-0.61,1
,10498524,1,0.711548,0.67,0.21,0.21,0.963,266,-0.19,-0.16,1
,10503746,1,0.573562,0.75,0.23,0.24,2.247,264,-0.36,-0.59,1
,10505581,1,0.637545,0.74,0.22,0.22,1.394,282,-0.96,0.19,1
,10509093,5,0.347138,0.4,0.13,0.16,0.637,452,0.5,-0.37,1
,10513982,5,0.361436,0.53,0.18,0.24,2.173,461,0.76,-0.75,1
,10517655,1,0.528077,0.86,0.27,0.28,1.115,411,-0.55,0.63,2
,10519762,5,0.357009,0.45,0.14,0.18,1.321,118,0.64,-0.61,1
,10521151,1,0.741798,0.33,0.12,0.16,1.745,437,-0.02,-1.48,2
,10522254,1,0.751844,0.67,0.21,0.25,0.711,464,0.08,0.08,1
,10524523,5,0.270383,0.52,0.17,0.19,1.557,285,0.97,0.08,1
,10528075,5,0.247348,0.52,0.17,0.21,1.094,245,0.78,-0.49,1
,10528356,1,0.564185,0.77,0.25,0.31,3.073,273,-0.35,-0.63,1
,10533068,1,0.607571,0.47,0.14,0.19,1.527,246,-0.09,-0.88,1
,10543030,2,0.309718,0.43,0.16,0.23,1.756,294,-0.13,-1.54,1
,10554431,1,0.594927,0.55,0.19,0.25,2.694,152,-0.37,-1.15,1
,10559406,1,0.486549,0.9,0.28,0.33,1.688,241,-0.66,-0.32,1
,10561150,5,0.225125,0.41,0.13,0.17,1.49,239,0.67,-0.61,1
,10569367,1,0.466742,1.04,0.34,0.43,1.754,457,-0.81,-0.67,1
,10575954,1,0.613811,0.78,0.27,0.37,2.218,335,-0.41,-1.27,1
,10575980,5,0.377662,0.28,0.11,0.12,1.818,461,2.29,14.27,1
,10578950,2,0.336024,0.39,0.14,0.19,1.895,428,0.35,-1.26,1
,10581384,5,0.285696,0.55,0.18,0.19,2.181,105,1.1,0.02,2
,10582011,2,0.436404,0.33,0.12,0.16,1.426,208,0.57,-1.17,1
,10585779,5,0.364648,0.39,0.14,0.19,2.085,195,0.42,-1.27,1
,10593916,1,0.559816,0.75,0.23,0.27,1.044,437,-0.19,-0.23,1
,10594697,2,0.275103,0.37,0.13,0.16,0.574,316,0.51,1.24,1
,10598277,1,0.632045,0.62,0.2,0.25,2.102,422,-0.4,-0.69,1
,10601348,5,0.307659,0.39,0.13,0.18,1.074,430,0.31,-1.06,1
,10606433,5,0.307072,0.44,0.15,0.2,1.301,142,0.07,-1.31,2
,10606728,4,0.59654,0.38,0.11,0.09,1.274,409,2.42,6.37,1
,10609185,5,0.366084,0.49,0.16,0.23,1.757,424,0.6,-1.01,1
,10614690,2,0.344013,0.43,0.14,0.19,1.683,221,0.07,-1.2,1
,10617428,5,0.496796,0.56,0.18,0.14,1.114,203,1.87,2.82,1
,10619285,2,0.324909,0.4,0.15,0.17,1.005,218,-0.2,2.72,1
,10623386,1,0.470592,0.84,0.27,0.32,1.48,385,-0.55,-0.41,1
,10628913,2,0.266212,0.46,0.16,0.21,1.415,345,0.0,-1.12,1
,10632244,5,0.254624,0.53,0.17,0.2,0.752,365,1.15,1.39,1
,10634459,1,0.684678,0.62,0.2,0.23,0.921,203,-0.33,-0.52,1
,10645575,1,0.452158,1.03,0.32,0.39,3.192,355,-0.88,-0.36,1
,10647040,1,0.560657,0.65,0.21,0.27,2.386,383,-0.49,-0.94,1
,10648348,5,0.341525,0.29,0.1,0.14,0.987,213,0.3,-1.19,1
,10650256,2,0.272063,0.42,0.15,0.17,0.48,165,-0.13,0.11,1
,10654481,5,0.332218,0.85,0.27,0.19,0.771,101,1.38,1.0,1
,10655343,5,0.277523,0.97,0.31,0.31,1.282,240,1.32,1.16,1
,10655742,1,0.51368,0.66,0.21,0.26,2.263,270,-0.8,-0.31,1
,10660789,5,0.248156,0.6,0.2,0.24,0.704,237,0.75,0.36,1
,10662289,4,0.233463,0.39,0.12,0.11,0.87,262,1.93,3.49,1
,10662468,2,0.445183,0.35,0.12,0.16,2.144,301,0.03,-1.21,1
,10664456,4,0.26111,0.72,0.22,0.23,1.732,342,1.62,1.63,2
,10676064,1,0.732263,0.48,0.15,0.18,2.3,319,-0.03,-0.59,1
,10679485,0,-9.9,0.46,0.14,0.04,1.729,65,-2.55,5.44,1
,10680443,5,0.283513,0.36,0.12,0.15,1.428,142,0.36,-0.93,1
,10683596,5,0.372554,0.84,0.24,0.2,0.6,241,1.25,1.77,1
,10689075,1,0.577423,0.84,0.25,0.26,1.482,208,-0.93,0.2,1
,10690026,4,0.856478,0.56,0.2,0.22,1.692,219,1.73,2.26,2
,10693572,1,0.725375,0.63,0.21,0.2,1.011,202,0.9,4.04,1
,10694800,1,0.631596,0.64,0.2,0.17,2.666,207,-0.98,0.49,1
,10695312,1,0.576233,0.65,0.2,0.25,1.638,223,-0.75,-0.37,1
,10696063,2,0.421818,0.46,0.15,0.17,0.846,216,-0.03,0.09,3
,10698978,5,0.29247,0.49,0.16,0.2,2.064,211,0.65,-0.85,1
,10701503,1,0.519663,0.84,0.27,0.32,1.647,216,-0.5,-0.8,1
,10702354,1,0.501595,0.69,0.23,0.29,2.289,233,-0.67,-0.75,1
,10703872,1,0.54095,0.77,0.26,0.31,1.903,188,-0.15,-0.51,1
,10714683,1,0.62202,0.47,0.16,0.21,1.112,261,-0.1,-1.14,1
,10716485,2,0.321906,0.48,0.15,0.2,1.778,215,0.16,-1.08,1
,10718368,5,0.279204,0.4,0.13,0.16,1.08,266,0.38,-0.89,1
,10719355,0,-9.9,0.73,0.23,0.23,0.51,65,-0.53,-0.22,1
,10722333,2,0.286417,0.41,0.15,0.2,1.933,193,0.28,-1.27,1
,10722407,7,135.332596,0.91,0.27,0.28,2.292,259,0.37,-0.48,1
,10723388,1,0.492753,0.95,0.3,0.38,2.126,447,-0.71,-0.64,1
,10725047,1,0.483727,0.95,0.32,0.43,2.989,319,-0.56,-1.01,1
,10727031,5,0.25112,0.64,0.21,0.28,1.785,265,0.8,-0.63,1
,10732372,2,0.343419,0.5,0.18,0.2,0.772,302,0.83,1.68,1
,10734049,5,0.283013,0.54,0.24,0.21,0.871,381,4.24,34.17,1
,10734524,1,0.592813,0.47,0.15,0.18,2.5,434,-0.38,-0.35,1
,10736002,1,0.637766,0.32,0.11,0.12,2.157,315,0.41,0.76,1
,10739694,1,0.520072,0.9,0.3,0.32,1.315,240,-0.6,-0.51,1
,10746087,5,0.401288,0.56,0.18,0.13,2.164,181,2.22,4.65,2
,10754530,1,0.615494,0.72,0.24,0.28,0.864,279,0.18,-0.86,3
,10754643,5,0.266735,0.52,0.18,0.22,1.658,192,0.66,-0.86,1
,10761441,1,0.466444,1.02,0.33,0.39,1.549,206,-0.71,-0.76,1
,10764932,5,0.291585,0.34,0.11,0.14,2.162,192,0.21,-0.92,1
,10766837,2,0.278948,0.57,0.19,0.19,0.805,190,0.27,0.09,1
,10768130,5,0.317439,0.56,0.2,0.28,2.057,152,0.39,-1.28,1
,10772300,5,0.244452,0.53,0.19,0.23,1.302,208,1.38,1.95,1
,10772841,6,0.086402,0.53,0.17,0.2,1.724,211,-0.99,-0.21,1
,10774194,1,0.538597,0.85,0.27,0.34,2.082,212,-0.64,-0.73,1
,10790955,1,0.615047,0.45,0.16,0.19,1.223,191,0.22,-0.14,1
,10799030,1,0.498578,0.94,0.29,0.31,0.946,234,0.0,-0.53,1
,10805415,1,0.529472,0.81,0.25,0.27,1.546,227,-0.79,-0.02,1
,10810263,0,-9.9,0.33,0.12,0.15,0.821,59,-0.3,-1.13,1
,10814550,5,0.29408,0.69,0.23,0.29,1.063,260,0.79,-0.33,1
,10814742,1,0.86314,0.84,0.28,0.35,2.453,257,-1.0,-0.23,2
,10820520,2,0.252908,0.42,0.15,0.19,1.228,368,0.26,-0.92,2
,10820778,5,0.316264,0.49,0.14,0.14,1.826,235,1.08,0.79,1
,10823089,7,188.100708,1.26,0.39,0.47,2.478,452,0.04,-0.98,1
,10824108,1,0.638526,0.68,0.22,0.27,1.835,190,-0.83,-0.57,2
,10825745,4,0.497026,0.7,0.22,0.1,1.553,231,2.88,7.77,2
,10826023,5,0.251718,0.4,0.13,0.16,1.161,184,0.63,-0.56,1
,10826695,1,0.612672,0.81,0.27,0.35,1.518,188,-0.53,-0.91,1
,10827065,1,0.580634,0.63,0.21,0.24,0.792,191,-0.13,-0.53,1
,10827224,2,0.333192,0.43,0.16,0.22,1.372,212,0.32,-1.41,1
,10838745,1,0.645613,0.31,0.2,0.13,0.899,205,6.62,56.6,2
,10841805,1,0.60386,0.54,0.17,0.19,0.977,193,-0.34,-0.68,1
,10844061,1,0.604998,0.5,0.16,0.22,1.97,186,-0.2,-1.09,2
,10849861,2,0.372284,0.38,0.13,0.17,1.089,144,0.28,-1.18,1
,10851261,5,0.598996,0.6,0.19,0.2,1.932,170,1.7,2.13,2
,10864655,2,0.333351,0.43,0.16,0.22,2.484,346,0.0,-1.44,1
,10864743,1,0.577494,0.63,0.2,0.27,1.925,238,-0.12,-1.26,1
,10865234,5,0.351914,0.55,0.19,0.24,1.447,236,0.26,-1.24,1
,10865417,1,0.656563,0.42,0.13,0.16,0.69,231,-0.06,-0.89,1
,10869160,2,0.281343,0.4,0.14,0.18,1.327,242,0.13,-1.16,1
,10874347,5,0.396966,0.37,0.11,0.13,1.281,481,1.13,0.99,1
,10876544,1,0.764683,0.45,0.15,0.2,1.825,169,-0.17,-1.11,2
,10890118,1,0.641442,0.84,0.28,0.35,1.796,468,-0.69,-0.72,1
,10890707,2,0.437929,0.41,0.18,0.2,1.48,463,1.96,9.82,2
,10897439,5,0.353474,0.38,0.13,0.19,1.242,477,0.29,-1.18,1
,10901803,5,0.325324,0.43,0.14,0.18,1.217,268,0.29,-1.01,1
,10904449,5,0.353719,0.33,0.11,0.15,1.579,267,0.41,-1.19,1
,10913874,2,0.344496,0.38,0.21,0.18,1.059,239,6.7,76.2,1
,10916176,1,0.519052,0.91,0.28,0.27,1.609,230,-1.1,0.54,1
,10917192,5,0.373186,0.39,0.17,0.18,1.818,288,1.5,4.95,2
,10919784,5,0.279266,0.58,0.2,0.23,0.845,249,0.72,-0.4,1
,10925278,2,0.358943,0.47,0.16,0.2,0.57,211,-0.19,-0.89,1
,10926207,1,0.781243,0.44,0.14,0.16,1.464,279,-0.32,-0.87,1
,10926489,1,0.572637,0.68,0.21,0.25,1.013,237,-0.56,-0.58,1
,10927229,5,0.24556,0.75,0.27,0.3,1.536,271,1.9,5.98,1
,10927581,1,0.577056,0.6,0.2,0.27,1.63,249,-0.47,-0.89,1
,10930979,1,0.538048,0.78,0.24,0.26,1.818,309,-0.9,0.04,1
,10931205,5,0.369742,0.39,0.14,0.19,1.913,163,0.5,-1.2,1
,10933723,1,0.668516,0.73,0.23,0.29,1.456,213,-0.24,-1.02,1
,10934597,1,0.7194,0.58,0.26,0.22,1.168,213,3.74,26.28,1
,10937742,1,0.768742,0.38,0.21,0.11,0.708,141,3.76,17.46,1
,10944852,1,0.790789,0.53,0.17,0.22,1.398,199,0.21,-1.11,1
,10946515,1,0.630033,0.34,0.11,0.13,2.189,160,-0.64,-0.67,1
,10946569,5,0.459994,0.65,0.21,0.18,0.907,180,1.4,1.01,1
,10954700,1,0.594398,0.76,0.24,0.28,1.451,422,-0.51,-0.63,1
,10957462,1,0.540007,0.76,0.24,0.28,1.972,437,-0.75,-0.51,1
,10958834,5,0.22654,0.35,0.12,0.16,0.848,450,0.44,-0.79,1
,10958841,5,0.316486,0.38,0.13,0.16,0.787,399,0.58,-0.23,1
,10959637,4,0.402184,0.47,0.14,0.16,2.105,398,0.95,0.11,2
,10965014,6,0.081162,0.41,0.14,0.13,0.493,214,1.03,2.3,1
,10965798,5,0.292282,0.35,0.12,0.16,1.484,200,0.35,-0.96,1
,10966184,1,0.570246,0.85,0.28,0.3,2.922,208,-0.69,-0.7,1
,10967814,5,0.470071,0.31,0.21,0.15,1.973,180,8.4,94.24,1
,10968761,5,0.27601,0.69,0.23,0.29,1.922,179,0.82,-0.46,1
,10969124,1,0.488708,0.84,0.28,0.36,1.912,194,-0.59,-0.82,1
,10976924,5,0.280251,0.49,0.16,0.2,0.647,381,0.62,-0.59,1
,10980498,2,0.278969,0.39,0.13,0.17,0.87,309,0.09,-1.15,2
,10980961,1,0.551963,0.81,0.26,0.31,1.338,376,-0.17,-0.69,1
,10982208,1,0.46373,0.72,0.24,0.28,1.397,364,-0.09,0.89,1
,10993867,5,0.43147,0.32,0.12,0.14,1.403,192,0.91,1.0,1
,10998598,5,0.325642,0.6,0.2,0.24,2.641,192,0.57,-0.97,1
,10999111,1,0.461948,0.36,0.12,0.13,1.617,167,-0.45,-0.43,1
,11002062,7,70.747368,0.47,0.16,0.2,1.693,282,0.08,-1.27,1
,11007728,1,0.58,0.49,0.16,0.18,0.801,268,0.11,0.18,1
,11021068,5,0.293457,0.56,0.18,0.22,1.281,281,1.05,0.17,1
,11022517,5,0.316891,0.55,0.19,0.22,0.596,220,0.36,-0.41,1
,11026198,2,0.367624,0.48,0.19,0.24,1.018,211,1.0,4.65,1
,11026424,0,-9.9,0.35,0.13,0.08,2.197,35,1.48,2.05,1
,11027581,1,0.507166,0.93,0.3,0.29,2.709,215,-1.16,0.21,1
,11031156,1,0.615161,0.39,0.13,0.17,2.234,252,0.32,0.02,1
,11032313,5,1.732528,0.58,0.18,0.14,0.573,256,1.8,3.99,2
,11046030,2,0.290603,0.47,0.16,0.22,1.155,303,0.18,-1.01,1
,11047126,5,0.618193,0.5,0.15,0.17,1.217,197,1.06,0.26,1
,11050962,1,0.615856,0.77,0.23,0.24,2.451,219,-0.78,-0.4,1
,11057099,5,0.701466,0.22,0.14,0.08,0.87,251,9.62,128.62,3
,11057731,5,0.258562,0.42,0.14,0.18,1.347,287,0.44,-0.92,1
,11059779,1,0.512022,0.67,0.23,0.22,1.646,127,-0.06,1.47,1
,11060228,2,0.350926,0.54,0.2,0.18,1.419,210,0.86,10.08,1
,11061527,1,0.629922,0.72,0.28,0.22,1.086,102,2.42,13.83,1
,11063868,1,0.631286,0.79,0.26,0.36,2.451,140,-0.72,-0.65,1
,11068756,1,0.621169,0.5,0.16,0.18,0.646,270,0.41,-0.21,1
,11070168,1,0.38583,0.38,0.12,0.16,2.34,200,-0.63,-0.62,2
,11075644,1,0.623806,0.91,0.28,0.29,1.632,188,-0.62,-0.28,1
,11076412,2,0.294653,0.61,0.2,0.23,0.785,246,0.12,-0.05,1
,11077023,5,0.251376,0.72,0.24,0.28,2.068,115,0.51,-0.8,1
,11078194,2,0.25634,0.33,0.11,0.14,2.093,184,0.28,-0.97,1
,11080315,4,0.622849,0.58,0.18,0.11,1.85,190,2.23,4.14,1
,11094793,5,0.254541,0.38,0.12,0.16,1.28,215,0.76,-0.66,1
,11100516,5,0.426872,0.45,0.13,0.11,0.793,249,1.68,3.91,1
,11104825,2,0.326966,0.35,0.13,0.18,0.907,238,0.07,-1.31,1
,11107332,2,0.351395,0.3,0.11,0.15,2.112,232,-0.13,-1.51,1
,11107357,1,0.579137,0.58,0.17,0.17,1.012,241,-0.5,-0.28,1
,11109260,1,0.550467,0.77,0.25,0.32,2.002,217,-0.61,-0.83,1
,11113073,5,0.554858,0.31,0.11,0.14,0.787,225,0.4,-0.8,1
,11116839,1,0.542997,0.87,0.28,0.33,2.931,304,-0.77,-0.58,1
,11117424,1,0.609233,0.76,0.27,0.25,2.43,255,0.82,3.77,1
,11120720,1,0.608723,0.62,0.2,0.22,2.521,248,-0.89,-0.13,1
,11124209,1,0.511584,0.76,0.24,0.21,1.074,86,-0.53,-0.09,2
,11125438,1,0.582669,0.82,0.27,0.28,1.109,312,0.16,2.72,1
,11126244,5,0.277357,0.5,0.17,0.2,1.202,230,0.89,-0.45,1
,11129616,1,0.57173,0.64,0.21,0.26,2.31,247,-0.39,-1.06,1
,11134934,1,0.571846,0.58,0.18,0.18,2.3,261,-1.28,1.03,1
,11135735,2,0.30003,0.48,0.15,0.18,0.977,247,0.18,-0.62,1
,11139551,5,0.325467,0.49,0.17,0.2,1.092,212,0.8,-0.41,1
,11142378,5,0.415589,0.58,0.36,0.12,0.825,226,6.03,43.01,1
,11143366,1,0.66592,0.7,0.25,0.26,0.959,241,1.14,6.61,1
,11147762,5,0.268207,0.44,0.15,0.19,1.788,298,0.38,-1.11,1
,11149695,5,0.27747,0.42,0.14,0.17,2.208,202,0.46,-0.95,1
,11150338,5,0.31473,0.35,0.12,0.14,1.112,217,0.57,-0.59,1
,11151226,1,0.569182,0.84,0.26,0.29,1.718,216,-0.7,-0.4,1
,11152402,2,0.311327,0.34,0.11,0.13,1.486,199,-0.63,-0.51,3
,11164967,4,0.643639,0.47,0.13,0.06,0.874,204,2.92,8.77,2
,11166089,2,0.381043,0.44,0.15,0.2,2.299,220,-0.09,-1.26,2
,11169239,0,-9.9,0.61,0.2,0.24,0.554,137,-0.19,-0.91,1
,11175527,1,0.688691,0.32,0.11,0.13,1.462,200,-0.71,-0.27,1
,11178050,1,0.483908,0.85,0.28,0.3,1.164,215,-0.27,0.45,1
,11187857,1,0.612941,0.7,0.22,0.26,0.92,343,0.21,-0.19,1
,11202454,5,1.964709,0.4,0.14,0.12,1.028,218,2.4,6.44,2
,11206727,1,0.630258,0.47,0.15,0.17,1.429,253,-0.3,-0.68,1
,11212840,5,0.24117,0.46,0.16,0.17,0.635,336,1.09,5.18,2
,11214551,1,0.583245,0.91,0.29,0.34,1.725,276,-0.51,-0.77,1
,11215595,1,0.546951,0.89,0.29,0.37,1.692,338,-0.65,-0.69,1
,11224124,1,0.580487,0.72,0.24,0.24,1.006,318,0.29,1.11,1
,11231236,5,0.330347,0.39,0.12,0.14,1.482,146,0.73,-0.53,1
,11233410,5,0.282862,0.72,0.25,0.24,0.628,183,1.39,2.78,1
,11236739,5,0.292304,0.62,0.2,0.18,1.098,148,1.24,1.14,1
,11238522,5,0.430952,0.62,0.23,0.19,0.607,147,1.96,4.08,2
,11248827,4,0.721047,0.49,0.13,0.07,1.186,205,2.31,4.8,2
,11250867,1,0.649685,0.49,0.17,0.2,1.037,182,0.51,-0.11,1
,11256803,2,0.34001,0.53,0.19,0.24,1.848,251,-0.23,-1.32,2
,11262045,1,0.758273,0.43,0.14,0.17,2.505,232,0.13,-0.58,2
,11265995,4,0.815217,0.65,0.18,0.1,1.841,232,2.26,4.49,1
,11266154,1,0.591354,0.9,0.28,0.32,1.966,249,-1.09,0.25,1
,11266259,2,0.331842,0.36,0.13,0.18,1.811,244,0.32,-1.39,1
,11266421,1,0.621119,0.88,0.27,0.28,1.765,241,-0.9,0.03,1
,11268582,1,0.57745,0.86,0.29,0.39,1.898,242,-0.62,-1.03,1
,11269883,2,0.313108,0.38,0.13,0.17,0.7,198,-0.38,-0.75,2
,11275272,5,0.433395,0.34,0.11,0.13,2.129,185,1.16,1.09,1
,11281747,2,0.312089,0.29,0.1,0.14,1.626,188,-0.21,-1.34,1
,11286446,0,-9.9,0.29,0.11,0.12,2.112,44,0.67,-0.84,1
,11288427,5,0.323976,0.34,0.11,0.13,1.203,248,0.5,-0.51,1
,11289127,1,0.481803,0.85,0.29,0.32,1.868,248,-0.58,-0.91,1
,11290149,2,0.330411,0.39,0.15,0.21,1.559,246,-0.04,-1.55,2
,11293454,1,0.568598,0.62,0.19,0.22,1.804,307,-0.78,-0.27,1
,11296138,1,0.618449,0.5,0.16,0.19,2.116,263,-0.67,-0.36,1
,11296222,2,0.354371,0.41,0.15,0.18,1.157,258,1.02,6.88,1
,11303365,2,0.282034,0.43,0.14,0.18,1.567,285,-0.58,-0.83,1
,11316846,1,0.459271,1.01,0.32,0.39,1.674,177,-0.55,-0.71,1
,11320938,5,0.271973,0.45,0.15,0.18,1.254,222,0.84,-0.48,2
,11321453,1,0.512763,0.81,0.28,0.35,2.229,210,-0.4,-0.85,1
,11323391,1,0.643864,0.44,0.15,0.19,1.169,189,-0.34,-0.77,1
,11324733,1,0.593401,0.69,0.23,0.2,1.229,169,0.85,6.9,1
,11325737,1,0.579307,0.66,0.2,0.26,1.176,155,-0.2,-1.01,1
,11335574,1,0.582731,0.32,0.1,0.13,1.051,201,-0.34,-0.85,1
,11337303,5,0.278297,0.68,0.21,0.24,0.953,199,0.78,-0.38,1
,11339944,1,0.552774,0.94,0.27,0.23,1.713,205,-0.87,0.27,1
,11348055,1,0.556004,0.79,0.24,0.27,1.343,231,-0.45,-0.66,1
,11348526,7,151.329407,1.04,0.34,0.42,1.703,251,0.67,-0.51,1
,11354297,1,0.752728,0.45,0.17,0.18,1.481,196,0.61,1.64,2
,11355976,5,0.287597,0.67,0.22,0.24,0.909,239,0.74,0.06,1
,11363653,5,0.293332,0.78,0.26,0.34,1.602,316,0.81,-0.62,1
,11363998,1,0.65168,0.71,0.21,0.24,1.91,230,-0.56,-0.21,1
,11364592,2,0.318602,0.51,0.17,0.23,0.653,331,0.02,-1.03,1
,11365460,5,0.301335,0.51,0.18,0.23,1.423,104,0.37,-1.05,1
,11365516,2,0.327123,0.44,0.15,0.21,1.454,295,0.25,-1.31,2
,11366353,2,0.266815,0.41,0.14,0.19,2.313,260,-0.09,-0.99,1
,11368047,1,0.51139,0.83,0.28,0.34,1.385,290,-0.65,-0.58,1
,11368905,0,-9.9,0.61,0.19,0.22,0.597,294,0.14,0.43,1
,11370169,1,0.653563,0.74,0.22,0.22,2.957,252,-0.83,-0.06,1
,11372153,1,0.45463,1.03,0.31,0.29,2.112,267,-1.09,0.22,1
,11372314,0,-9.9,0.48,0.16,0.19,0.665,88,0.0,-0.67,1
,11375661,2,0.292861,0.53,0.17,0.2,0.795,235,0.16,-0.49,1
,11375941,6,0.107505,-9.9,0.14,0.17,1.228,280,-0.41,-0.63,2
,11376144,5,0.46547,0.44,0.13,0.13,1.996,250,1.09,0.54,1
,11376378,5,0.260525,0.56,0.18,0.22,1.475,272,0.71,-0.57,1
,11378426,4,1.173996,0.56,0.18,0.13,1.204,294,2.65,7.2,1
,11379304,5,0.241743,0.32,0.11,0.15,1.301,224,0.39,-1.14,1
,11382007,1,0.642532,0.36,0.12,0.15,0.969,278,-0.23,-0.79,1
,11385463,2,0.221363,0.43,0.16,0.23,1.27,223,0.05,-1.52,2
,11386927,1,0.552112,0.64,0.23,0.31,2.539,236,0.18,1.57,1
,11394313,2,0.320096,0.45,0.14,0.17,2.545,230,-0.17,-0.89,1
,11395106,5,0.28389,0.61,0.2,0.27,1.79,257,0.53,-0.98,1
,11400604,6,0.044614,0.33,0.11,0.14,0.767,277,-0.13,-0.9,1
,11401230,5,0.348392,0.57,0.2,0.26,1.554,256,0.64,-0.86,1
,11402630,5,0.426357,0.47,0.14,0.14,2.344,271,1.34,1.09,2
,11407362,2,0.242481,0.35,0.11,0.13,0.707,216,-0.72,1.91,2
,11408555,1,0.623869,0.43,0.14,0.16,0.568,254,0.39,-0.23,1
,11410670,1,0.597093,0.9,0.29,0.37,1.065,252,-0.01,-1.04,1
,11413263,1,0.663353,0.85,0.26,0.31,2.642,218,-0.36,-0.91,1
,11417615,5,0.259386,0.52,0.17,0.23,1.307,253,0.66,-0.95,1
,11420083,2,0.297897,0.49,0.16,0.21,1.205,246,0.04,-1.16,1
,11422873,2,0.32038,0.37,0.13,0.15,0.967,175,-0.14,-0.72,3
,11425991,1,0.540084,0.92,0.28,0.27,1.937,233,-0.74,-0.22,1
,11426705,1,0.459147,0.76,0.27,0.36,1.215,232,-0.47,-1.02,1
,11428827,2,0.357285,0.38,0.14,0.17,1.022,262,0.94,4.92,1
,11430673,2,0.311502,0.5,0.18,0.25,0.959,278,-0.16,-1.35,1
,11432150,2,0.274689,0.36,0.15,0.13,1.0,252,3.54,27.31,2
,11437675,5,0.271782,1.03,0.34,0.35,1.117,100,1.0,-0.05,1
,11438295,1,0.506505,0.65,0.2,0.23,1.196,185,-0.54,-0.6,2
,11438674,1,0.594315,0.58,0.18,0.22,1.198,255,-0.1,-0.86,1
,11441597,1,0.555787,0.55,0.18,0.19,0.788,209,-0.34,-0.32,1
,11442710,5,0.256194,0.84,0.28,0.22,1.253,236,-1.13,7.77,3
,11445136,2,0.310495,0.43,0.16,0.22,1.697,239,0.19,-1.5,1
,11446564,1,0.533248,0.81,0.25,0.27,1.942,241,-0.47,-0.69,1
,11448655,1,0.486902,0.87,0.28,0.36,1.365,257,-0.51,-0.71,1
,11450924,1,0.483106,0.78,0.25,0.29,2.484,223,-0.84,-0.51,2
,11453317,0,-9.9,0.34,0.12,0.13,2.366,158,0.13,-0.02,1
,11453870,1,0.591729,0.89,0.27,0.26,2.909,191,-0.64,-0.46,1
,11454283,2,0.354809,0.54,0.19,0.25,2.045,198,0.29,-1.16,1
,11456994,0,-9.9,0.38,0.12,0.15,2.421,157,0.07,-0.74,1
,11457648,2,0.402785,0.36,0.13,0.17,1.057,199,0.12,-1.38,1
,11457713,1,0.711225,0.61,0.2,0.23,0.91,211,-0.42,-0.56,1
,11462986,1,0.446928,0.89,0.31,0.29,1.967,192,0.46,6.54,1
,11464031,2,0.291607,0.46,0.16,0.2,1.737,197,0.13,-1.26,1
,11465701,1,0.605321,0.48,0.16,0.19,2.559,195,-0.54,-0.59,1
,11476683,2,0.366156,0.44,0.14,0.19,0.914,213,-0.35,-0.79,1
,11478686,5,0.283038,0.66,0.23,0.31,2.478,219,0.64,-0.83,1
,11485975,2,0.297571,0.51,0.18,0.22,1.093,219,-0.2,-0.77,1
,11488770,5,0.753638,0.38,0.12,0.15,1.946,258,0.18,-1.12,2
,11491234,1,0.597833,0.85,0.28,0.35,2.412,263,-0.8,-0.61,1
,11492977,1,0.567045,0.82,0.32,0.26,1.268,220,2.0,11.6,1
,11493311,5,0.272609,0.56,0.18,0.2,1.624,199,0.81,-0.05,1
,11493567,2,0.363647,0.5,0.17,0.22,2.286,225,-0.22,-1.33,1
,11496529,4,0.716561,0.51,0.15,0.08,1.251,158,1.91,2.6,2
,11496577,5,0.311566,0.42,0.15,0.19,1.4,93,0.16,-1.37,1
,11500384,1,0.54178,0.74,0.23,0.28,2.7,270,-0.64,-0.68,1
,11523200,0,-9.9,0.5,0.18,0.22,2.592,220,0.61,0.14,1
,11525189,1,0.664065,0.8,0.25,0.28,1.392,184,-0.49,-0.59,1
,11529554,1,0.747194,0.51,0.16,0.21,1.393,237,-0.04,-1.13,1
,11534086,1,0.701882,0.71,0.24,0.25,1.189,193,-0.01,0.53,1
,11541886,2,0.34445,0.48,0.15,0.19,0.998,208,0.32,-0.93,1
,11558557,5,0.273052,0.31,0.12,0.12,0.52,139,2.71,13.54,2
,11560980,5,0.279133,0.42,0.13,0.17,2.151,201,0.53,-0.78,1
,11563929,1,0.599074,0.53,0.18,0.24,1.766,236,-0.64,-0.73,1
,11564391,0,-9.9,0.63,0.19,0.19,0.481,210,-0.39,0.22,1
,11565203,5,0.313986,0.41,0.16,0.16,1.008,216,3.01,21.55,1
,11566522,1,0.646529,0.48,0.16,0.18,0.646,213,-0.23,0.09,2
,11570517,6,0.050057,0.32,0.11,0.14,1.585,189,-0.4,-0.97,1
,11570575,5,0.240092,0.44,0.14,0.16,1.875,220,0.49,-0.46,1
,11576958,5,0.226989,0.63,0.2,0.25,0.818,247,0.57,-0.54,1
,11588863,1,0.647482,0.65,0.21,0.27,1.657,217,-0.26,-1.1,1
,11591510,1,0.629311,0.38,0.19,0.14,1.095,223,6.34,71.67,1
,11596145,1,0.463331,0.9,0.31,0.4,2.412,227,-0.59,-0.91,1
,11597683,1,0.533547,0.78,0.25,0.29,1.67,263,-0.23,-0.29,1
,11601918,1,0.582548,0.69,0.22,0.28,1.081,217,-0.24,-0.88,1
,11602036,5,0.278169,0.53,0.18,0.22,0.668,239,0.48,-0.19,1
,11606824,5,0.508538,0.74,0.25,0.18,0.491,233,1.6,5.4,1
,11617953,5,0.30897,0.39,0.13,0.15,1.158,146,0.25,-0.38,1
,11626935,5,0.212847,0.68,0.23,0.31,1.318,201,0.59,-1.01,1
,11636398,2,0.386755,0.42,0.15,0.2,1.276,257,-0.09,-1.21,1
,11638070,2,0.316967,0.37,0.13,0.17,1.958,192,0.02,-1.19,1
,11644471,1,0.530134,0.36,0.11,0.13,1.83,226,-0.94,0.88,2
,11651280,5,0.244507,0.46,0.15,0.19,1.655,258,0.65,-0.79,1
,11652004,1,0.642493,0.78,0.26,0.3,1.993,209,-0.76,-0.72,1
,11657158,1,0.469653,0.74,0.23,0.24,1.535,87,-0.95,-0.14,1
,11663372,1,0.507345,0.68,0.22,0.24,1.845,242,-1.19,1.03,1
,11667249,2,0.33015,0.43,0.15,0.21,1.604,281,0.06,-1.51,1
,11667868,1,0.580084,0.59,0.19,0.23,1.685,248,-0.65,-0.02,1
,11670541,1,0.912769,0.48,0.16,0.19,1.04,69,-0.2,-1.16,3
,11672471,5,0.279811,0.52,0.19,0.25,1.529,81,0.7,-0.87,1
,11675090,1,0.47424,0.58,0.18,0.19,2.349,215,-0.23,-0.7,1
,11679196,4,0.572423,0.58,0.23,0.11,0.638,237,3.41,16.01,1
,11681432,2,0.360065,0.65,0.2,0.14,1.579,278,2.65,7.92,1
,11684132,1,0.547557,0.86,0.27,0.29,1.543,200,-0.42,-0.11,1
,11685766,0,-9.9,0.58,0.16,0.13,1.707,264,0.93,1.08,1
,11688186,1,0.625151,0.74,0.24,0.27,1.918,298,-0.69,-0.21,1
,11691676,5,0.330221,0.45,0.15,0.19,2.603,253,0.3,-0.99,1
,11691999,1,0.521376,0.48,0.16,0.14,2.26,183,-1.7,2.75,1
,11693233,1,0.532608,0.71,0.22,0.22,1.64,259,-0.87,0.25,1
,11693275,6,0.067066,0.42,0.13,0.15,0.604,177,-0.3,-0.66,1
,11697185,1,0.465064,0.54,0.17,0.19,1.234,233,-0.37,-0.48,2
,11699462,4,0.400826,0.36,0.11,0.13,0.877,216,1.53,1.39,1
,11705227,1,0.622637,0.46,0.15,0.17,1.796,163,-0.33,-1.04,1
,11708168,2,0.269339,0.44,0.16,0.19,1.328,193,-0.25,-1.25,1
,11710343,1,0.586652,0.62,0.2,0.25,1.162,185,-0.37,-0.99,1
,11714464,1,0.713833,0.63,0.28,0.23,1.43,193,4.27,36.22,1
,11721002,1,0.45779,1.05,0.47,0.41,2.246,195,1.73,8.16,1
,11722875,1,0.506938,0.85,0.27,0.32,1.813,206,-0.89,-0.15,1
,11726211,6,0.058006,0.51,0.16,0.17,0.652,201,-0.53,0.34,1
,11726604,1,0.53847,0.72,0.25,0.31,2.915,205,-0.89,-0.35,1
,11734279,5,0.281527,0.8,0.27,0.36,2.759,216,0.7,-0.88,1
,11739544,1,0.644569,0.53,0.17,0.22,2.35,278,-0.5,-0.73,1
,11741466,2,0.318954,0.41,0.14,0.18,0.788,233,0.08,-1.19,1
,11748489,1,0.618734,0.41,0.14,0.19,2.01,261,-0.17,-1.43,1
,11752199,5,0.419896,0.33,0.11,0.14,1.325,257,-0.02,-0.48,2
,11754294,2,0.269408,0.32,0.12,0.16,1.858,242,0.04,-1.46,1
,11760891,2,0.301996,0.3,0.11,0.14,1.935,254,0.15,-1.08,1
,11762571,2,0.36913,0.41,0.14,0.19,1.294,230,-0.09,-1.29,1
,11763086,2,0.400458,0.45,0.14,0.17,1.017,250,-0.35,-0.83,1
,11765907,2,0.427779,0.53,0.19,0.25,1.449,257,0.37,-0.1,1
,11779831,5,0.348938,0.39,0.14,0.14,0.88,244,1.54,4.35,1
,11780577,5,0.259431,0.74,0.24,0.29,1.157,211,0.89,-0.46,1
,11781491,1,0.541138,0.69,0.21,0.26,1.666,210,-0.48,-0.49,1
,11782815,2,0.349125,0.42,0.15,0.2,2.046,171,-0.41,-1.3,1
,11785270,5,0.338357,0.53,0.17,0.16,1.741,112,0.97,-0.11,1
,11789325,5,0.29142,0.61,0.2,0.22,0.649,238,0.8,0.74,1
,11790064,4,1.449418,0.45,0.13,0.08,1.566,233,2.42,5.47,1
,11793018,1,0.576824,0.88,0.3,0.39,1.265,65,0.0,-1.11,2
,11794976,5,0.36383,0.44,0.15,0.16,0.885,241,0.99,4.5,2
,11797881,1,0.623507,0.94,0.34,0.47,2.405,258,-0.45,-1.33,1
,11800317,1,0.483017,0.93,0.33,0.44,3.15,163,-0.44,-1.28,1
,11803527,5,0.380878,0.4,0.13,0.17,2.109,259,0.35,0.08,2
,11806061,1,0.57848,0.53,0.17,0.22,1.369,239,-0.47,-0.73,1
,11808279,5,0.298163,0.4,0.13,0.16,1.618,202,0.64,-0.84,1
,11810596,5,0.299618,0.44,0.15,0.19,0.82,205,0.16,-1.14,1
,11819015,5,0.249141,0.65,0.21,0.23,1.032,218,1.05,0.39,1
,11819661,5,0.348882,0.31,0.1,0.13,2.255,218,0.46,0.19,2
,11834821,5,0.239371,0.5,0.17,0.24,1.448,116,0.54,-1.07,1
,11838018,5,0.275943,0.33,0.11,0.13,0.61,225,0.56,-0.19,1
,11843692,1,0.599525,0.94,0.29,0.32,1.799,224,-0.47,-0.77,1
,11856290,5,0.493189,0.41,0.11,0.09,0.84,303,1.93,3.27,2
,11857301,1,0.550269,0.7,0.2,0.17,2.042,269,-1.22,1.61,1
,11863356,5,0.269104,0.37,0.12,0.15,0.978,249,0.54,-0.43,1
,11864180,1,0.553184,0.69,0.22,0.26,0.828,236,-0.41,-0.39,1
,11864369,6,0.079198,0.49,0.15,0.16,0.728,243,-0.67,0.02,1
,11864431,1,0.636493,0.38,0.13,0.17,1.071,219,0.4,-0.89,1
,11866538,5,0.280694,0.39,0.13,0.17,0.985,265,0.54,-0.87,1
,11870305,5,0.277496,0.48,0.18,0.22,0.523,76,0.92,0.94,3
,11882477,5,0.338429,0.39,0.12,0.14,1.229,198,0.31,-0.83,1
,11885245,0,0.435327,0.38,0.11,0.1,1.137,163,-0.47,-0.33,1
,11887989,1,0.548304,0.9,0.28,0.33,1.071,227,-0.16,-1.0,1
,11896841,1,0.460525,1.07,0.34,0.39,1.672,208,-0.67,-0.67,1
,11898573,2,0.274125,0.64,0.21,0.22,1.379,173,0.29,0.06,2
,11905739,2,0.311349,0.42,0.14,0.19,1.483,206,-0.27,-1.3,1
,11912411,1,0.518369,0.82,0.26,0.32,1.258,192,-0.26,-0.84,1
,11917874,5,0.302093,0.42,0.19,0.18,1.298,219,4.91,45.08,1
,11920805,0,-9.9,0.43,0.13,0.14,0.512,146,0.05,-0.35,1
,11922992,1,0.600678,0.62,0.2,0.24,2.07,193,-0.41,-1.03,1
,11925135,5,0.253689,0.46,0.15,0.16,1.784,228,1.01,0.36,1
,11929402,1,0.561059,0.87,0.28,0.29,0.928,209,0.1,0.18,1
,11932308,5,0.362721,0.28,0.1,0.14,1.355,243,0.29,-1.23,2
,11933667,1,0.76557,0.41,0.13,0.16,2.257,257,-0.2,-0.93,2
,11934810,1,0.48214,0.93,0.3,0.34,1.698,231,-0.59,-0.58,1
,11936793,5,0.344411,0.83,0.25,0.2,0.495,231,1.5,2.65,1
,11937119,6,0.079796,0.54,0.16,0.16,0.674,207,-0.77,1.17,1
,11939634,0,-9.9,0.39,0.12,0.13,0.507,157,-0.3,0.33,1
,11941505,4,0.343264,0.54,0.16,0.09,0.548,212,1.92,3.19,2
,11942032,1,0.67759,0.78,0.24,0.28,1.429,203,-0.47,-0.72,1
,11949036,1,0.573166,0.82,0.27,0.32,1.31,204,-0.2,-1.01,1
,11953092,2,0.323152,0.38,0.13,0.16,1.578,256,-0.24,-0.93,1
,11957623,5,0.300032,0.82,0.27,0.31,1.51,230,0.81,-0.6,1
,11960127,5,0.258189,0.47,0.15,0.17,0.707,217,0.5,-0.42,1
,11963916,5,0.937615,0.56,0.19,0.19,1.197,233,1.69,2.57,2
,11964431,5,0.257077,0.46,0.16,0.2,1.906,230,0.6,-0.28,1
,11968367,1,0.631999,0.47,0.15,0.19,0.982,215,-0.11,-0.93,1
,11969582,1,0.529887,0.62,0.2,0.21,1.618,210,-0.78,0.28,1
,11970309,5,0.361062,0.38,0.13,0.17,0.938,204,0.35,-0.89,1
,11972638,1,0.620085,0.37,0.12,0.14,2.036,176,-0.3,-0.7,1
,11973551,5,0.261081,0.36,0.12,0.15,0.933,176,0.75,0.03,1
,11975715,5,0.342885,0.34,0.1,0.12,0.576,147,0.48,0.01,1
,11982872,5,0.310316,0.43,0.14,0.18,1.471,167,0.57,-0.98,1
,11986645,1,0.551099,0.57,0.19,0.22,0.533,213,0.03,-0.57,1
,11992284,1,0.444902,0.91,0.29,0.34,2.712,256,-0.9,-0.42,1
,11992531,5,0.27885,0.34,0.11,0.14,0.959,249,0.37,-0.61,1
,12005595,1,0.489623,0.7,0.23,0.29,2.471,178,-0.9,-0.56,1
,12014625,2,0.338952,0.46,0.15,0.19,0.756,223,0.11,-0.88,1
,12019667,1,0.484075,0.88,0.27,0.3,2.562,249,-1.08,-0.03,1
,12021791,5,0.238027,0.36,0.12,0.16,1.238,211,0.48,-0.79,1
,12028462,1,0.602135,0.38,0.12,0.15,2.082,226,-0.68,-0.57,1
,12030800,1,0.577533,0.74,0.25,0.29,1.137,251,-0.02,-0.44,1
,12031948,1,0.604078,0.76,0.24,0.25,2.667,209,-0.18,-0.14,1
,12035870,1,0.60365,0.64,0.21,0.26,1.653,244,-0.07,-1.15,1
,12039129,1,0.636234,0.42,0.13,0.16,1.486,219,-0.24,-0.72,1
,12041258,5,0.287244,0.7,0.23,0.28,2.765,240,0.87,-0.45,1
,12050272,5,0.234442,0.75,0.22,0.19,0.852,215,1.32,1.41,1
,12052216,1,0.614091,0.46,0.15,0.19,1.015,192,-0.35,-1.04,1
,12052313,1,0.617413,0.42,0.15,0.17,1.753,223,0.26,2.31,1
,12058420,2,0.331378,0.49,0.18,0.25,1.618,186,-0.06,-1.51,1
,12059457,2,0.303621,0.33,0.12,0.16,1.938,80,0.0,-1.33,2
,12062665,1,0.523763,0.88,0.27,0.33,1.896,186,-0.24,-1.03,1
,12069774,2,0.415165,0.42,0.14,0.19,1.496,179,-0.07,-1.35,1
,12074034,1,0.52412,0.81,0.26,0.31,2.739,188,-0.75,-0.72,1
,12074944,1,0.468265,0.96,0.31,0.35,1.927,206,-0.77,-0.47,1
,12077930,1,0.579669,0.68,0.22,0.28,1.168,176,-0.28,-1.04,1
,12081294,5,0.457694,0.86,0.27,0.3,1.419,179,0.94,-0.03,1
,12082949,1,0.456516,0.91,0.3,0.37,2.95,189,-0.72,-0.56,1
,12088350,1,0.486539,0.64,0.21,0.22,1.307,221,-0.6,-0.34,1
,12091674,1,0.711225,0.42,0.14,0.16,1.063,216,-0.26,-0.86,1
,12093139,1,0.509448,0.89,0.3,0.38,2.514,198,-0.55,-0.95,1
,12097788,7,139.4505,1.25,0.43,0.51,1.834,229,0.54,-0.79,1
,12102822,1,0.562793,0.53,0.16,0.19,1.821,200,-0.48,-0.41,1
,12105373,1,0.714726,0.69,0.22,0.24,1.263,224,-0.56,-0.78,1
,12105672,1,0.484186,0.89,0.29,0.33,2.031,254,-0.61,-0.58,1
,12108241,1,0.460074,0.99,0.33,0.4,2.534,110,-0.75,-0.75,1
,12111449,5,0.275456,0.44,0.15,0.21,1.048,254,0.32,-1.26,1
,12112283,5,0.350074,0.41,0.14,0.14,0.789,215,0.72,0.24,1
,12115965,1,0.497614,0.83,0.27,0.32,1.154,209,-0.53,-0.66,1
,12118867,5,0.309146,0.31,0.11,0.14,1.929,98,0.17,-0.72,3
,12133810,1,0.551073,0.89,0.28,0.27,1.096,187,-0.95,-0.13,1
,12138650,0,-9.9,0.09,0.33,0.04,1.394,240,6.68,46.3,1
,12138683,5,0.274626,0.47,0.15,0.21,1.942,227,-0.69,-0.69,2
,12139036,0,0.334203,0.37,0.13,0.16,0.496,193,0.89,1.03,1
,12142471,5,0.462346,0.4,0.12,0.12,0.654,233,1.32,1.35,1
,12146066,1,0.553963,0.66,0.21,0.23,1.542,203,0.04,0.56,1
,12149191,1,0.597682,0.49,0.16,0.18,0.658,231,-0.06,-0.04,1
,12163629,1,0.844158,0.46,0.15,0.19,2.202,149,-0.34,-1.03,2
,12167109,1,0.573335,0.65,0.2,0.23,2.608,216,-0.52,-0.58,1
,12168458,4,2.383149,0.6,0.17,0.09,0.626,214,2.74,7.5,2
,12172879,2,0.377289,0.39,0.12,0.14,1.08,229,0.64,-0.43,1
,12173292,2,0.275488,0.43,0.15,0.22,1.423,234,0.09,-1.39,1
,12181468,1,0.581795,0.72,0.23,0.26,2.472,233,-0.78,-0.34,1
,12182435,5,0.296016,0.49,0.16,0.19,0.754,122,0.65,-0.27,1
,12184860,7,97.525764,0.77,0.27,0.27,2.184,203,1.0,1.37,1
,12185057,0,-9.9,0.52,0.17,0.19,0.945,227,-0.09,-0.59,1
,12185998,5,0.276967,0.69,0.22,0.23,0.835,245,0.94,-0.1,1
,12188631,7,150.65451,0.64,0.18,0.19,1.849,240,0.19,-0.13,1
,12191331,4,2.025207,0.52,0.17,0.09,1.351,235,2.53,5.8,1
,12191421,1,0.577238,0.74,0.26,0.27,2.177,228,0.52,5.04,1
,12192232,1,0.642512,0.68,0.22,0.27,2.361,223,-0.92,-0.16,1
,12192263,1,0.567995,0.7,0.22,0.26,1.543,220,-0.36,-0.82,1
,12199470,0,-9.9,0.55,0.2,0.13,1.522,217,1.36,6.99,1
,12200224,0,0.281143,0.19,0.11,0.08,1.069,157,6.54,63.75,2
,12200391,5,0.345064,0.32,0.11,0.15,1.718,209,0.04,-1.32,1
,12201893,1,0.667816,0.65,0.2,0.22,0.88,166,-0.04,-0.11,1
,12216345,5,0.39224,0.25,0.1,0.09,1.313,184,3.32,22.4,1
,12217047,1,0.583419,0.73,0.23,0.26,1.364,210,-0.69,-0.47,1
,12225068,1,0.73089,0.55,0.2,0.19,1.449,210,0.91,2.36,1
,12229884,2,0.303908,0.57,0.19,0.24,0.754,170,-0.18,-1.04,1
,12246112,1,0.624542,0.44,0.13,0.16,1.442,218,-0.82,-0.37,1
,12246346,1,0.512532,0.99,0.31,0.3,1.461,201,-0.48,-0.05,1
,12246627,1,0.661055,0.68,0.21,0.23,0.92,229,-0.49,-0.34,1
,12251338,5,0.306602,0.43,0.15,0.19,2.097,213,0.48,-0.97,1
,12252043,1,0.704542,0.74,0.26,0.34,1.623,188,-0.53,-1.08,2
,12254654,5,0.288525,0.34,0.11,0.15,1.314,240,0.62,-0.81,1
,12259035,1,0.53902,0.86,0.28,0.31,1.311,230,0.24,0.89,1
,12259713,1,0.614105,0.4,0.13,0.16,0.578,226,-0.04,-0.61,1
,12275391,1,0.743457,0.37,0.12,0.14,1.19,78,-0.48,-0.9,2
,12282761,1,0.635094,0.45,0.16,0.18,0.893,265,0.06,0.74,1
,12286050,1,0.705721,0.65,0.2,0.24,0.661,229,0.16,-0.78,1
,12288666,1,0.593841,0.86,0.28,0.34,1.783,250,-0.7,-0.7,1
,12290136,1,0.661827,0.36,0.12,0.16,1.691,192,0.17,-1.32,1
,12292722,2,0.302231,0.51,0.18,0.22,1.186,194,-0.12,-0.67,1
,12294987,1,0.522264,0.73,0.26,0.34,2.787,226,-0.64,-0.61,1
,12295860,1,0.516184,0.62,0.21,0.23,2.396,229,-0.92,0.14,1
,12307056,1,0.569804,0.71,0.24,0.26,1.813,177,-0.71,-0.37,1
,12313852,5,0.260729,0.44,0.15,0.17,1.535,189,0.63,-0.81,1
,12316108,2,0.409982,0.58,0.19,0.22,0.852,160,0.23,-0.06,1
,12320224,2,0.35599,0.63,0.22,0.21,0.572,212,1.15,3.3,1
,12325356,2,0.334268,0.31,0.1,0.14,2.139,233,0.14,-1.19,1
,12330695,2,0.307077,0.36,0.13,0.17,2.082,235,0.18,-1.35,1
,12331756,1,0.54676,0.63,0.21,0.2,1.048,249,-1.13,1.49,1
,12333876,2,0.38559,0.4,0.14,0.18,2.235,231,-0.24,-1.42,1
,12338372,1,0.599985,0.64,0.22,0.26,0.86,100,-0.36,-1.14,1
,12347176,5,0.26674,0.36,0.22,0.16,0.661,239,8.88,111.1,1
,12347656,1,0.598933,0.53,0.18,0.23,1.756,240,-0.26,-1.31,1
,12355665,1,0.676512,0.77,0.24,0.28,2.434,247,-0.47,-0.93,1
,12358313,2,0.414596,0.37,0.12,0.17,1.769,226,0.04,-1.34,1
,12359105,1,0.504674,0.81,0.27,0.34,2.02,215,-0.81,-0.62,1
,12361500,1,0.556411,0.75,0.23,0.24,2.484,196,-1.0,0.24,1
,12364597,1,0.520846,0.88,0.29,0.36,1.835,111,-0.56,-0.76,2
,12365386,2,0.325599,0.36,0.13,0.19,1.806,211,0.24,-1.37,1
,12368648,1,0.498246,0.81,0.26,0.31,2.034,235,-0.99,-0.35,1
,12369016,1,0.730884,0.56,0.18,0.24,1.889,190,-0.61,-0.92,1
,12369963,1,0.652412,0.45,0.14,0.16,0.483,229,-0.16,-0.24,2
,12375443,1,0.634763,0.37,0.12,0.15,0.528,236,0.01,-0.37,1
,12378895,5,0.316803,0.4,0.14,0.19,2.192,204,0.28,-1.29,1
,12382106,1,0.499028,0.93,0.29,0.33,1.664,208,-0.49,-0.42,1
,12383709,1,0.492802,0.78,0.25,0.29,2.1,201,-0.87,-0.16,1
,12385133,5,0.282761,0.57,0.19,0.25,2.318,186,0.64,-0.95,1
,12385218,5,0.281155,0.47,0.15,0.2,1.068,218,0.17,-1.2,1
,12387566,5,0.231218,0.65,0.2,0.18,1.048,191,1.24,0.58,2
,12389018,5,0.3415,0.43,0.16,0.21,1.67,192,0.04,-1.5,1
,12389449,1,0.732685,0.47,0.15,0.2,1.569,196,0.01,-1.23,1
,12390014,1,0.608721,0.61,0.21,0.23,1.044,156,-0.09,0.03,1
,12390274,5,0.6544,1.23,0.38,0.13,1.647,159,2.63,6.23,2
,12392541,1,0.439088,0.87,0.29,0.37,1.585,187,-0.7,-0.67,1
,12402647,1,0.653979,0.49,0.19,0.19,0.828,188,1.18,8.49,1
,12405343,1,0.623467,0.44,0.14,0.17,1.738,154,-0.12,-0.96,2
,12406150,0,-9.9,0.54,0.16,0.17,0.516,185,0.63,0.81,1
,12406617,0,-9.9,0.67,0.23,0.28,0.763,153,-0.01,-0.48,1
,12409868,1,0.565652,0.81,0.34,0.26,1.309,121,2.24,12.98,1
,12412349,1,0.597353,0.69,0.23,0.27,2.412,221,-0.72,-0.72,1
,12425283,5,0.491586,0.79,0.25,0.27,2.665,222,0.79,-0.52,2
,12432194,5,0.35295,0.34,0.12,0.16,1.615,223,0.41,-0.78,1
,12432893,2,0.421228,0.44,0.15,0.17,0.715,248,1.29,9.03,2
,12445926,5,0.325064,0.38,0.11,0.1,1.634,220,0.94,0.55,1
,12450025,0,-9.9,0.57,0.16,0.15,0.513,54,-0.11,0.15,1
,12459165,5,0.25065,0.46,0.16,0.21,1.891,193,0.74,-0.81,1
,12464278,1,0.749215,0.72,0.24,0.31,1.917,169,-0.05,-1.31,1
,12464670,1,0.637335,0.65,0.2,0.18,1.107,185,-0.73,0.81,2
,12465270,1,0.637836,0.7,0.22,0.22,0.73,196,0.47,0.28,3
,12470142,5,0.661903,0.49,0.16,0.11,0.632,203,2.3,5.92,1
,12473468,1,0.561769,0.59,0.2,0.23,2.442,177,-0.74,-0.61,1
,12477082,0,-9.9,0.41,0.14,0.19,0.82,66,0.48,-1.15,1
,12481648,2,0.322985,0.35,0.12,0.18,1.454,209,-0.01,-1.31,1
,12496042,1,0.543667,0.8,0.26,0.31,2.016,215,-0.73,-0.81,1
,12502187,1,0.526898,0.98,0.33,0.41,2.515,256,-0.38,-1.22,1
,12504572,5,0.260096,0.51,0.17,0.23,2.018,404,0.52,-1.07,1
,12504832,7,131.02211,1.42,0.45,0.58,2.574,219,-0.33,-1.06,1
,12505068,7,276.931488,2.47,0.83,1.15,3.51,206,-0.17,-1.33,1
,12515987,5,0.295629,0.64,0.21,0.27,2.653,245,0.35,-1.13,1
,12516209,1,0.600687,0.49,0.16,0.2,1.331,231,-0.23,-0.9,1
,12517171,5,0.372588,0.36,0.12,0.16,1.52,220,0.39,-0.99,2
,12518025,5,0.309634,0.51,0.16,0.2,1.875,195,0.95,-0.22,1
,12525125,1,0.5589,0.74,0.25,0.28,1.507,235,-0.07,1.85,1
,12526629,1,0.704559,0.65,0.21,0.25,2.318,196,-0.46,-1.01,1
,12533027,1,0.576724,0.74,0.23,0.26,1.014,167,-0.33,-0.55,2
,12534878,2,0.349056,0.4,0.13,0.16,0.798,234,0.13,-1.06,1
,12536474,5,0.388831,0.31,0.1,0.12,1.599,205,0.44,-0.86,1
,12544799,1,0.55095,0.92,0.3,0.34,2.145,161,-0.75,-0.74,1
,12550744,5,0.341473,0.5,0.18,0.23,2.356,88,0.49,-1.02,2
,12560639,2,0.376842,0.45,0.17,0.25,1.695,192,0.0,-1.52,1
,12561269,5,0.273567,0.49,0.17,0.23,2.197,209,0.72,-0.99,1
,12562559,2,0.314279,0.38,0.13,0.17,0.774,219,-0.24,-0.97,1
,12565297,5,0.282485,0.58,0.18,0.22,0.616,201,0.41,-0.72,1
,12566108,2,0.382687,0.45,0.17,0.25,1.529,219,0.26,-1.28,1
,12569794,1,0.763059,0.49,0.16,0.2,1.72,193,-0.44,-1.01,1
,12571908,5,0.328403,0.43,0.14,0.15,1.817,196,0.98,-0.14,1
,12573895,1,0.495061,0.94,0.32,0.39,3.197,179,-0.8,-0.83,1
,12578804,1,0.519537,0.89,0.29,0.35,1.553,218,-0.48,-0.9,1
,12586257,1,0.532093,1.04,0.3,0.31,1.357,184,-0.69,0.06,1
,12586505,5,0.364114,0.67,0.22,0.26,1.533,182,0.92,-0.52,1
,12588097,1,0.481236,0.96,0.31,0.38,2.42,212,-0.85,-0.5,1
,12590447,1,0.598567,0.54,0.17,0.19,1.257,215,-0.44,-0.54,1
,12600146,5,0.299902,0.38,0.13,0.16,1.737,207,0.47,-0.96,1
,12603859,1,0.716264,0.52,0.18,0.2,1.845,199,-0.63,-0.11,1
,12605297,5,0.35774,0.41,0.15,0.21,1.576,199,0.16,-1.48,1
,12606318,5,0.407792,0.35,0.12,0.14,1.425,238,0.75,-0.55,1
,12606453,1,0.746438,0.4,0.14,0.19,1.098,133,0.0,-1.1,1
,12609733,5,0.620597,0.49,0.16,0.2,1.357,232,0.37,-0.9,1
,12611230,1,0.450962,0.79,0.26,0.27,2.212,145,-1.27,0.84,1
,12613434,5,0.313616,0.31,0.1,0.12,2.113,145,0.37,-0.56,1
,12613681,7,241.843796,1.36,0.43,0.53,2.567,182,0.37,-1.05,1
,12616804,1,0.613922,0.69,0.26,0.27,2.134,218,1.63,13.87,1
,12619667,2,0.353064,0.65,0.21,0.2,0.524,226,0.4,1.87,2
,12622733,1,0.5548,0.72,0.23,0.26,1.222,203,-0.15,-0.83,1
,12625670,5,0.357907,0.4,0.17,0.13,0.583,284,3.11,15.08,1
,12626143,5,0.248404,0.31,0.11,0.14,0.986,221,0.19,-0.88,1
,12626724,5,0.268097,0.47,0.14,0.14,0.979,150,0.52,-0.35,3
,12626903,1,0.456275,0.94,0.29,0.34,2.921,175,-0.8,-0.49,1
,12627837,1,0.486737,0.96,0.31,0.32,1.14,211,-0.1,-0.15,1
,12632568,2,0.337681,0.41,0.14,0.19,0.996,168,-0.11,-1.2,1
,12637313,5,0.292038,0.43,0.14,0.17,0.7,172,0.83,0.63,1
,12641788,5,0.451047,0.41,0.13,0.16,1.09,168,0.28,-1.02,1
,12643891,5,0.246371,0.68,0.24,0.31,1.924,178,0.65,-1.05,1
,12644081,1,0.679277,0.66,0.22,0.26,1.622,147,-0.6,-0.75,1
,12646605,5,0.262107,0.55,0.19,0.23,1.688,172,0.8,-0.75,1
,12648040,2,0.307879,0.37,0.13,0.17,1.906,167,-0.32,-1.33,1
,12650705,1,0.589024,0.59,0.19,0.21,1.876,168,-0.36,-0.11,1
,12651916,2,0.295051,0.48,0.15,0.19,0.751,256,0.01,-0.85,1
,12655997,1,0.68054,0.65,0.21,0.27,0.994,208,-0.72,-0.61,1
,12657079,5,0.471742,0.32,0.11,0.12,0.568,195,1.12,1.93,2
,12665575,2,0.401767,0.43,0.14,0.18,1.053,222,-0.06,-1.25,1
,12671517,5,0.292384,0.72,0.24,0.28,1.166,202,0.68,-0.52,1
,12675297,5,0.216498,0.64,0.21,0.27,1.024,211,0.7,-0.54,1
,12682467,2,0.440031,0.42,0.14,0.18,0.583,197,-0.04,-0.84,2
,12683218,1,0.441531,1.0,0.34,0.41,2.707,213,-0.32,-0.59,1
,12686384,5,0.246235,0.6,0.21,0.23,1.942,229,1.35,3.23,1
,12689098,1,0.524464,0.87,0.29,0.39,1.783,202,-0.26,-1.33,1
,12692735,5,0.196013,0.58,0.19,0.22,2.02,214,0.76,-0.52,1
,12696409,1,0.526725,0.83,0.27,0.23,2.463,264,-0.31,1.63,1
,12701483,5,0.296489,0.45,0.14,0.18,0.98,241,0.41,-0.76,1
,12703783,5,0.253295,0.45,0.16,0.2,2.009,241,0.4,-1.16,1
,12704270,1,0.478098,0.77,0.26,0.35,1.628,250,-0.55,-0.83,1
,12705111,1,0.534989,0.85,0.28,0.37,3.011,221,-0.55,-0.97,1
,12708840,1,0.540787,0.76,0.22,0.22,2.378,229,-1.07,0.99,1
,12715997,4,0.645377,0.5,0.16,0.13,1.296,182,2.31,4.53,1
,12721363,7,127.2556,1.06,0.32,0.3,1.701,201,0.66,-0.13,1
,12725415,1,0.615541,0.39,0.14,0.16,1.135,190,1.05,3.22,1
,12728740,1,0.557955,0.61,0.2,0.26,2.499,214,-0.68,-0.71,1
,12734547,1,0.549998,0.64,0.23,0.27,1.647,177,0.37,0.66,1
,12737253,2,0.385152,0.46,0.15,0.18,0.879,227,-0.01,-1.04,1
,12738274,1,0.649912,0.42,0.34,0.17,1.637,185,6.04,49.29,2
,12754432,1,0.57262,0.63,0.19,0.21,1.132,184,-0.61,-0.3,1
,12755087,5,0.269981,0.59,0.19,0.18,0.832,152,0.87,-0.19,1
,12757511,1,0.518784,0.91,0.29,0.33,2.285,218,-0.86,-0.44,1
,12759417,0,0.35634,0.37,0.13,0.16,0.517,199,0.2,-1.18,1
,12761319,4,0.836004,0.38,0.12,0.08,2.076,247,2.84,8.2,1
,12761448,2,0.320371,0.39,0.12,0.14,2.37,289,-0.3,-0.71,2
,12762287,1,0.552319,0.68,0.23,0.29,1.358,240,-0.29,-1.06,1
,12765243,1,0.638589,0.76,0.22,0.25,2.136,249,-0.6,-0.35,1
,12767772,2,0.410938,0.55,0.2,0.29,2.712,216,-0.32,-1.54,2
,12770273,5,0.363469,0.41,0.14,0.14,0.639,259,0.0,2.77,2
,12771186,5,0.327811,0.53,0.17,0.23,0.986,238,0.39,-1.02,1
,12773588,1,0.66869,0.41,0.13,0.16,0.85,227,-0.02,-0.9,1
,12778181,5,0.357686,0.51,0.18,0.27,1.666,212,0.32,-1.4,1
,12783388,2,0.308218,0.42,0.14,0.19,1.04,214,-0.06,-1.19,1
,12787860,5,0.293975,0.47,0.15,0.19,0.81,214,0.44,-0.95,1
,12788498,5,0.322113,0.33,0.11,0.13,0.896,219,-0.01,0.11,1
,12790803,5,0.28801,0.54,0.18,0.21,0.935,187,0.36,-0.97,1
,12799085,4,0.628116,0.61,0.2,0.17,1.798,181,1.77,2.04,1
,12800455,1,0.625694,0.71,0.23,0.27,2.152,172,-0.56,-0.63,1
,12800586,1,0.552969,0.63,0.21,0.27,1.947,194,-0.3,-1.1,1
,12808418,5,0.270197,0.3,0.11,0.13,1.563,224,1.35,3.08,1
,12810906,1,0.62214,0.4,0.13,0.17,2.024,222,-0.67,-0.79,1
,12813888,5,0.268572,0.58,0.19,0.25,0.947,184,0.62,-0.67,1
,12815608,2,0.362931,0.41,0.14,0.18,1.072,223,-0.1,-1.19,1
,12817840,2,0.359072,0.28,0.15,0.13,1.824,189,5.3,50.92,1
,12833050,1,0.587012,0.83,0.27,0.33,1.38,225,-0.43,-0.92,1
,12835333,5,0.274677,0.47,0.16,0.19,1.91,223,1.08,-0.12,1
,12836207,0,-9.9,0.69,0.2,0.18,3.028,108,-0.94,0.22,1
,12837651,1,0.470022,0.7,0.23,0.24,2.223,169,-0.56,0.58,1
,12841922,2,0.385219,0.43,0.19,0.18,1.149,181,2.01,6.5,2
,12844564,2,0.285058,0.41,0.14,0.19,1.785,214,0.02,-1.4,1
,12844761,1,0.624422,0.7,0.25,0.33,2.893,243,-0.29,-0.91,1
,12845434,1,0.441453,0.77,0.26,0.31,3.07,206,-0.74,-0.75,1
,12851488,5,0.328646,0.34,0.12,0.16,2.115,219,0.16,-1.28,1
,12852289,1,0.77105,0.48,0.16,0.2,1.315,245,-0.09,-1.04,1
,12854699,4,1.06133,0.42,0.13,0.08,1.278,240,2.65,7.04,1
,12856149,1,0.622866,0.48,0.2,0.19,1.358,231,2.65,14.59,1
,12857706,5,0.242885,0.52,0.17,0.22,0.987,214,0.6,-0.89,1
,12858030,7,121.856102,0.76,0.25,0.31,2.086,150,-0.28,-0.93,1
,12858280,1,0.540515,0.53,0.16,0.18,2.413,207,-0.99,0.09,1
,12864651,5,0.300827,0.52,0.19,0.26,2.279,256,0.5,-1.28,1
,12873666,2,0.283528,0.48,0.16,0.18,0.503,225,0.47,-0.12,2
,12876197,1,0.696965,0.53,0.17,0.21,0.939,216,-0.01,-0.54,1
,12877772,1,0.61955,0.65,0.2,0.2,0.607,232,0.02,0.45,1
,12878768,1,0.626807,0.35,0.12,0.16,0.994,200,0.56,0.09,2
,12882652,5,0.222131,0.59,0.19,0.23,0.497,209,0.82,0.43,1
,12886960,5,0.269488,0.35,0.12,0.14,1.726,192,0.82,0.13,1
,12887415,2,0.290394,0.35,0.12,0.14,0.853,221,0.22,-0.4,1
,12887864,2,0.288859,0.37,0.13,0.17,1.238,198,0.08,-1.23,1
,12888938,1,0.547971,0.71,0.2,0.17,1.319,187,-0.55,0.4,1
,12891928,5,0.276491,0.41,0.14,0.19,2.011,168,0.5,-1.12,1
,12892308,5,0.283585,0.44,0.16,0.18,1.164,200,1.18,1.63,1
,12893339,1,0.608755,0.94,0.3,0.35,0.953,119,0.03,-0.84,2
,12895722,1,0.667301,0.63,0.22,0.28,0.992,233,-0.27,-0.83,1
,12896156,2,0.324989,0.42,0.14,0.19,0.611,201,0.13,-0.92,1
,12896695,2,0.354983,0.55,0.16,0.19,1.237,222,0.08,-0.39,1
,12901802,1,0.583372,0.66,0.21,0.22,0.672,204,-0.11,-0.07,1
,12905848,1,0.484904,1.06,0.33,0.35,1.998,178,-0.87,-0.4,1
,12921912,1,0.656307,0.37,0.13,0.17,2.018,258,0.16,-1.38,1
,12928222,5,0.364139,0.49,0.16,0.2,2.498,215,0.3,-0.79,1
,12928446,6,0.050831,-9.9,0.14,0.15,0.654,241,0.08,0.21,3
,12930481,4,1.329759,0.51,0.16,0.25,1.855,226,1.75,1.58,1
,12936747,1,0.463969,0.92,0.29,0.3,1.714,229,-0.66,-0.28,1
,12938570,5,0.269365,0.69,0.23,0.28,0.756,233,0.78,-0.24,1
,12943921,1,0.611462,0.43,0.14,0.17,1.607,203,-0.11,-1.06,1
,12946318,2,0.343391,0.4,0.14,0.2,1.387,246,0.13,-1.39,1
,12947453,1,0.650164,0.8,0.27,0.33,2.171,238,-0.74,-0.84,1
,12949815,2,0.287322,0.38,0.13,0.19,1.352,240,-0.22,-1.35,1
,12950701,1,0.471925,0.9,0.3,0.4,3.135,169,-0.58,-1.02,1
,12957445,5,0.28546,0.54,0.17,0.18,0.729,238,0.77,-0.02,1
,12960704,5,0.308103,0.52,0.26,0.16,0.718,207,3.99,23.68,2
,12963023,5,0.251263,0.33,0.11,0.14,1.278,250,0.73,-0.68,1
,12968612,2,0.331995,0.47,0.16,0.2,0.967,176,0.08,-0.97,2
,12970590,1,0.48787,0.92,0.29,0.31,1.397,188,-0.83,0.16,1
,12976843,5,0.33645,0.48,0.16,0.2,1.613,150,0.55,-0.92,1
,12978739,1,0.62517,0.89,0.28,0.31,1.829,149,-0.09,-1.04,1
,12985545,1,0.54648,0.63,0.22,0.23,1.879,185,-1.15,0.25,1
,12987306,2,0.326176,0.5,0.18,0.25,1.096,268,0.12,-1.39,1
,12991087,5,0.404712,0.5,0.16,0.16,0.811,233,1.24,0.95,2
,12994117,1,0.579049,0.76,0.25,0.31,1.524,215,-0.52,-0.98,1
,12996535,5,0.408175,0.44,0.15,0.19,0.815,274,0.13,-1.27,2
,13004238,5,0.284331,0.53,0.18,0.23,1.313,214,0.69,-0.77,1
,13005046,1,0.676525,0.54,0.18,0.24,1.409,260,-0.32,-1.24,1
,13009686,0,-9.9,0.71,0.22,0.15,1.501,36,-1.09,0.43,1
,13009885,2,0.307012,0.41,0.15,0.2,1.178,195,-0.06,-1.37,1
,13011302,5,0.279538,0.4,0.14,0.17,0.593,243,0.76,1.03,1
,13011972,1,0.532966,0.83,0.26,0.28,2.366,221,-0.97,-0.26,1
,13012463,1,0.543634,0.79,0.26,0.3,1.717,259,-0.17,-0.59,1
,13015485,1,0.550942,0.71,0.22,0.25,1.966,170,-0.69,-0.4,2
,13016479,4,0.542948,0.8,0.29,0.16,1.339,146,2.22,4.48,1
,13021022,1,0.756759,0.31,0.1,0.13,1.185,172,-0.25,-1.15,2
,13021365,1,0.603421,0.78,0.25,0.31,2.16,214,-0.59,-0.6,1
,13023160,7,117.365799,0.71,0.22,0.26,1.699,228,0.25,-0.7,1
,13026468,1,1.723772,1.05,0.5,0.16,1.92,165,4.43,21.44,3
,13033282,5,0.291932,0.61,0.21,0.3,1.918,248,0.65,-0.95,1
,13033809,1,0.55389,0.69,0.22,0.28,2.07,238,-0.51,-0.9,1
,13035082,1,0.61309,0.41,0.14,0.21,2.0,202,-0.36,-1.35,1
,13036304,1,0.542377,0.52,0.19,0.17,0.635,49,-0.51,-0.01,1
,13043556,6,0.059424,0.5,0.17,0.22,1.747,188,-0.49,-1.08,1
,13049022,1,0.768384,0.55,0.18,0.21,1.282,149,-0.2,-1.06,1
,13052359,1,0.547865,0.91,0.28,0.28,1.613,159,-0.98,0.04,1
,13053482,5,0.260312,0.58,0.2,0.26,2.028,163,0.69,-0.74,1
,13053898,1,0.43487,1.01,0.31,0.31,2.953,177,-1.16,0.18,1
,13055164,2,0.298895,0.47,0.16,0.2,0.503,154,0.17,-0.93,1
,13056608,2,0.386583,0.48,0.16,0.2,1.096,182,0.47,-0.98,1
,13059982,4,2.010446,0.34,0.1,0.1,0.834,182,1.77,2.16,1
,13061514,1,0.587184,0.49,0.17,0.21,1.019,106,-0.81,0.46,2
,13062458,1,0.618573,0.77,0.25,0.25,3.167,188,-0.76,-0.2,1
,13063224,5,0.22754,0.49,0.16,0.19,1.042,141,0.78,-0.47,2
,13066028,1,0.592922,0.68,0.23,0.28,1.224,190,-0.42,-0.89,1
,13077277,5,0.350883,0.53,0.17,0.2,1.921,256,0.93,-0.31,1
,13080231,2,0.335122,0.39,0.13,0.17,2.265,250,0.12,-1.29,1
,13087122,1,0.61365,0.52,0.16,0.18,0.878,245,-0.55,0.28,2
,13089931,2,0.307486,0.53,0.17,0.21,1.008,259,-0.32,-0.74,1
,13095415,5,0.335415,0.37,0.13,0.17,2.126,254,-0.02,-1.36,1
,13097949,1,0.593661,0.61,0.21,0.25,2.6,225,0.39,0.01,1
,13102760,1,0.695418,0.61,0.2,0.25,1.162,299,-0.36,-0.93,1
,13103579,1,0.577563,0.72,0.24,0.29,1.261,233,-0.53,-0.49,1
,13104605,1,0.608467,0.63,0.21,0.26,1.114,275,-0.31,-1.08,1
,13109299,2,0.314073,0.57,0.19,0.23,0.882,265,0.33,-0.95,1
,13112616,1,0.652661,0.39,0.12,0.13,1.425,387,-0.16,-0.66,1
,13112627,4,0.794993,0.35,0.1,0.09,1.852,239,1.68,2.12,2
,13114934,1,0.529281,0.83,0.26,0.31,2.988,206,-1.0,-0.26,1
,13116521,1,0.62627,0.82,0.26,0.28,1.718,204,-0.75,-0.32,1
,13119720,1,0.573422,0.77,0.23,0.27,2.2,256,-0.78,-0.47,1
,13127606,1,0.577497,0.62,0.22,0.3,3.011,205,-0.47,-0.99,1
,13134888,5,0.340238,0.62,0.22,0.28,1.144,110,0.63,-0.4,2
,13135923,4,1.603184,0.86,0.27,0.12,1.753,190,2.71,6.77,2
,13139150,5,0.338144,0.68,0.23,0.21,0.569,127,0.93,-0.03,3
,13141670,5,0.487033,0.32,0.17,0.1,0.746,190,6.26,59.2,1
,13142102,5,0.247458,0.63,0.22,0.24,0.673,178,1.28,2.27,1
,13149431,5,0.40766,0.37,0.11,0.12,0.685,287,1.26,0.91,1
,13150279,4,0.49374,0.35,0.11,0.15,0.794,219,1.19,0.18,1
,13152119,4,0.580289,0.59,0.2,0.24,2.039,204,1.03,-0.33,2
,13155170,1,0.720754,0.62,0.2,0.25,1.345,183,-0.3,-1.14,1
,13157383,4,0.753231,0.46,0.14,0.1,1.856,206,2.75,6.57,2
,13161210,0,-9.9,0.69,0.21,0.2,1.46,131,-1.06,1.45,1
,13163604,5,0.380738,0.43,0.14,0.17,2.074,202,0.52,-0.84,1
,13170768,1,0.481366,0.78,0.25,0.3,3.214,172,-0.82,-0.38,1
,13172492,1,0.614296,0.56,0.18,0.22,2.073,214,-0.51,-0.74,1
,13173417,2,0.282707,0.39,0.14,0.2,2.428,212,-0.31,-1.35,1
,13174732,1,0.580912,0.74,0.25,0.31,1.097,171,-0.17,-0.97,1
,13175638,6,0.062173,0.45,0.14,0.15,0.477,243,-0.48,-0.23,1
,13176106,1,0.599355,0.58,0.19,0.22,0.812,201,-0.37,-0.36,1
,13179418,6,0.051791,0.61,0.2,0.26,1.141,213,-0.55,-0.88,1
,13182467,2,0.33586,0.4,0.13,0.19,1.755,228,-0.08,-1.31,1
,13184920,5,0.434784,0.3,0.11,0.12,1.933,218,1.23,2.67,1
,13186691,5,0.255985,0.55,0.19,0.27,1.665,248,0.64,-1.07,1
,13191796,1,0.455559,0.93,0.31,0.36,3.326,250,-0.67,-0.78,1
,13198074,1,0.630119,0.41,0.14,0.17,2.156,246,-0.33,-1.04,1
,13200906,1,0.495333,0.62,0.2,0.19,2.415,223,-0.97,0.84,1
,13201180,5,0.328601,0.41,0.13,0.16,0.606,242,0.22,-0.64,1
,13201200,5,0.346161,0.4,0.15,0.18,1.441,247,0.36,-0.28,1
,13214916,1,0.464371,0.95,0.3,0.37,2.375,153,-0.26,-0.99,1
,13215994,1,0.55811,0.7,0.24,0.31,1.286,205,-0.28,-1.1,1
,13217155,4,1.011857,0.42,0.12,0.1,1.465,224,1.81,2.77,1
,13217513,2,0.348843,0.37,0.13,0.19,1.831,214,0.2,-1.39,1
,13222675,1,0.56407,0.63,0.21,0.26,1.672,194,-0.59,-0.83,1
,13227470,1,0.630183,0.52,0.16,0.18,2.07,177,0.1,-0.85,2
,13233004,1,0.673273,0.43,0.14,0.17,1.033,221,-0.52,-0.66,1
,13237486,1,0.625984,0.42,0.13,0.17,1.34,166,-0.2,-1.12,1
,13242539,1,0.537143,0.98,0.35,0.46,1.591,211,-0.18,-0.66,1
,13245042,5,0.211119,0.69,0.23,0.28,0.816,235,0.59,-0.69,1
,13245386,5,0.304746,0.73,0.24,0.24,0.671,231,1.24,1.05,1
,13247068,4,0.633299,0.52,0.16,0.1,1.241,224,2.06,3.5,2
,13256309,5,0.302567,0.46,0.15,0.18,0.652,217,0.82,0.2,1
,13266018,1,0.571745,0.71,0.23,0.3,2.227,74,-0.52,-0.96,1
,13269153,1,0.599469,0.73,0.22,0.24,0.917,216,-0.52,-0.29,1
,13271412,5,0.305908,0.35,0.11,0.14,2.088,222,0.43,-0.29,2
,13273848,1,0.587401,0.64,0.21,0.25,0.806,205,-0.11,-0.93,1
,13282721,1,0.68936,0.68,0.21,0.28,2.45,238,-0.43,-1.03,1
,13286196,1,0.540893,0.72,0.23,0.28,1.523,231,-0.63,-0.63,1
,13287580,5,0.27563,0.57,0.23,0.23,1.764,230,2.63,13.14,1
,13290819,5,0.343358,0.48,0.16,0.15,1.448,239,1.48,2.97,2
,13293509,1,0.516042,0.9,0.29,0.29,1.084,237,-0.26,1.17,1
,13293930,4,0.624978,0.44,0.14,0.1,0.615,230,1.88,5.36,1
,13304510,2,0.302415,0.55,0.21,0.19,2.05,176,2.36,10.06,1
,13313044,2,0.31129,0.41,0.15,0.21,1.155,179,-0.37,-1.01,1
,13314310,5,0.320122,0.72,0.23,0.27,0.547,206,0.61,-0.54,1
,13316420,2,0.271743,0.34,0.11,0.12,0.897,175,0.08,-0.71,1
,13320417,6,0.073879,0.48,0.15,0.18,0.813,190,-0.57,-0.7,1
,13331395,1,0.646744,0.64,0.31,0.18,1.432,194,3.68,22.0,2
,13335550,1,0.466595,0.93,0.3,0.36,2.826,224,-0.66,-0.59,1
,13335662,1,0.590826,0.71,0.26,0.28,1.19,249,1.04,6.56,1
,13338327,5,0.285495,0.32,0.11,0.14,1.4,226,0.52,-0.99,1
,13338869,1,0.519474,0.81,0.28,0.34,2.535,218,-0.51,-1.01,1
,13340259,5,0.356237,0.4,0.13,0.16,2.323,196,0.29,-0.82,2
,13342676,0,-9.9,0.31,0.12,0.08,0.67,213,2.89,10.18,1
,13347445,0,-9.9,0.43,0.12,0.07,1.492,191,-2.39,5.26,3
,13348504,1,0.611523,0.74,0.24,0.28,2.28,197,-0.52,-0.77,1
,13355848,1,0.58259,0.78,0.25,0.32,1.901,185,-0.39,-0.74,1
,13359760,1,0.456147,0.82,0.25,0.19,2.681,197,-1.32,1.43,1
,13361210,1,0.816667,0.57,0.19,0.2,1.053,220,1.04,2.0,2
,13361822,5,0.285874,0.69,0.23,0.28,0.966,220,0.92,-0.05,1
,13362057,4,1.42767,0.61,0.22,0.09,1.541,194,3.0,9.4,1
,13364526,5,0.327964,0.37,0.12,0.13,1.26,201,1.0,0.4,1
,13367453,1,0.550827,0.82,0.26,0.25,2.102,187,-1.18,0.3,1
,13368743,1,0.71131,0.33,0.11,0.14,2.194,187,0.17,-1.21,1
,13370317,5,2.218246,0.69,0.21,0.13,0.951,220,2.85,8.51,2
,13374892,1,0.554887,0.79,0.25,0.32,1.64,228,-0.71,-0.65,1
,13379825,1,0.561943,0.57,0.19,0.23,1.274,214,-0.36,-0.85,1
,13382039,4,1.533707,0.94,0.29,0.11,1.08,184,2.27,4.12,2
,13388086,5,0.380557,0.34,0.11,0.13,0.97,211,0.23,-0.58,1
,13389636,1,0.544068,0.79,0.28,0.38,1.473,159,-0.55,-1.24,1
,13397464,5,0.247755,0.47,0.17,0.2,0.911,194,0.87,0.4,1
,13404301,4,0.618062,0.37,0.12,0.08,0.882,184,2.17,4.75,1
,13404658,1,0.598306,0.49,0.15,0.18,2.273,174,-0.34,-0.82,1
,13412255,5,0.326435,0.59,0.19,0.21,1.317,196,1.04,-0.05,1
,13419213,1,0.599062,0.65,0.22,0.24,1.697,133,-0.94,-0.06,1
,13420390,5,0.219864,0.66,0.22,0.29,2.468,204,0.5,-1.06,1
,13422261,5,0.281225,0.34,0.12,0.16,1.647,209,0.3,-1.25,1
,13423223,1,0.634674,0.74,0.22,0.24,1.103,254,-0.84,-0.12,1
,13425897,2,0.22527,0.4,0.15,0.17,0.787,223,1.26,6.55,2
,13432696,5,0.761763,0.39,0.14,0.21,2.057,166,-0.14,-1.5,1
,13437861,2,0.290601,0.49,0.31,0.25,1.185,229,5.07,36.41,1
,13438932,1,0.582168,0.64,0.2,0.22,1.171,163,-0.26,-0.45,1
,13447113,1,0.629681,0.63,0.19,0.2,1.09,251,-0.64,-0.17,1
,13447861,5,0.248022,0.53,0.16,0.18,0.73,192,0.12,-0.24,1
,13453183,5,0.414105,0.47,0.14,0.12,2.133,223,1.6,1.5,1
,13456555,5,0.366439,0.72,0.28,0.25,1.871,217,1.98,6.11,1
,13457849,1,0.474517,0.99,0.36,0.48,3.11,225,-0.11,1.61,1
,13459905,2,0.378529,0.47,0.14,0.16,1.118,247,-0.53,-0.53,1
,13473080,5,0.275425,0.34,0.11,0.15,0.947,245,0.32,-0.97,1
,13474411,1,0.771225,0.44,0.14,0.18,1.513,262,-0.21,-1.0,1
,13476119,5,0.288294,0.42,0.14,0.18,2.216,163,0.69,-0.42,1
,13480178,1,0.535995,0.89,0.25,0.19,1.092,131,-0.82,0.52,1
,13480349,1,0.594708,0.65,0.2,0.2,0.813,195,-0.26,0.02,1
,13486709,2,0.337277,0.43,0.16,0.23,2.38,187,0.0,-1.56,1
,13488714,1,0.493695,0.94,0.31,0.41,2.767,195,-0.64,-0.98,1
,13498334,1,0.5789,0.69,0.22,0.28,2.102,185,-0.89,-0.37,1
,13503993,1,0.56776,0.52,0.17,0.19,1.979,197,-0.56,-0.46,2
,13504794,5,0.289722,1.25,0.37,0.27,1.494,154,2.15,5.24,1
,13506406,1,0.763966,0.34,0.12,0.14,1.962,165,-0.54,0.27,1
,13509076,1,0.544272,0.83,0.3,0.42,1.795,180,-0.37,-1.39,1
,13510688,1,0.583505,0.68,0.2,0.2,2.781,194,-0.99,0.67,1
,13514372,5,0.250032,0.33,0.11,0.14,1.393,187,0.18,-1.14,1
,13515755,1,0.662701,0.74,0.23,0.26,2.283,186,-0.47,-0.76,1
,13517578,1,0.534375,0.66,0.22,0.25,1.462,228,-0.56,-0.27,1
,13520331,1,0.672245,0.29,0.1,0.13,1.517,229,-0.11,-1.33,1
,13520565,1,0.530227,0.87,0.29,0.37,2.968,213,-0.56,-1.01,1
,13528624,5,0.303517,0.72,0.24,0.3,2.487,199,0.79,-0.74,1
,13529973,2,0.316262,0.49,0.16,0.22,0.918,212,0.08,-1.24,1
,13531485,5,0.282653,0.47,0.14,0.12,1.387,157,1.47,1.47,2
,13532661,5,0.387656,0.3,0.22,0.11,0.767,225,8.44,84.96,1
,13534640,2,0.37309,0.39,0.13,0.18,1.741,224,-0.08,-1.38,1
,13538276,5,0.309444,0.56,0.18,0.17,1.244,236,1.36,4.66,1
,13545282,2,0.302975,0.6,0.2,0.26,0.701,214,0.39,-0.52,1
,13547350,1,0.60571,0.55,0.18,0.23,1.148,202,-0.3,-0.91,1
,13548621,1,0.582377,0.5,0.16,0.14,2.622,172,-1.11,0.97,1
,13551583,0,-9.9,0.46,0.14,0.14,1.901,218,-0.22,0.77,1
,13562486,1,0.51096,0.81,0.25,0.3,2.789,222,-0.66,-0.38,1
,13564163,2,0.287211,0.48,0.17,0.23,1.435,177,-0.09,-1.31,1
,13567151,7,303.858978,1.27,0.46,0.47,3.243,142,0.73,1.51,1
,13572414,1,0.614313,0.67,0.21,0.2,1.103,153,-0.31,0.61,1
,13573253,5,0.336255,0.49,0.17,0.23,2.038,211,0.53,-1.19,1
,13579321,5,0.788574,0.48,0.15,0.19,1.479,219,0.81,-0.48,1
,13580638,0,-9.9,0.42,0.14,0.17,2.369,206,0.05,-1.05,1
,13585738,1,0.475063,0.73,0.25,0.29,2.905,224,-0.76,-0.07,1
,13587309,1,0.58091,0.54,0.17,0.2,0.919,209,-0.01,-0.52,1
,13588422,5,0.43076,0.7,0.23,0.26,1.839,172,0.64,-0.68,1
,13592016,1,0.653097,0.67,0.22,0.26,2.067,218,-0.31,-1.05,1
,13594650,1,0.505755,0.86,0.26,0.28,2.82,229,-0.95,-0.14,1
,13595727,1,0.633865,0.59,0.21,0.22,0.549,185,1.37,3.67,3
,13596315,1,0.490811,0.74,0.22,0.22,1.58,158,-1.0,0.37,1
,13597118,1,0.67757,0.59,0.19,0.22,1.839,222,-0.25,-0.88,1
,13603454,1,0.772251,0.49,0.16,0.19,0.807,242,0.13,-0.77,1
,13606056,1,0.628212,0.47,0.15,0.21,2.266,221,0.34,-1.12,1
,13606134,6,0.075598,0.4,0.16,0.16,1.449,226,3.26,31.62,1
,13606534,5,0.27593,0.37,0.12,0.17,1.032,163,0.34,-0.81,1
,13613269,5,0.261582,0.45,0.15,0.19,1.322,232,0.29,-1.12,1
,13614607,0,2.075875,0.31,0.13,0.1,0.483,188,3.5,27.1,1
,13618312,2,0.366893,0.37,0.13,0.15,1.99,245,0.01,-1.1,2
,13620414,1,0.58624,0.74,0.24,0.26,0.724,237,0.11,-0.52,1
,13625429,5,0.292941,0.35,0.12,0.14,1.506,206,1.09,0.97,1
,13628820,5,0.292977,0.28,0.29,0.11,1.259,226,7.44,65.31,1
,13633259,1,0.465492,1.0,0.34,0.44,1.829,199,-0.19,-1.07,1
,13635432,2,0.394097,0.38,0.13,0.19,1.953,164,-0.1,-1.38,1
,13637483,5,0.306264,0.43,0.13,0.14,1.23,42,0.75,-0.27,3
,13637583,5,0.287685,0.33,0.11,0.16,2.174,210,0.12,-1.38,1
,13638780,2,0.303942,0.41,0.14,0.19,1.381,140,0.47,-1.23,1
,13642503,2,0.339021,0.46,0.17,0.23,1.728,237,0.11,-1.42,1
,13642932,5,0.335863,0.33,0.1,0.13,1.43,213,0.46,-0.67,1
,13643051,5,0.26403,0.5,0.17,0.22,1.271,76,0.52,-0.84,1
,13643180,4,0.414402,0.37,0.11,0.12,1.74,212,1.43,1.16,2
,13647779,2,0.378375,0.4,0.14,0.18,1.278,211,-0.02,-1.32,1
,13661048,5,0.327764,0.36,0.12,0.12,2.049,184,0.73,2.03,3
,13666184,4,0.783715,0.39,0.12,0.1,1.267,168,2.23,4.28,1
,13667123,5,0.224904,0.95,0.28,0.24,0.491,187,1.26,1.28,1
,13667313,5,0.260269,0.36,0.15,0.19,1.832,176,1.32,2.72,1
,13668495,5,0.306564,0.4,0.12,0.14,0.5,174,0.4,-0.46,2
,13673198,1,0.600615,0.74,0.23,0.24,0.653,187,0.31,0.05,1
,13674967,1,0.483089,0.98,0.3,0.35,1.94,190,-0.79,-0.26,1
,13678229,7,109.628601,0.48,0.16,0.19,1.187,132,-0.04,-1.11,2
,13681471,1,0.60329,0.47,0.15,0.17,1.978,235,-0.35,-0.91,1
,13682755,5,0.289722,0.42,0.13,0.15,1.885,225,0.34,-0.72,2
,13687615,5,0.293714,0.47,0.16,0.22,1.494,237,0.45,-1.16,1
,13690975,2,0.353219,0.55,0.16,0.14,2.2,238,-0.7,0.3,2
,13691271,1,0.674771,0.61,0.2,0.19,1.283,100,-0.84,-0.34,1
,13693109,2,0.331276,0.4,0.29,0.17,1.166,239,6.24,51.59,1
,13693315,5,0.234192,0.39,0.13,0.16,1.718,239,0.58,-0.89,1
,13700475,6,0.11367,0.42,0.15,0.19,2.363,223,-0.19,-1.09,1
,13702247,5,0.248023,0.73,0.25,0.26,0.734,184,1.05,0.73,1
,13702405,1,0.520626,0.98,0.34,0.4,2.05,220,-0.76,-0.84,1
,13703527,1,0.555858,0.93,0.46,0.32,2.906,169,3.32,23.92,1
,13705378,2,0.357486,0.41,0.14,0.21,1.816,250,0.11,-1.43,1
,13711003,5,0.25518,0.73,0.24,0.27,0.837,121,0.81,-0.33,1
,13711306,1,0.494872,0.92,0.29,0.34,2.595,175,-0.7,-0.56,1
,13712985,2,0.34909,0.5,0.19,0.27,2.266,205,-0.02,-1.55,1
,13714791,2,0.340103,0.38,0.32,0.18,1.876,146,8.77,92.89,1
,13715740,5,0.631751,0.28,0.1,0.14,1.35,212,0.47,-1.18,2
,13716218,1,0.562253,0.66,0.19,0.16,2.102,103,-0.44,-0.1,1
,13716339,1,0.517066,0.9,0.33,0.33,2.306,178,0.68,1.88,1
,13716945,2,0.334264,0.41,0.15,0.19,1.668,133,0.02,-1.24,1
,13718225,0,-9.9,0.62,0.23,0.31,2.101,53,-0.05,-1.27,1
,13719041,5,0.29668,0.43,0.17,0.19,1.357,196,1.57,5.29,2
,13724997,0,-9.9,0.44,0.15,0.2,1.478,33,0.06,-1.0,1
,13733154,1,0.490896,0.88,0.28,0.32,2.128,212,-0.49,-0.78,1
,13735181,1,0.57147,0.48,0.15,0.17,2.645,58,-0.44,-0.65,1
,13740532,5,0.210734,0.31,0.11,0.15,1.807,192,0.2,-1.25,1
,13740631,1,0.622074,0.64,0.23,0.3,1.898,191,-0.64,-0.92,1
,13748458,5,0.326626,0.37,0.13,0.16,1.037,175,0.92,0.24,1
,13752690,1,0.65583,0.61,0.2,0.24,1.012,186,0.2,-0.73,1
,13754273,2,0.404021,0.47,0.15,0.17,2.559,190,-0.27,-0.98,1
,13755234,5,0.37247,0.53,0.18,0.23,2.406,201,0.49,-1.1,1
,13757345,5,0.316754,0.46,0.17,0.22,2.472,48,0.03,-1.49,2
,13763155,5,0.396975,0.46,0.16,0.16,2.147,227,1.43,2.82,1
,13768824,5,0.350402,0.36,0.12,0.16,2.305,171,0.19,-0.94,1
,13782315,1,0.631432,0.49,0.16,0.19,0.625,235,-0.02,-0.43,1
,13789361,1,0.60827,0.6,0.2,0.23,0.669,229,0.27,0.59,1
,13796841,1,0.451877,1.01,0.35,0.33,1.814,179,-0.03,3.39,1
,13801112,5,0.230301,0.29,0.21,0.1,0.491,234,5.82,43.47,2
,13803333,6,0.051451,0.34,0.11,0.14,0.928,214,-0.27,-0.84,1
,13803688,1,0.467173,0.58,0.19,0.21,2.179,177,-0.81,0.18,1
,13803795,1,0.535876,0.91,0.27,0.27,1.331,200,-0.44,-0.09,1
,13805869,0,-9.9,0.76,0.21,0.13,0.553,53,0.0,0.61,1
,13806334,1,0.563463,0.82,0.28,0.34,2.59,194,-0.26,-1.29,1
,13806739,1,0.637585,0.31,0.1,0.13,1.931,215,-0.02,-1.32,1
,13806757,1,0.652099,0.77,0.23,0.24,2.058,225,-0.94,0.01,1
,13811074,1,0.508435,0.63,0.21,0.25,2.443,227,-0.7,-0.53,1
,13813457,5,0.228628,0.31,0.1,0.11,0.813,85,0.58,-0.28,2
,13814018,1,0.652287,0.31,0.1,0.13,1.027,263,-0.27,-1.01,1
,13818376,1,0.554179,0.74,0.24,0.3,2.878,225,-0.36,-1.09,1
,13824707,5,0.355954,0.48,0.19,0.22,2.061,235,1.1,1.3,1
,13827217,0,-9.9,0.33,0.11,0.11,0.554,204,0.8,4.61,1
,13830332,5,0.311988,0.66,0.21,0.26,1.826,240,1.02,-0.09,1
,13832077,0,-9.9,3.15,1.12,1.59,3.234,238,0.04,-1.4,1
,13836407,6,0.060013,0.51,0.16,0.17,0.479,246,0.12,-0.01,1
,13840109,1,0.544781,0.48,0.15,0.14,2.278,207,0.69,-0.49,1
,13841481,1,0.605029,0.59,0.19,0.21,0.636,218,-0.12,-0.52,2
,13842802,2,0.277974,0.34,0.12,0.16,1.286,170,-0.25,-1.15,1
,13843839,1,0.65025,0.67,0.23,0.27,1.552,183,-0.81,-0.72,1
,13857654,1,0.561889,0.75,0.26,0.31,2.689,202,-0.6,-0.53,1
,13859117,1,0.65352,0.67,0.22,0.29,1.629,190,-0.01,-1.23,1
,13865387,2,0.38157,0.42,0.15,0.2,0.763,215,0.47,-1.16,1
,13866427,1,0.52198,0.91,0.31,0.37,1.245,206,-0.1,-0.13,1
,13871104,1,0.536896,0.83,0.24,0.24,1.273,202,-0.64,0.06,1
,13883388,1,0.606609,0.47,0.15,0.18,1.561,215,-0.21,-0.92,1
,13887147,1,0.604792,0.91,0.26,0.24,3.143,144,-0.83,0.53,1
,13887939,0,-9.9,0.39,0.12,0.14,0.736,155,0.0,-0.87,1
,13888538,1,0.37305,0.72,0.23,0.3,1.134,138,-0.22,-1.09,3
,13889135,0,-9.9,0.41,0.13,0.17,1.135,155,-0.02,-1.06,1
,13900437,1,0.582456,0.45,0.15,0.2,0.956,192,-0.12,-1.22,1
,13901117,1,0.596008,0.38,0.14,0.12,1.925,154,2.05,4.87,1
,13903374,1,0.742868,0.71,0.22,0.25,2.71,210,-0.53,-0.8,1
,13905365,2,0.349914,0.59,0.19,0.22,1.12,222,-0.14,-0.76,1
,13907158,1,0.548644,0.67,0.22,0.28,1.872,214,-0.75,-0.34,1
,13908938,5,0.247901,0.44,0.14,0.19,1.191,223,0.54,-0.88,1
,13914040,2,0.384608,0.45,0.16,0.21,0.818,187,-0.2,-1.05,2
,13914778,1,0.582836,0.71,0.22,0.26,0.91,208,-0.34,-0.82,1
,13915240,1,0.629372,0.31,0.11,0.12,1.981,206,0.74,1.3,1
,13916023,1,0.528147,0.72,0.22,0.22,2.874,226,-1.49,1.36,1
,13917101,1,0.549683,0.7,0.21,0.21,2.117,178,-0.77,-0.04,1
,13923029,5,0.268247,0.47,0.15,0.19,0.782,224,0.55,-0.82,1
,13929802,1,0.496776,0.87,0.29,0.34,1.135,160,-0.34,-0.65,1
,13935490,5,0.227191,0.78,0.25,0.29,0.939,213,1.05,-0.04,1
,13935727,5,0.278447,0.37,0.12,0.14,0.804,211,0.57,-0.71,1
,13940653,5,0.40666,0.76,0.26,0.3,2.078,193,1.09,0.02,1
,13945144,1,0.582668,0.82,0.26,0.31,1.52,227,-0.68,-0.41,1
,13950339,1,0.516431,0.87,0.28,0.33,1.727,245,-0.74,-0.56,1
,13952612,1,0.509947,0.68,0.23,0.27,2.552,242,-0.93,-0.11,1
,13954094,4,0.815762,0.5,0.15,0.11,0.842,191,2.08,4.29,2
,13957426,1,0.521502,0.8,0.26,0.3,2.22,240,-0.74,-0.22,1
,13957470,1,0.587324,0.7,0.22,0.23,0.867,223,-0.49,-0.51,1
,13961669,5,0.336387,0.39,0.13,0.17,2.202,239,0.25,-0.65,1
,13966734,6,0.051549,0.59,0.18,0.15,0.48,216,0.44,2.18,1
,13968909,1,0.558765,0.67,0.2,0.19,1.422,225,-0.88,0.15,1
,13970087,5,0.266986,0.37,0.12,0.16,1.669,236,0.53,-0.9,1
,13970971,1,0.624582,0.73,0.24,0.28,2.234,199,-0.57,-0.89,1
,13977155,1,0.621699,0.53,0.17,0.21,1.187,220,-0.25,-0.87,1
,13984143,1,0.647352,0.33,0.11,0.14,0.907,235,0.0,-1.15,1
,13990436,5,0.249791,0.76,0.26,0.31,1.505,233,0.76,-0.67,1
,13990545,0,1503.710938,0.63,0.21,0.21,0.581,165,0.96,1.54,1
,13996539,2,0.270943,0.41,0.16,0.2,2.487,165,0.54,0.15,1
,14020352,5,0.338549,0.6,0.19,0.21,1.162,162,0.52,-0.66,1
,14023650,1,0.602928,0.6,0.21,0.28,1.373,195,0.03,-1.2,1
,14025578,1,0.514598,0.99,0.31,0.29,1.431,219,-0.69,-0.24,1
,14026600,5,0.286256,0.71,0.24,0.28,1.779,111,0.92,-0.43,1
,14034653,1,0.590286,0.76,0.25,0.31,1.241,166,0.15,-0.94,1
,14049818,5,0.316812,0.44,0.15,0.19,0.844,189,0.4,-0.86,1
,14052247,1,0.521181,0.83,0.26,0.32,1.766,228,-0.42,-0.74,1
,14052249,6,0.052961,0.49,0.16,0.2,0.885,226,-0.3,-0.76,1
,14055159,2,0.271497,0.41,0.14,0.16,0.493,229,0.03,-0.51,1
,14069478,5,0.356066,0.47,0.16,0.22,1.183,136,0.79,-0.76,1
,14076193,1,0.547681,0.84,0.3,0.41,2.008,187,-0.46,-1.23,1
,14076319,1,0.516377,0.62,0.19,0.18,2.575,186,-0.8,-0.14,1
,14078886,1,0.47711,0.81,0.26,0.3,1.39,197,-0.07,-0.86,1
,14080799,4,1.273207,0.56,0.21,0.13,0.577,203,1.71,7.97,1
,14083195,2,0.263938,0.31,0.1,0.13,1.276,53,-0.02,-1.13,1
,14085213,1,0.589028,0.65,0.24,0.27,2.721,204,-0.41,-0.37,1
,14089317,4,0.988069,0.4,0.12,0.06,1.35,191,2.78,7.54,2
,14091981,5,0.294481,0.5,0.16,0.18,1.994,108,0.83,-0.46,1
,14093031,0,0.665305,0.36,0.15,0.22,2.399,218,-0.25,-1.69,1
,14094032,5,0.310349,0.63,0.21,0.21,1.017,207,0.9,0.04,1
,14096577,1,0.642946,0.82,0.28,0.4,2.51,194,-0.25,-1.37,1
,14099240,1,0.608404,0.69,0.21,0.22,1.132,82,-0.85,-0.07,2
,14104735,1,0.616867,0.4,0.14,0.17,1.708,204,-0.28,-1.24,1
,14106075,5,0.377112,0.47,0.14,0.1,2.33,173,1.53,1.93,1
,14107876,1,0.499368,1.11,0.38,0.53,2.325,160,-0.34,-1.35,1
,14114435,2,0.334701,0.34,0.13,0.15,1.323,125,1.65,6.92,1
,14115268,2,0.341623,0.61,0.21,0.28,2.369,202,0.02,-1.39,2
,14118729,5,0.246706,0.44,0.15,0.2,1.304,104,0.53,-0.84,1
,14122241,5,0.310208,0.51,0.16,0.17,1.385,160,1.02,-0.04,1
,14133488,1,0.610635,0.93,0.3,0.34,1.972,176,-0.96,-0.39,1
,14133630,1,0.726292,0.42,0.14,0.19,1.788,180,-0.15,-1.35,1
,14134410,5,0.36303,0.43,0.15,0.19,1.42,194,0.25,-1.21,1
,14140470,1,0.626001,0.6,0.18,0.2,0.882,225,-0.12,-0.35,1
,14142720,1,0.649922,0.7,0.2,0.23,0.803,223,-0.38,-0.41,2
,14144390,5,0.252987,0.46,0.16,0.19,2.343,218,0.76,-0.76,1
,14144427,5,0.299661,0.59,0.18,0.16,1.172,204,1.4,1.03,2
,14148882,2,0.4167,0.36,0.14,0.19,1.607,233,-0.02,-1.57,1
,14149087,1,0.620443,0.47,0.15,0.19,1.4,239,-0.19,-1.1,1
,14149757,5,0.288067,0.52,0.16,0.17,0.789,233,1.08,0.72,1
,14153847,5,0.25747,0.83,0.25,0.23,0.856,226,1.72,2.8,1
,14153889,2,0.295133,0.5,0.18,0.24,2.327,228,0.2,-0.7,1
,14155304,1,0.590447,0.89,0.27,0.3,3.052,208,-0.81,-0.36,1
,14155360,1,0.552034,0.56,0.19,0.27,2.058,191,-0.43,-1.13,1
,14155972,2,0.295149,0.34,0.11,0.1,1.403,45,-0.7,-0.41,2
,14159693,5,0.255003,0.53,0.17,0.19,2.373,204,0.9,-0.3,1
,14160184,1,0.519129,0.95,0.29,0.29,1.415,198,-0.75,-0.35,1
,14160259,2,0.274784,0.43,0.15,0.19,1.761,201,-0.27,-1.31,1
,14160995,1,0.575593,0.69,0.22,0.28,1.845,201,-0.78,-0.57,1
,14164902,5,0.359113,0.66,0.21,0.23,2.707,175,0.73,-0.54,1
,14167663,2,0.274592,0.31,0.11,0.15,1.17,189,0.27,-0.94,1
,14175387,1,0.517565,0.89,0.3,0.37,1.725,213,-0.56,-0.95,1
,14178112,1,0.55616,0.73,0.23,0.28,2.268,250,-0.74,-0.53,1
,14183370,5,1.953262,0.78,0.21,0.14,2.084,239,2.13,3.78,2
,14184302,2,0.362128,0.53,0.19,0.26,1.125,172,0.08,-1.2,1
,14189477,5,0.303582,0.4,0.13,0.15,0.563,216,0.42,0.55,1
,14193913,1,0.56507,0.67,0.35,0.28,2.613,224,4.0,30.08,2
,14194241,1,0.604472,0.73,0.25,0.34,2.034,245,-0.55,-0.98,1
,14197910,1,0.532198,0.86,0.27,0.28,1.369,222,-0.92,-0.22,1
,14201780,1,0.641544,0.88,0.29,0.4,1.467,230,-0.01,-1.29,1
,14204680,4,0.638238,0.57,0.17,0.12,1.305,192,2.3,4.36,1
,14205372,4,0.67403,0.47,0.15,0.12,0.846,179,2.07,3.82,1
,14211532,1,0.49689,0.69,0.22,0.25,0.956,186,-0.23,-0.49,1
,14215705,1,0.701158,0.81,0.27,0.34,2.902,172,-0.95,-0.51,1
,14219893,1,0.590621,0.62,0.2,0.25,0.869,191,-0.13,-0.95,1
,14225011,1,0.61038,0.63,0.19,0.21,1.602,167,-0.55,-0.47,1
,14229885,1,0.600107,0.91,0.29,0.34,2.512,260,-0.44,-1.07,1
,14233422,1,0.472203,0.9,0.27,0.24,1.84,191,-1.19,0.62,1
,14236732,2,0.432452,0.34,0.11,0.15,1.895,219,0.26,-1.19,2
,14236777,1,0.5353,1.08,0.35,0.39,1.87,185,-0.62,-0.39,1
,14237419,1,0.581498,0.52,0.16,0.19,1.741,219,-0.67,0.09,1
,14239170,5,0.250814,0.67,0.22,0.24,1.421,209,0.88,-0.54,1
,14240885,1,0.564399,0.89,0.28,0.32,2.095,233,-0.95,-0.17,1
,14241913,5,0.291193,0.33,0.1,0.12,0.508,126,0.3,-0.75,2
,14243082,1,0.614269,0.56,0.18,0.22,0.809,212,-0.23,-0.58,1
,14249062,1,0.538288,0.58,0.19,0.21,1.335,156,-0.8,0.12,1
,14252130,5,0.295983,0.58,0.22,0.22,1.187,196,2.12,9.18,1
,14255146,5,0.28072,0.49,0.16,0.17,0.548,166,0.79,0.22,1
,14257637,1,0.490793,0.65,0.24,0.2,1.584,210,0.67,4.74,1
,14271920,5,0.301342,0.56,0.16,0.13,1.302,149,1.6,1.84,2
,14272108,1,0.64332,0.79,0.25,0.26,1.562,174,-0.86,-0.35,1
,14274013,2,0.349003,0.57,0.22,0.23,1.066,223,2.03,9.74,1
,14279792,1,0.637331,0.79,0.26,0.31,1.233,216,-0.4,-0.64,1
,14280270,5,0.292588,0.5,0.16,0.19,2.223,107,0.91,0.19,2
,14288315,5,0.300079,0.46,0.16,0.21,1.663,158,0.39,-1.2,1
,14291147,5,0.304935,0.4,0.13,0.19,1.53,238,0.52,-0.93,1
,14298385,5,0.365105,0.55,0.18,0.14,0.833,202,1.76,3.46,2
,14299756,1,0.530145,0.85,0.26,0.26,1.481,225,-0.57,0.44,1
,14303456,1,0.54604,0.79,0.29,0.42,1.832,212,-0.15,-1.48,1
,14305083,1,0.556389,0.74,0.24,0.28,1.993,198,-0.87,-0.65,1
,14306671,5,0.357286,0.29,0.1,0.14,1.649,69,0.28,-1.36,3
,14310401,1,0.594511,0.75,0.25,0.29,2.201,220,-0.52,-0.91,1
,14315049,1,0.573359,0.66,0.2,0.25,1.836,169,0.04,-0.93,1
,14315997,5,0.221888,0.42,0.14,0.17,1.044,237,0.52,-0.53,1
,14316945,4,1.374783,0.22,0.11,0.06,1.333,234,3.82,16.09,2
,14318376,1,0.633838,0.33,0.12,0.14,0.673,236,0.0,-0.36,2
,14319075,5,0.319536,0.64,0.19,0.16,1.276,251,2.09,4.39,1
,14319448,7,314.130402,2.72,0.87,1.08,4.415,175,-0.14,-1.12,1
,14324051,4,0.711859,0.43,0.15,0.14,1.824,242,2.44,6.46,1
,14328001,5,0.283507,0.46,0.15,0.17,1.665,225,1.07,0.34,1
,14328993,2,0.34051,0.38,0.13,0.19,1.518,238,-0.14,-1.41,1
,14332473,5,0.287205,0.55,0.2,0.23,1.463,227,1.57,6.58,1
,14337546,5,0.45737,0.35,0.11,0.12,1.754,233,0.89,0.0,1
,14339202,5,0.261538,0.85,0.26,0.27,1.079,231,1.16,0.68,1
,14347432,1,0.557764,0.9,0.29,0.35,3.05,153,-0.53,-0.99,1
,14350834,5,0.305681,0.52,0.17,0.22,1.976,230,0.63,-0.78,1
,14351896,1,0.676891,0.47,0.16,0.18,1.145,245,0.4,0.19,1
,14355066,5,0.299182,0.45,0.15,0.19,0.71,249,0.12,-0.83,1
,14358703,6,0.062205,0.44,0.16,0.17,0.772,98,-0.25,-0.25,1
,14361000,2,0.321248,0.46,0.16,0.21,0.911,254,0.28,-0.95,1
,14361332,1,0.509446,0.78,0.26,0.31,3.145,235,-0.58,-0.67,1
,14363418,1,0.583445,0.57,0.18,0.23,2.122,136,-0.14,-1.16,1
,14372790,2,0.33405,0.35,0.12,0.17,1.104,235,0.16,-1.33,1
,14374443,1,0.659615,0.64,0.21,0.27,2.048,196,-0.27,-1.16,1
,14384380,6,0.063974,0.61,0.19,0.22,0.67,196,-0.33,-0.63,1
,14385018,1,0.576076,0.82,0.26,0.28,1.448,192,-0.61,-0.44,1
,14385053,5,0.347397,0.71,0.22,0.23,1.705,91,1.0,0.16,1
,14386035,5,0.276914,0.67,0.22,0.24,2.475,169,0.97,-0.18,1
,14391509,5,0.25018,0.46,0.16,0.21,1.556,202,0.78,-0.68,1
,14392530,5,0.297029,0.68,0.21,0.23,1.006,195,0.82,-0.24,1
,14394403,0,-9.9,0.77,0.24,0.25,0.777,93,-0.08,-0.33,1
,14396814,1,0.483143,0.67,0.21,0.25,1.727,205,-0.87,-0.13,1
,14398096,1,0.534218,0.92,0.28,0.31,1.177,183,-0.61,-0.42,1
,14400528,1,0.67906,0.71,0.29,0.31,1.566,167,2.45,17.29,1
,14401783,5,0.382024,0.34,0.11,0.13,1.447,191,0.35,-1.12,1
,14402591,5,0.260566,0.5,0.16,0.14,1.303,200,1.79,2.41,1
,14404377,1,0.849144,0.31,0.1,0.13,0.573,212,-0.28,-0.91,2
,14407874,1,0.572997,0.58,0.18,0.22,1.046,196,-0.11,-0.76,1
,14408755,6,0.070065,0.52,0.17,0.18,1.536,205,-1.01,2.1,1
,14413957,5,0.268264,0.87,0.29,0.29,2.458,57,0.72,-0.72,1
,14418194,1,0.552465,0.88,0.29,0.37,1.345,213,-0.29,-1.03,1
,14420621,5,0.269347,0.44,0.15,0.18,1.298,195,0.63,-0.83,1
,14426666,1,0.554715,1.34,0.43,0.31,2.147,155,2.46,10.99,1
,14428792,5,0.240665,0.66,0.2,0.24,2.195,145,0.83,-0.33,1
,14443369,5,0.283504,0.54,0.17,0.2,2.508,200,0.57,-0.81,1
,14446035,5,0.433993,0.44,0.16,0.12,0.883,181,2.59,12.89,2
,14448701,1,0.638152,0.81,0.27,0.33,2.957,144,-0.02,-0.08,1
,14453359,1,0.467749,1.01,0.33,0.43,2.704,76,-0.65,-0.83,1
,14455191,1,0.520112,0.85,0.26,0.28,1.23,118,-0.55,-0.48,2
,14455402,5,1.520478,0.69,0.2,0.11,0.958,177,2.16,4.98,2
,14455693,2,0.269469,0.29,0.2,0.11,1.545,196,4.38,22.57,1
,14456468,5,0.408481,0.48,0.15,0.16,1.807,239,0.95,-0.09,1
,14458606,1,0.618204,0.34,0.11,0.13,1.95,200,0.04,-0.98,1
,14463599,5,0.302274,0.6,0.2,0.23,0.949,178,0.85,-0.37,1
,14466143,1,0.57499,0.54,0.17,0.22,2.6,208,-0.57,-0.79,1
,14467112,1,0.502434,0.88,0.27,0.25,2.481,200,-1.05,0.3,1
,14468317,2,0.347577,0.44,0.14,0.15,1.066,100,0.39,-0.46,3
,14468802,1,0.519538,0.77,0.24,0.26,1.823,181,-0.69,-0.56,1
,14472057,5,0.252624,0.37,0.15,0.16,0.937,176,1.56,3.97,1
,14476701,5,0.343844,0.59,0.2,0.24,0.757,192,0.58,-0.35,1
,14479563,5,0.326423,0.4,0.15,0.19,1.213,162,0.5,-0.94,1
,14483937,5,0.317511,0.38,0.13,0.19,2.246,187,0.51,-1.24,1
,14485964,5,0.868086,0.37,0.12,0.07,0.659,211,2.33,5.97,2
,14490804,1,0.622011,0.88,0.28,0.34,1.536,202,-0.64,-0.78,1
,14496217,5,0.278876,0.55,0.18,0.22,1.086,197,0.44,-0.6,1
,14497755,0,-9.9,0.37,0.11,0.12,2.323,147,0.38,-0.41,1
,14497809,1,0.47799,0.94,0.3,0.34,1.515,212,-0.68,-0.58,1
,14500248,2,0.323466,0.34,0.12,0.17,1.691,206,0.14,-1.36,1
,14501038,5,0.274823,0.53,0.18,0.24,1.631,145,0.51,-0.94,1
,14505695,1,0.501626,0.57,0.21,0.28,2.367,173,-0.14,-1.43,1
,14506257,5,0.310465,0.6,0.21,0.27,1.802,209,0.69,-0.92,1
,14511201,2,0.397157,0.45,0.16,0.23,1.285,209,-0.17,-1.48,1
,14514794,5,0.331205,0.36,0.12,0.16,0.689,200,0.17,-0.43,1
,14516222,1,0.671726,0.75,0.25,0.31,1.311,230,-0.37,-0.89,1
,14519015,1,0.562816,0.54,0.17,0.17,0.749,213,-0.78,0.74,3
,14520413,5,0.349866,0.53,0.18,0.22,1.309,203,0.71,-0.87,1
,14520582,1,0.644808,0.68,0.22,0.28,2.058,184,-0.88,-0.04,1
,14523001,5,0.233087,0.5,0.16,0.2,0.517,196,0.61,-0.19,1
,14523103,1,0.646468,0.78,0.26,0.25,2.623,87,-1.04,-0.26,1
,14528876,5,0.329712,0.74,0.23,0.2,2.472,205,1.31,0.68,1
,14530677,1,0.570901,0.64,0.38,0.25,1.714,178,4.13,24.88,1
,14534492,1,0.552107,0.79,0.24,0.22,1.072,196,-0.31,0.94,1
,14538995,5,0.268296,0.55,0.18,0.23,1.774,213,0.54,-1.01,1
,14539006,1,0.660016,0.58,0.2,0.27,2.209,197,-0.06,-1.4,1
,14539636,1,0.605185,0.93,0.3,0.37,1.532,206,-0.16,-1.15,1
,14545485,5,0.292521,0.32,0.11,0.14,1.432,204,0.74,-0.56,1
,14549195,6,0.051458,0.34,0.11,0.14,1.124,222,-0.69,-0.31,1
,14550152,1,0.608625,0.78,0.25,0.31,2.365,220,-0.34,-1.0,1
,14553146,5,0.264073,0.78,0.26,0.3,2.24,211,0.91,-0.41,1
,14558204,1,0.555498,0.62,0.2,0.26,1.777,250,-0.31,-1.13,1
,14562188,5,0.423269,0.39,0.12,0.1,1.961,215,1.69,2.2,2
,14565845,1,0.608921,0.39,0.13,0.18,1.886,248,0.28,-1.23,1
,14568687,1,0.526757,0.78,0.25,0.32,1.574,276,-0.29,-0.81,1
,14568715,5,0.324931,0.29,0.1,0.13,1.289,246,0.35,-1.15,1
,14574896,1,0.453978,1.05,0.31,0.33,1.707,195,-0.96,0.12,1
,14575869,2,0.295997,0.43,0.15,0.19,1.587,203,0.04,-1.29,1
,14578222,0,-9.9,0.72,0.23,0.24,0.666,88,-0.07,0.35,1
,14590263,4,0.989986,0.47,0.14,0.08,1.15,191,2.52,5.82,1
,14590533,5,0.268762,0.42,0.14,0.16,0.75,163,0.53,-0.37,1
,14593764,5,0.381973,0.43,0.12,0.09,0.752,190,1.62,2.57,2
,14596917,5,0.40257,0.51,0.19,0.24,0.759,61,0.05,-1.32,3
,14604180,5,0.231553,0.35,0.12,0.14,1.075,152,0.45,-0.74,1
,14610988,4,0.518671,0.47,0.18,0.15,1.059,218,3.36,18.09,2
,14615412,1,0.750545,0.31,0.1,0.13,0.536,215,-0.26,-0.9,1
,14617997,1,0.63947,0.63,0.21,0.25,1.519,127,-0.35,-0.97,2
,14618475,1,0.590737,0.65,0.21,0.22,0.786,131,-0.19,-0.52,1
,14619227,2,0.280092,0.56,0.18,0.19,0.562,183,0.39,-0.05,2
,14622972,5,0.305719,0.34,0.12,0.13,0.796,183,0.95,1.42,1
,14628814,1,0.608009,0.93,0.29,0.14,1.509,172,4.91,34.81,1
,14628886,1,0.594375,0.69,0.22,0.24,2.205,164,-0.66,-0.76,1
,14630602,5,0.31593,0.34,0.1,0.12,1.375,184,0.22,-0.77,1
,14635658,1,0.53321,0.74,0.24,0.28,1.517,186,-0.68,-0.45,1
,14639359,4,0.370498,0.65,0.18,0.08,1.411,186,2.14,3.62,2
,14647892,5,0.324203,0.47,0.16,0.2,2.082,205,0.55,-0.92,1
,14649907,1,0.526668,0.61,0.33,0.24,1.151,145,2.44,9.16,2
,14650791,2,0.283085,0.37,0.13,0.18,2.085,220,-0.09,-1.33,1
,14654406,1,0.516758,0.75,0.24,0.28,2.843,222,-0.28,-0.98,1
,14654855,5,0.427841,0.38,0.11,0.11,0.963,214,0.76,0.16,1
,14659554,1,0.604168,0.47,0.15,0.16,0.866,232,-0.4,-0.28,1
,14665097,2,0.304003,0.52,0.18,0.23,0.883,194,0.23,-1.19,2
,14665291,5,0.356876,0.45,0.15,0.2,2.432,180,0.04,-1.29,2
,14668373,5,0.224377,0.4,0.13,0.16,0.738,190,0.33,-0.78,1
,14671817,5,0.270091,0.69,0.24,0.29,2.751,181,0.51,-1.13,1
,14675912,1,0.659137,0.6,0.19,0.21,0.743,176,-0.24,-0.15,3
,14682208,1,0.518286,0.76,0.25,0.29,1.302,202,-0.66,-0.23,1
,14685228,1,0.556189,0.72,0.23,0.28,1.476,201,-0.1,-0.72,1
,14685889,1,0.586432,0.87,0.27,0.23,2.277,105,-0.94,-0.26,1
,14693239,2,0.38225,0.39,0.14,0.18,1.121,209,-0.2,-1.25,2
,14698421,1,0.696563,0.63,0.19,0.22,1.794,226,-0.39,-0.62,1
,14699977,1,0.527258,0.89,0.31,0.37,1.571,207,-0.51,-1.09,2
,14700479,1,0.570613,0.58,0.18,0.2,1.98,207,-0.6,-0.62,1
,14712799,1,0.704658,0.63,0.2,0.2,0.559,214,0.48,0.9,3
,14713979,2,0.357848,0.35,0.12,0.15,1.723,216,-0.41,-1.14,1
,14714767,5,0.268972,0.35,0.41,0.11,1.839,132,5.27,28.06,2
,14714962,1,0.50855,0.56,0.2,0.26,2.292,210,-0.42,-1.04,1
,14720684,5,0.273604,0.36,0.12,0.15,1.941,213,0.4,-0.9,1
,14725595,6,0.083881,0.52,0.16,0.17,0.478,200,-0.18,0.17,1
,14728077,1,0.684462,0.66,0.2,0.19,0.787,127,-0.12,-0.36,1
,14730588,4,0.432138,0.5,0.15,0.13,2.233,160,1.82,2.54,3
,14734799,5,0.255238,0.33,0.11,0.15,1.737,184,0.35,-1.09,1
,14734996,5,0.272145,0.57,0.2,0.27,2.199,244,0.72,-0.8,1
,14738928,2,0.401457,0.38,0.12,0.17,1.671,167,0.3,-1.21,2
,14739863,5,0.371044,0.36,0.11,0.1,0.552,183,1.52,2.13,2
,14742763,2,0.310209,0.54,0.18,0.22,0.894,85,-0.02,-1.12,2
,14752041,4,0.729884,0.71,0.23,0.23,2.115,253,1.34,0.88,2
,14756313,5,0.26249,0.58,0.19,0.23,1.478,233,0.88,-0.41,1
,14758469,5,0.370468,0.31,0.11,0.13,0.892,172,0.58,0.14,1
,14758749,1,0.536498,0.96,0.31,0.37,1.211,175,-0.08,-0.89,1
,14759790,5,0.307129,0.32,0.11,0.15,1.351,219,0.25,-1.08,2
,14759918,2,0.353831,0.39,0.13,0.17,0.916,211,0.16,-0.98,1
,14761028,5,0.35808,0.46,0.15,0.15,0.577,175,0.9,-0.05,1
,14761159,1,0.584356,0.6,0.19,0.25,1.959,179,-0.27,-1.03,1
,14761509,1,0.651037,0.57,0.17,0.18,1.726,199,-0.84,0.13,1
,14762322,1,0.709928,0.3,0.1,0.12,1.139,185,-0.56,-0.79,1
,14772364,1,0.506427,0.79,0.25,0.28,1.239,77,-0.75,-0.42,1
,14773579,1,0.557481,0.61,0.18,0.18,1.732,191,-0.56,-0.21,1
,14776710,1,0.579756,1.14,0.34,0.37,1.279,162,-0.22,-0.71,1
,14777453,5,0.378283,0.48,0.15,0.17,1.434,171,0.64,-0.39,1
,14781595,1,0.604888,0.64,0.19,0.22,2.551,190,-0.46,-0.44,1
,14783731,1,0.614473,0.5,0.16,0.21,0.913,186,-0.15,-0.98,1
,14784565,1,0.614581,0.44,0.14,0.17,2.14,191,0.05,-1.03,1
,14785361,1,0.52102,0.81,0.26,0.29,1.292,187,-0.42,-0.01,1
,14787536,5,0.324145,0.48,0.16,0.18,1.52,202,0.73,-0.68,1
,14791783,2,0.237689,0.41,0.14,0.19,1.16,193,-0.16,-1.35,1
,14792653,5,0.27196,0.55,0.19,0.22,0.987,210,0.58,-0.67,1
,14792673,5,0.352061,0.99,0.32,0.26,1.082,241,1.58,1.99,1
,14794050,2,0.333844,0.4,0.13,0.18,0.993,136,0.29,-1.2,1
,14796016,4,1.313935,0.64,0.19,0.1,1.677,244,2.23,3.6,2
,14797336,2,0.27246,0.41,0.15,0.21,1.972,238,0.14,-1.43,1
,14800585,1,0.679109,0.48,0.15,0.18,1.393,215,0.21,-1.01,1
,14802644,5,0.28837,0.38,0.13,0.16,1.843,216,0.67,-0.77,1
,14809571,1,0.560156,0.68,0.24,0.31,1.199,97,-0.09,-0.83,2
,14810330,6,0.053282,0.36,0.11,0.13,0.98,177,-0.9,0.02,1
,14814233,5,0.399574,0.36,0.11,0.12,1.125,190,0.87,-0.23,1
,14815330,1,0.529559,0.79,0.24,0.24,1.961,181,-0.6,-0.17,1
,14818409,7,303.656006,1.38,0.41,0.37,1.164,170,0.99,0.53,1
,14818447,5,0.283264,0.43,0.15,0.17,2.484,176,0.68,-0.21,1
,14822071,1,0.588797,0.64,0.2,0.21,2.163,171,-0.82,-0.37,1
,14825655,5,0.28746,0.77,0.26,0.29,0.842,185,1.0,0.35,1
,14826094,1,0.505694,0.88,0.27,0.33,2.908,120,-0.84,-0.53,1
,14828977,5,0.395444,0.45,0.16,0.23,1.94,195,0.13,-1.48,1
,14829773,1,0.613532,0.6,0.2,0.25,1.228,207,0.03,-0.82,1
,14832957,5,0.340478,0.52,0.17,0.19,1.826,192,0.84,-0.54,1
,14839148,2,0.327499,0.39,0.14,0.21,1.638,172,0.0,-1.5,1
,14839976,5,0.350977,0.33,0.11,0.12,0.903,165,-0.45,1.2,1
,14841252,1,0.58947,0.51,0.16,0.2,0.903,205,-0.21,-1.02,1
,14841360,5,0.280902,0.56,0.19,0.23,0.668,188,0.6,-0.62,1
,14845461,1,0.640255,0.82,0.3,0.42,2.895,192,-0.21,-1.52,1
,14845642,2,0.334723,0.41,0.14,0.18,0.585,116,-0.49,-0.92,2
,14846415,1,0.507171,0.6,0.21,0.28,1.672,45,-0.67,-0.99,1
,14847849,5,0.312756,0.52,0.18,0.23,0.848,187,0.64,-0.58,1
,14851787,1,0.473506,0.85,0.26,0.31,2.607,179,-0.57,-0.66,1
,14853646,1,0.705178,0.69,0.23,0.27,1.665,161,-0.35,-0.91,1
,14854121,1,0.542146,0.8,0.28,0.29,2.666,211,-0.03,0.11,1
,14866961,5,0.263937,0.39,0.12,0.14,0.861,204,0.73,-0.18,1
,14872363,5,0.349042,0.34,0.11,0.12,0.913,197,0.13,-0.4,1
,14876727,1,0.505922,0.85,0.28,0.36,3.06,148,-0.32,-0.85,1
,14879326,1,0.477412,0.98,0.33,0.4,2.353,208,-0.68,-0.81,1
,14882819,2,0.362626,0.99,0.41,0.2,1.751,206,4.19,20.93,1
,14886471,5,0.413552,0.3,0.1,0.13,1.821,204,0.25,-1.13,1
,14891009,1,0.630568,0.65,0.21,0.25,1.809,175,-0.49,-1.0,1
,14900115,4,0.821982,0.6,0.2,0.2,1.213,218,1.81,2.64,2
,14901092,5,0.332589,0.5,0.17,0.24,2.45,182,0.29,-1.28,2
,14902930,1,0.489845,0.97,0.32,0.39,1.891,203,-0.82,-0.65,1
,14903357,2,0.342607,0.36,0.12,0.15,1.884,215,0.2,-1.29,1
,14907569,5,0.476273,0.45,0.14,0.12,1.145,189,1.17,0.33,1
,14910000,5,0.253802,0.59,0.21,0.27,1.319,206,0.99,0.91,1
,14914913,2,0.334912,0.45,0.16,0.21,0.773,91,0.33,-1.22,1
,14915173,5,0.303255,0.52,0.19,0.19,0.645,162,1.27,1.9,1
,14918387,5,2.863278,0.38,0.12,0.08,1.642,245,2.96,8.8,2
,14919893,4,0.158432,0.92,0.39,0.27,2.308,186,2.72,8.71,3
,14920151,2,0.423948,0.34,0.12,0.16,1.83,192,0.14,-1.39,1
,14921022,2,0.342166,0.36,0.13,0.16,0.89,202,-0.12,-1.05,1
,14927735,0,-9.9,0.96,0.65,0.28,1.32,41,3.31,11.08,1
,14929154,7,130.269302,0.89,0.31,0.44,3.077,191,0.44,-1.28,1
,14930568,0,-9.9,0.42,0.14,0.2,1.707,190,0.52,-1.05,1
,14931207,5,0.292183,0.59,0.21,0.26,1.071,162,0.86,-0.25,1
,14934582,5,0.323029,0.58,0.19,0.23,0.598,226,0.59,0.02,1
,14935620,1,0.538895,0.58,0.21,0.24,1.33,223,-0.58,0.31,1
,14940236,1,0.67011,0.61,0.19,0.23,0.767,214,-0.16,-0.79,1
,14942624,1,0.64115,0.69,0.22,0.23,1.04,223,-0.56,-0.79,1
,14944147,5,0.67433,0.41,0.13,0.16,0.479,212,0.06,-0.79,2
,14947486,5,0.261418,0.59,0.2,0.25,1.196,182,0.7,-0.59,1
,14958012,5,0.283097,0.4,0.13,0.18,1.51,211,0.57,-0.84,1
,14958342,2,0.3024,0.41,0.13,0.14,1.195,240,-0.02,-0.73,1
,14961775,5,0.30765,0.39,0.13,0.17,2.145,179,-0.04,-1.45,1
,14966396,1,0.522883,0.92,0.33,0.35,1.416,181,0.75,3.81,1
,14969179,1,0.553468,0.62,0.2,0.23,0.82,210,-0.17,-0.4,1
,14975474,4,0.642511,0.37,0.12,0.1,2.169,178,1.62,2.42,2
,14982809,4,0.764655,0.65,0.18,0.1,1.677,170,2.4,4.84,1
,14983939,5,0.245201,0.83,0.27,0.34,2.658,173,0.75,-0.74,1
,14988624,1,0.584178,0.71,0.24,0.28,1.417,151,-0.2,-0.98,1
,14992345,4,1.522679,0.72,0.19,0.07,1.955,189,2.81,6.74,1
,14994943,5,0.313368,0.59,0.24,0.2,0.643,194,1.95,6.2,1
,14996354,5,0.359371,0.34,0.12,0.15,1.719,188,0.34,-1.25,1
,14996613,6,0.059409,0.44,0.15,0.13,0.704,203,0.4,4.59,1
,15002966,2,0.280465,0.37,0.14,0.15,1.014,170,1.74,8.09,1
,15003233,5,0.36036,0.41,0.13,0.16,1.638,187,0.45,-0.98,1
,15005421,1,0.50422,0.74,0.25,0.32,1.802,214,-0.3,-0.96,1
,15005756,5,0.310173,0.5,0.17,0.22,0.95,209,0.31,-0.97,1
,15005886,5,0.266973,0.37,0.14,0.16,0.583,50,-0.25,0.51,2
,15008720,5,0.77598,0.37,0.11,0.08,0.929,168,1.89,3.01,1
,15009461,1,0.599296,0.59,0.19,0.22,2.273,216,-0.57,-0.4,1
,15009668,5,0.278592,0.42,0.13,0.15,0.634,211,0.76,-0.18,3
,15010645,5,0.279956,0.54,0.18,0.22,1.017,193,0.45,-0.92,1
,15013950,5,0.871763,0.4,0.14,0.14,0.509,155,1.23,6.71,3
,15015052,0,0.499989,0.46,0.15,0.19,2.065,171,0.62,-0.72,2
,15015123,5,0.292298,0.49,0.18,0.23,1.393,166,0.81,-0.22,1
,15022335,0,-9.9,0.69,0.25,0.14,1.979,55,-0.96,-0.77,1
,15026457,1,0.605151,0.93,0.31,0.4,1.481,205,-0.08,-1.09,1
,15026621,1,0.561679,0.67,0.22,0.24,0.833,233,-0.17,0.14,1
,15028927,1,0.660224,0.68,0.22,0.25,1.043,219,-0.43,-0.49,1
,15032503,5,0.488193,0.37,0.11,0.12,0.666,227,1.0,0.88,1
,15036339,5,0.384429,0.35,0.11,0.15,1.122,116,0.41,-0.96,1
,15036436,5,0.249279,0.47,0.15,0.19,1.153,163,0.56,-0.59,1
,15036797,5,0.320241,0.56,0.2,0.19,0.65,222,1.92,8.21,1
,15037806,5,0.273342,0.68,0.23,0.27,0.598,217,0.65,0.22,1
,15047851,5,0.275258,0.65,0.22,0.28,1.764,185,0.73,-0.83,1
,15050624,5,0.360989,0.39,0.13,0.17,1.901,185,0.45,-1.03,1
,15052183,1,0.529529,0.61,0.22,0.31,1.937,54,-0.15,-1.44,1
,15052210,5,0.323938,0.67,0.23,0.22,0.72,205,1.48,2.76,1
,15059003,1,0.641124,0.33,0.11,0.15,1.127,209,-0.23,-1.11,1
,15059463,5,0.255418,0.48,0.16,0.17,0.607,219,0.22,-0.42,1
,15060955,1,0.506181,0.94,0.3,0.37,2.608,211,-0.82,-0.6,1
,15066171,6,0.063627,0.44,0.14,0.18,2.027,211,-0.87,-0.35,1
,15067370,5,0.26681,0.33,0.11,0.14,0.915,227,0.4,-0.61,1
,15067661,5,0.324799,0.53,0.19,0.25,2.488,255,0.14,-1.44,1
,15072375,5,0.251948,0.48,0.16,0.2,0.834,170,0.46,-0.8,1
,15074884,1,0.637848,0.76,0.23,0.26,1.609,263,-0.49,-0.62,1
,15075296,1,0.524657,0.98,0.28,0.28,1.583,266,-0.53,0.05,1
,15083119,1,0.64402,0.79,0.25,0.26,1.353,211,-0.71,-0.62,1
,15083281,1,0.506016,1.13,0.38,0.44,1.545,225,-0.04,-0.34,1
,15083431,1,0.543062,0.63,0.19,0.19,0.796,218,-0.05,-0.07,1
,15092361,2,0.306989,0.55,0.19,0.22,0.884,173,0.28,-0.79,1
,15092813,1,0.477739,0.88,0.3,0.37,2.323,192,-0.72,-0.73,1
,15096631,5,0.461564,0.3,0.1,0.14,1.762,178,0.71,-0.51,1
,15099522,5,0.291799,0.31,0.11,0.14,1.967,185,0.28,-1.06,1
,15099715,1,0.528176,0.87,0.3,0.36,1.29,203,-0.14,-1.09,1
,15107119,1,0.618478,0.46,0.15,0.18,0.996,224,-0.18,-1.1,1
,15108267,1,0.649931,0.33,0.1,0.12,0.777,199,0.5,-0.11,1
,15116660,1,0.581685,0.81,0.27,0.34,1.578,204,-0.51,-0.86,1
,15123610,2,0.423302,0.41,0.14,0.18,0.815,231,0.16,-0.85,2
,15128238,4,0.784321,0.51,0.17,0.13,0.932,205,1.68,2.3,1
,15130344,5,0.531341,0.72,0.24,0.27,1.628,213,1.3,0.73,1
,15134836,1,0.570065,0.8,0.26,0.29,1.205,197,-0.59,0.31,1
,15138303,1,0.46261,1.03,0.34,0.38,1.815,42,-0.49,-0.76,1
,15143619,5,0.29343,0.5,0.17,0.2,1.287,205,0.75,-0.71,1
,15144812,5,0.246248,0.49,0.15,0.16,0.576,218,0.86,0.55,1
,15145466,1,0.514005,0.96,0.29,0.29,1.971,200,-0.77,-0.05,1
,15146480,2,0.429419,0.44,0.15,0.19,0.726,206,-0.01,-0.73,1
,15155179,1,0.622119,0.75,0.24,0.26,0.668,193,0.0,0.25,1
,15155402,5,0.227489,0.68,0.23,0.27,1.097,194,0.92,0.11,1
,15168002,1,0.694672,0.77,0.25,0.3,0.861,116,-0.27,-0.54,2
,15173488,1,0.465129,0.95,0.31,0.35,1.512,160,-0.9,-0.3,1
,15173491,5,0.289255,0.52,0.17,0.21,1.077,177,0.53,-0.62,1
,15174124,1,0.506931,0.87,0.31,0.41,1.323,180,-0.38,-1.1,1
,15175975,5,1.335044,0.26,0.14,0.09,0.639,173,3.9,18.91,2
,15177745,5,0.354146,0.44,0.31,0.2,1.08,202,5.47,37.91,2
,15178278,0,-9.9,1.23,0.45,0.16,1.237,50,3.24,9.96,1
,15179023,2,0.375713,0.36,0.13,0.17,1.835,177,0.09,-1.46,1
,15180151,5,0.290736,0.5,0.18,0.24,1.301,190,0.44,-0.91,1
,15180606,1,0.781433,0.37,0.12,0.14,0.569,217,0.35,0.23,1
,15185942,5,0.267272,0.43,0.14,0.15,0.697,187,0.91,0.25,1
,15187999,1,0.501965,0.53,0.19,0.26,1.962,152,-0.57,-1.17,2
,15191195,1,0.546693,0.82,0.22,0.18,1.933,170,-1.5,1.62,1
,15193009,5,0.340963,0.32,0.11,0.13,1.052,202,0.3,-0.96,1
,15193286,1,0.74001,0.44,0.14,0.17,0.561,197,-0.01,-1.07,1
,15200453,1,0.600874,0.78,0.25,0.31,1.963,191,-0.38,-1.01,1
,15203513,1,0.588139,0.66,0.2,0.24,1.973,181,-0.22,-0.81,1
,15208838,5,0.220721,0.59,0.2,0.23,2.35,179,0.95,-0.36,1
,15209848,5,0.337792,0.37,0.12,0.14,0.683,188,0.66,-0.59,1
,15210162,1,0.459953,1.02,0.31,0.34,2.51,196,-0.72,-0.44,1
,15211321,5,0.292774,0.68,0.22,0.22,1.101,108,-0.16,0.33,3
,15213323,5,0.287965,0.36,0.12,0.13,0.513,188,-0.12,-0.3,2
,15213991,5,0.274036,0.32,0.11,0.11,0.86,62,1.39,2.72,2
,15214079,5,0.415229,0.38,0.13,0.13,0.829,195,1.77,4.0,3
,15215311,1,0.514988,0.91,0.29,0.35,2.732,179,-0.24,-0.88,1
,15220439,5,0.331922,0.68,0.22,0.19,1.171,195,1.29,0.75,1
,15224721,4,2.815802,0.83,0.26,0.08,1.599,190,3.15,9.43,1
,15225757,5,0.332512,0.45,0.2,0.18,1.513,186,3.87,32.63,1
,15227408,1,0.502698,0.68,0.21,0.23,1.891,202,-0.85,-0.08,1
,15229778,1,0.730081,0.36,0.13,0.16,0.905,33,-0.3,-1.33,3
,15230073,5,0.329997,0.53,0.18,0.21,1.747,97,1.02,-0.27,1
,15234545,1,0.489615,0.73,0.23,0.28,2.378,191,-0.47,-0.66,1
,15240181,1,0.711515,0.63,0.18,0.18,2.174,183,-0.91,0.2,1
,15242093,5,0.254181,0.53,0.19,0.25,1.683,172,0.63,-1.0,1
,15243580,4,1.098407,1.03,0.37,0.19,2.386,215,3.26,11.62,2
,15243838,1,0.519686,0.83,0.27,0.35,1.895,182,-0.88,-0.56,1
,15245551,2,0.321628,0.34,0.13,0.18,1.857,180,-0.02,-1.54,1
,15246422,2,0.2853,0.35,0.12,0.15,1.492,177,-0.23,-1.2,1
,15254183,5,0.443558,0.29,0.26,0.09,1.021,186,5.65,35.75,1
,15254290,5,0.366855,0.2,0.24,0.08,0.946,200,5.7,33.45,1
,15258728,5,0.312862,0.35,0.33,0.15,2.407,193,6.22,42.65,1
,15261440,1,0.572692,0.73,0.25,0.33,1.296,191,-0.28,-1.15,1
,15269598,2,0.444205,0.48,0.15,0.16,0.827,185,-0.19,-0.53,1
,15271443,2,0.31983,0.48,0.16,0.21,0.858,205,0.05,-0.58,1
,15273636,0,925.529114,0.41,0.13,0.14,0.611,217,0.48,0.29,3
,15281799,5,0.425008,0.62,0.18,0.15,1.337,205,1.88,3.66,1
,15282342,1,0.548566,0.68,0.19,0.15,2.206,156,-1.52,2.15,1
,15284007,5,0.320805,0.38,0.13,0.18,1.48,194,0.39,-1.15,1
,15284973,1,0.741978,0.68,0.24,0.25,1.282,192,1.03,4.46,1
,15286656,1,0.603331,0.47,0.16,0.2,1.686,143,-0.44,-1.04,1
,15287382,2,0.316252,0.39,0.13,0.19,1.266,165,0.0,-1.29,1
,15289666,6,0.086539,0.39,0.11,0.1,0.69,205,-0.71,1.59,1
,15297171,5,0.325778,0.42,0.14,0.17,1.772,179,0.84,-0.5,1
,15317421,1,0.574429,0.84,0.26,0.28,2.575,195,-1.02,-0.04,1
,15322165,1,0.604258,0.8,0.25,0.29,1.416,202,-0.51,-0.66,1
,15327415,4,1.261602,0.34,0.13,0.05,1.552,201,3.65,14.11,1
,15329154,5,0.260493,1.13,0.32,0.26,2.21,205,1.59,2.1,1
,15330522,1,0.463251,0.41,0.14,0.19,1.857,222,-0.16,-1.42,2
,15335235,2,0.365566,0.37,0.14,0.2,2.082,186,0.02,-1.62,1
,15341977,5,0.28351,0.34,0.11,0.13,0.899,226,0.55,-0.82,1
,15343268,4,1.165545,0.33,0.11,0.08,0.654,199,2.91,11.98,2
,15345149,5,0.243719,0.61,0.21,0.26,0.718,181,0.5,-0.84,1
,15349634,2,0.313051,0.29,0.1,0.14,1.31,204,-0.11,-1.41,1
,15350676,4,0.920917,0.62,0.19,0.14,0.565,222,1.97,3.35,2
,15351491,5,0.251282,1.44,0.43,0.29,1.841,177,-0.08,1.07,1
,15352412,1,0.514822,0.87,0.28,0.36,2.688,154,-0.61,-0.86,1
,15353644,2,0.377284,0.48,0.17,0.22,0.964,200,-0.07,-0.85,1
,15361789,5,0.275186,0.62,0.22,0.28,2.482,190,0.38,-1.17,1
,15370517,1,0.621978,0.54,0.17,0.2,1.117,195,-0.06,-0.96,1
,15376648,4,3.36223,0.57,0.17,0.08,0.51,200,2.42,5.48,1
,15383124,6,0.06376,0.42,0.13,0.15,0.63,290,-0.35,-0.26,1
,15384710,1,0.73087,0.59,0.19,0.22,1.519,203,-0.45,-0.9,1
,15393467,1,0.787036,0.48,0.16,0.2,1.389,202,-0.04,-1.17,1
,15404404,1,0.635105,0.82,0.25,0.29,2.694,206,-0.37,-0.84,1
,15409954,5,0.283608,0.45,0.14,0.16,0.909,165,0.83,0.09,1
,15410217,2,0.329564,0.42,0.13,0.17,1.181,185,0.23,-1.14,1
,15413302,1,0.68786,0.53,0.16,0.15,1.412,186,-0.69,-0.41,1
,15414779,5,0.290272,0.53,0.17,0.22,1.049,185,0.35,-0.95,1
,15415747,5,0.373923,0.3,0.1,0.12,0.863,189,0.15,-0.77,1
,15415981,1,0.500093,0.88,0.31,0.4,2.278,192,-0.57,-0.71,1
,15416881,1,0.620109,0.49,0.15,0.19,2.024,185,-0.12,-0.95,1
,15420439,1,0.618299,0.63,0.21,0.26,1.0,137,-0.23,-0.98,1
,15426512,1,0.745003,0.5,0.16,0.2,1.547,232,-0.37,-1.06,1
,15435803,5,0.298912,0.69,0.23,0.28,1.527,170,0.81,-0.57,1
,15442209,5,0.380541,0.35,0.13,0.16,1.922,143,0.84,0.15,1
,15449045,1,0.860666,0.35,0.13,0.15,1.398,173,1.11,2.52,2
,15450888,2,0.41395,0.4,0.13,0.15,0.953,213,0.09,0.21,1
,15456038,2,0.315879,0.43,0.14,0.19,1.663,64,0.67,-0.96,2
,15456241,2,0.359045,0.5,0.16,0.2,1.338,216,-0.17,-0.94,1
,15456845,5,0.498929,1.26,0.4,0.17,0.817,196,2.8,8.24,2
,15458342,0,-9.9,0.62,0.21,0.21,0.973,140,-0.1,1.69,1
,15465086,0,-9.9,0.4,0.13,0.15,1.064,230,0.07,-0.95,1
,15469151,5,0.304496,0.61,0.22,0.26,1.236,229,0.77,-0.3,1
,15474118,4,0.799326,0.39,0.12,0.13,1.894,218,1.82,2.87,1
,15476260,5,0.388028,0.54,0.17,0.12,0.638,232,1.89,4.03,1
,15478003,5,0.250997,0.65,0.22,0.28,1.248,218,0.65,-0.95,1
,15480369,5,0.211438,0.8,0.24,0.23,0.561,184,0.9,0.11,1
,15493890,1,0.549823,0.78,0.22,0.19,1.587,200,-1.0,0.29,1
,15494401,1,0.674351,0.62,0.19,0.21,0.568,182,-0.15,-0.23,1
,15495473,6,0.052182,0.32,0.11,0.13,0.756,198,0.3,1.57,1
,15498962,2,0.318713,0.35,0.12,0.15,2.094,163,0.1,-1.26,1
,15501480,2,0.269876,0.39,0.12,0.17,0.72,218,-0.01,-0.83,1
,15504072,1,0.496284,0.89,0.28,0.33,1.293,221,-0.65,-0.53,1
,15504635,5,0.370835,0.37,0.12,0.16,2.109,207,0.24,-1.01,1
,15517795,5,0.311126,0.42,0.14,0.18,1.575,215,0.5,-0.94,1
,15521107,2,0.28271,0.45,0.15,0.22,1.19,163,0.11,-1.33,2
,15522736,5,0.292681,0.47,0.16,0.22,2.083,195,0.32,-1.26,1
,15527272,5,0.253321,0.48,0.16,0.21,1.62,207,0.47,-0.93,1
,15528668,4,0.792247,0.58,0.19,0.13,0.492,227,1.77,4.29,2
,15531542,5,0.322224,0.7,0.24,0.28,1.805,208,0.74,-0.78,1
,15532902,5,0.342915,0.44,0.15,0.19,1.145,219,0.93,0.09,1
,15541886,5,0.370725,0.37,0.12,0.16,1.589,235,0.55,-0.86,1
,15542552,2,0.318638,0.5,0.18,0.25,1.265,222,0.24,-1.3,1
,15543341,5,0.325765,0.53,0.17,0.19,1.239,222,1.0,0.01,1
,15543826,5,0.478726,0.46,0.14,0.14,0.509,210,0.81,0.89,1
,15543959,5,0.400271,0.61,0.21,0.24,1.243,217,0.76,-0.31,1
,15544406,1,0.645277,0.94,0.29,0.32,1.93,218,-0.78,-0.02,1
,15544622,4,0.351545,0.4,0.13,0.13,0.572,212,1.42,2.05,2
,15546461,2,0.28582,0.4,0.13,0.18,1.024,187,-0.21,-1.05,1
,15550225,1,0.612874,0.69,0.23,0.27,1.412,167,-0.7,-0.12,1
,15551122,1,0.600941,0.6,0.19,0.19,0.962,182,-0.61,0.35,1
,15555412,1,0.572496,0.6,0.18,0.19,1.874,140,-0.49,-0.58,1
,15556404,1,0.49236,0.86,0.26,0.28,1.105,198,-0.65,-0.23,1
,15568766,5,0.241935,0.37,0.12,0.13,0.724,166,0.44,-0.45,1
,15571325,1,0.490289,0.85,0.27,0.32,2.549,156,-0.13,-1.0,1
,15574610,5,0.336432,0.43,0.14,0.17,1.469,220,0.7,-0.83,1
,15574739,1,0.491493,0.72,0.22,0.2,3.116,202,-0.48,0.55,1
,15574933,5,0.319076,0.33,0.11,0.14,1.747,217,0.47,-0.99,1
,15575408,5,0.370505,0.51,0.17,0.23,2.195,204,0.36,-1.18,1
,15577933,1,0.501279,0.88,0.29,0.31,2.298,216,-0.91,-0.17,1
,15578671,5,0.307112,0.73,0.25,0.23,0.585,191,1.12,0.82,1
,15590270,5,0.486928,0.69,0.22,0.18,0.56,193,1.72,2.92,1
,15598180,5,0.33778,0.68,0.23,0.27,1.611,203,0.9,-0.27,1
,15602764,2,0.368968,0.42,0.14,0.18,1.297,213,0.07,-1.4,1
,15604693,5,0.273983,0.49,0.16,0.2,0.822,187,0.5,-0.96,1
,15606077,1,0.464367,1.0,0.32,0.38,3.017,160,-0.56,-0.82,1
,15607217,5,0.285214,0.67,0.21,0.2,0.592,174,1.38,1.51,1
,15613098,2,0.281368,0.38,0.14,0.19,2.45,204,0.13,-1.22,1
,15615518,5,0.257654,0.61,0.21,0.25,0.931,175,0.55,-1.02,1
,15617295,1,0.556593,0.59,0.19,0.19,1.613,45,-0.71,-0.38,1
,15621227,2,0.288051,0.37,0.12,0.15,1.363,100,0.08,-1.13,2
,15627567,5,0.279253,0.42,0.13,0.15,0.687,168,0.97,0.29,1
,15627669,2,0.356314,0.54,0.19,0.2,0.638,185,-0.28,1.41,1
,15628347,2,0.293818,0.41,0.14,0.18,2.324,184,-0.06,-0.99,1
,15629125,1,0.550619,0.79,0.32,0.27,2.026,166,1.86,12.47,1
,15629693,1,0.654582,0.63,0.23,0.3,1.791,135,-0.08,-1.42,1
,15629815,5,0.274272,0.57,0.19,0.24,1.378,202,0.73,-0.55,1
,15635107,5,0.250677,0.37,0.12,0.14,0.538,174,0.69,0.01,1
,15636775,2,0.323485,0.44,0.16,0.23,1.603,96,0.07,-1.59,1
,15637436,1,0.579248,0.95,0.3,0.31,1.336,175,-0.61,-0.5,1
,15637776,5,0.260422,0.63,0.21,0.22,1.59,53,0.74,-0.54,2
,15644204,0,-9.9,0.3,0.1,0.13,1.456,172,-0.09,-1.27,1
,15645860,2,0.423786,0.37,0.13,0.18,1.332,209,0.58,-0.89,1
,15647000,5,0.424988,0.49,0.16,0.16,1.0,178,0.84,-0.15,1
,15657139,0,1.858423,1.3,0.44,0.28,0.966,188,2.2,4.6,1
,15661449,2,0.364649,0.4,0.14,0.18,1.655,156,-0.11,-1.27,1
,15662388,2,0.347764,0.36,0.12,0.16,1.447,187,0.51,-1.17,1
,15663247,1,0.580502,0.82,0.27,0.37,1.228,192,-0.49,-1.02,1
,15666332,1,0.552667,0.82,0.28,0.35,1.511,193,-0.8,-0.47,1
,15669988,5,0.282879,0.38,0.12,0.15,1.055,191,0.47,-0.55,1
,15673289,0,-9.9,0.62,0.19,0.11,2.256,47,-2.01,3.86,1
,15690965,1,0.61149,0.93,0.28,0.33,1.897,180,-0.57,-0.57,1
,15695409,5,0.267189,0.53,0.18,0.22,1.142,232,0.61,-0.3,1
,15696996,2,0.304031,0.45,0.16,0.22,2.035,201,0.15,-1.22,1
,15697486,1,0.567754,0.52,0.18,0.24,1.994,183,-0.62,-0.87,1
,15700663,1,0.61058,0.82,0.27,0.34,1.396,208,-0.42,-0.89,1
,15705057,1,0.652969,0.69,0.21,0.25,2.943,179,-0.6,-0.34,1
,15708768,2,0.358311,0.48,0.16,0.19,1.019,160,-0.53,-0.56,1
,15712449,1,0.597952,0.82,0.24,0.24,0.976,208,-0.54,-0.25,1
,15715021,1,0.53867,0.66,0.23,0.28,2.239,198,-0.54,-0.86,1
,15718781,1,0.497806,0.33,0.11,0.13,2.075,158,-0.79,0.1,1
,15718938,5,0.243251,0.39,0.13,0.17,2.16,203,0.53,-0.94,1
,15721740,1,0.661784,0.67,0.26,0.25,2.15,205,1.11,6.29,1
,15723103,5,0.37612,0.47,0.16,0.22,1.334,221,0.53,-1.06,1
,15724061,1,0.653148,0.65,0.21,0.26,0.795,204,-0.09,-0.9,1
,15724616,1,0.741646,0.47,0.15,0.2,1.733,209,-0.22,-1.14,1
,15725237,1,0.615024,0.65,0.2,0.2,1.694,209,-0.98,0.44,2
,15728324,1,0.471972,1.02,0.32,0.33,2.221,233,-1.0,-0.09,1
,15739880,5,0.269031,0.34,0.12,0.12,0.795,231,1.44,2.9,1
,15744353,5,0.300696,0.41,0.13,0.14,1.629,237,0.65,-0.59,1
,15748224,5,0.318659,0.34,0.12,0.14,1.547,230,0.47,-1.0,1
,15748251,5,0.270247,0.53,0.18,0.22,0.571,230,0.35,-0.78,1
,15751544,1,0.52674,0.84,0.28,0.36,1.643,236,-0.18,-1.17,1
,15756106,4,0.380988,0.64,0.19,0.13,0.812,167,2.2,5.57,2
,15756566,1,0.549951,0.59,0.19,0.22,1.974,179,-1.05,0.39,1
,15758470,5,0.235117,0.52,0.17,0.19,1.815,152,0.9,-0.25,1
,15759875,5,0.33932,0.28,0.1,0.12,1.901,183,1.02,1.2,1
,15760398,1,0.561763,0.75,0.24,0.32,2.445,181,-0.34,-1.2,1
,15769416,5,0.874876,0.29,0.1,0.13,1.483,198,0.04,-1.2,2
,15777228,4,0.849475,0.36,0.11,0.05,1.34,177,2.65,6.43,1
,15779995,5,0.269266,0.34,0.11,0.12,0.579,202,0.21,0.0,1
,15780274,1,0.647131,0.88,0.27,0.29,1.308,208,-0.68,-0.45,2
,15780904,4,0.950643,0.4,0.13,0.06,1.254,166,2.82,7.81,1
,15782719,1,0.803674,0.44,0.14,0.18,0.887,158,-0.05,-0.97,2
,15784483,2,0.310065,0.45,0.15,0.19,0.641,155,0.22,-0.69,1
,15785272,5,0.239927,0.4,0.13,0.19,1.302,195,0.51,-1.0,1
,15797916,1,0.54194,0.95,0.3,0.36,2.571,205,-0.6,-0.75,1
,15798814,1,0.564476,0.83,0.26,0.29,2.019,227,-0.78,-0.57,1
,15798956,5,0.295225,0.33,0.11,0.14,1.959,306,0.51,-0.85,1
,15799706,1,0.561149,0.75,0.24,0.28,1.415,338,-0.41,-0.87,1
,15800147,4,1.415674,1.48,0.41,0.16,0.896,289,2.49,5.89,2
,15800304,5,0.228412,0.71,0.23,0.28,0.768,193,0.93,-0.12,1
,15802998,1,0.681297,0.68,0.23,0.3,2.136,337,-0.59,-0.73,1
,15805992,1,0.602051,0.84,0.29,0.39,2.078,189,-0.26,-1.24,1
,15810080,1,0.556477,0.64,0.2,0.22,2.694,302,-0.7,-0.44,1
,15811479,0,-9.9,0.35,0.11,0.13,0.886,174,-0.05,-0.2,1
,15813751,5,0.232539,0.66,0.21,0.23,1.639,175,0.18,0.23,1
,15819805,5,0.235502,0.51,0.16,0.21,0.972,239,0.71,-0.67,1
,15820290,2,0.322173,0.45,0.15,0.17,0.551,237,0.44,0.09,1
,15825812,6,0.047329,0.38,0.12,0.15,0.727,235,-0.31,-0.94,1
,15829874,4,0.752957,0.46,0.13,0.07,0.649,213,2.82,8.7,2
,15836441,2,0.270196,0.48,0.15,0.15,0.768,209,0.13,1.52,1
,15839358,2,0.345641,0.39,0.14,0.19,1.099,219,0.15,-1.04,1
,15842236,1,0.488724,0.97,0.3,0.33,1.438,192,-0.78,-0.17,1
,15843279,5,0.380429,0.37,0.12,0.15,1.275,138,0.8,-0.59,2
,15847031,4,0.696237,0.38,0.14,0.06,0.69,205,3.39,12.59,2
,15851627,2,0.344473,0.39,0.14,0.2,1.295,212,0.09,-1.41,1
,15859289,2,0.31395,0.3,0.11,0.14,1.936,201,0.16,-1.46,1
,15862122,2,0.263968,0.39,0.13,0.18,1.951,188,0.63,-0.95,1
,15866286,1,0.611352,0.5,0.16,0.22,1.193,224,-0.29,-1.02,1
,15871857,1,0.465934,1.02,0.33,0.38,1.34,202,-0.34,-0.5,1
,15872846,5,0.254968,0.82,0.27,0.33,2.413,233,0.87,-0.49,1
,15884587,2,0.352479,0.42,0.14,0.19,1.053,260,-0.27,-1.27,1
,15885653,5,0.37666,0.63,0.2,0.23,0.631,213,0.81,-0.05,1
,15886124,5,0.37176,0.38,0.12,0.14,1.972,179,0.75,-0.69,1
,15888421,5,0.238062,0.58,0.19,0.22,1.298,201,0.92,-0.31,1
,15891670,5,0.259987,0.43,0.14,0.19,0.622,232,0.46,-0.81,1
,15895964,5,0.361389,0.34,0.11,0.1,0.742,162,1.05,0.49,2
,15896865,1,0.713154,0.81,0.27,0.27,1.535,238,-0.11,-0.33,1
,15897021,1,0.628156,0.55,0.16,0.14,1.078,53,-0.61,-0.07,1
,15903339,5,0.294374,0.36,0.12,0.14,0.849,239,0.5,-0.48,1
,15909207,2,0.348208,0.42,0.14,0.17,0.669,237,0.06,-0.85,1
,15909849,2,0.362175,0.4,0.14,0.18,0.735,215,0.05,-1.09,1
,15914540,5,0.293373,0.39,0.13,0.16,1.343,212,0.44,-0.87,1
,15916971,1,0.559824,0.79,0.25,0.28,0.925,236,0.02,-0.63,1
,15917033,6,0.05492,0.5,0.16,0.19,1.114,230,-0.46,-0.63,1
,15918313,1,0.706031,0.64,0.23,0.26,1.169,244,-0.02,2.2,1
,15918509,2,0.279122,0.43,0.14,0.18,1.415,200,0.33,-1.06,1
,15919926,0,-9.9,0.38,0.14,0.17,0.959,53,0.51,-1.03,1
,15920320,0,-9.9,0.69,0.21,0.25,0.718,76,0.18,-0.67,1
,15920952,6,0.044295,0.39,0.13,0.16,2.0,215,-0.56,-0.96,1
,15929273,1,0.605611,0.41,0.17,0.17,2.185,183,2.04,13.24,1
,15932891,1,0.670422,0.65,0.2,0.25,1.783,204,-0.69,-0.55,1
,15935399,1,0.571809,0.59,0.17,0.06,2.019,35,-1.44,1.42,2
,15938573,1,0.622321,0.68,0.22,0.25,0.848,220,-0.44,-0.34,1
,15940388,4,0.464691,0.34,0.11,0.12,2.078,182,1.2,0.57,2
,15945950,2,0.328403,0.36,0.13,0.17,1.365,170,0.24,-1.22,1
,15946049,1,0.50445,0.98,0.31,0.36,1.966,195,-0.83,-0.45,1
,15951293,1,0.541638,0.7,0.22,0.22,2.022,193,-1.1,0.42,1
,15951803,5,0.275497,0.51,0.23,0.19,1.324,203,2.79,11.17,1
,15958022,1,0.573527,0.58,0.19,0.21,1.106,160,-0.03,-0.73,1
,15965864,5,0.339935,0.31,0.1,0.13,1.265,205,0.27,-1.05,1
,15971458,1,0.680336,0.78,0.24,0.32,2.319,172,-0.04,-0.99,1
,15972034,5,0.267488,0.45,0.14,0.17,1.876,212,0.82,-0.37,1
,15981456,1,0.523398,0.89,0.31,0.37,1.308,205,-0.32,-1.15,1
,15983976,1,0.58554,0.65,0.22,0.24,0.79,178,0.37,1.13,1
,15984597,2,0.341463,0.38,0.14,0.21,2.379,203,-0.3,-1.55,1
,15986215,5,0.412112,0.46,0.14,0.17,1.235,213,1.11,0.12,1
,15987611,5,0.340203,0.58,0.19,0.19,1.372,180,1.0,-0.19,1
,15987972,1,0.770689,0.42,0.12,0.15,2.063,217,-0.12,-0.36,1
,15990758,5,0.292236,0.5,0.17,0.23,0.918,210,0.57,-0.91,1
,15991434,4,2.39149,0.63,0.19,0.08,1.584,206,2.39,4.55,2
,15991455,2,0.440128,0.33,0.12,0.15,1.757,161,-0.5,-0.79,1
,15997760,5,0.304151,0.33,0.1,0.13,1.512,191,0.58,-0.67,1
,16003034,1,0.600809,0.69,0.25,0.29,2.325,181,-0.67,-0.66,1
,16007517,1,0.615569,0.6,0.19,0.22,1.049,183,-0.73,-0.39,2
,16012689,1,0.663579,0.73,0.23,0.27,2.478,128,-0.91,-0.32,1
,16015500,5,0.331981,0.37,0.12,0.15,0.528,189,0.4,-0.73,2
,16021203,2,0.357157,0.44,0.15,0.19,0.868,188,-0.17,-0.97,2
,16026071,5,0.269842,0.57,0.19,0.24,0.609,201,0.73,-0.32,2
,16027213,5,0.2996,0.36,0.19,0.15,0.638,233,3.72,18.83,1
,16030380,1,0.53641,0.76,0.33,0.25,1.572,205,2.99,21.93,1
,16030611,0,-9.9,0.6,0.19,0.23,2.203,186,0.12,-0.81,1
,16031184,0,-9.9,0.81,0.26,0.2,2.305,33,1.01,0.5,1
,16037442,5,0.363018,0.54,0.19,0.25,2.415,192,0.61,-1.14,1
,16038986,0,-9.9,0.41,0.12,0.12,1.839,159,0.11,0.56,1
,16039295,2,0.327034,0.36,0.13,0.19,1.509,173,0.13,-1.54,1
,16042037,1,0.479882,1.18,0.36,0.34,1.976,169,-1.06,0.97,1
,16044310,4,0.615863,0.55,0.15,0.08,1.344,181,2.08,3.66,2
,16046825,5,0.535192,0.45,0.13,0.09,1.549,169,1.91,2.88,1
,16051165,1,0.57132,0.66,0.22,0.21,2.1,180,-1.07,0.55,1
,16052046,1,0.611486,0.46,0.15,0.18,0.708,53,-0.46,-0.88,3
,16059382,1,0.582982,0.61,0.2,0.25,2.49,197,-0.27,-1.16,1
,16060371,2,0.333731,0.38,0.16,0.19,1.676,181,1.51,8.16,1
,16061307,5,0.274032,0.63,0.2,0.22,0.621,180,0.65,-0.38,1
,16062546,4,1.519733,0.89,0.25,0.08,1.774,179,2.53,5.02,2
,16062938,5,0.263964,0.46,0.15,0.18,1.965,216,0.81,-0.4,1
,16063395,2,0.376255,0.37,0.13,0.17,1.12,207,0.25,-0.94,2
,16063761,5,0.353008,0.39,0.13,0.18,1.257,208,0.55,-1.08,1
,16064683,2,0.380415,0.45,0.17,0.24,1.804,223,0.02,-1.64,1
,16064998,1,0.658648,0.73,0.23,0.28,1.388,189,-0.16,-0.83,1
,16068362,5,0.277551,0.47,0.16,0.17,0.59,201,0.99,2.13,1
,16068884,2,0.32376,0.39,0.16,0.19,1.328,199,1.15,1.73,1
,16072819,1,0.506128,0.75,0.22,0.23,2.151,176,-0.64,-0.18,1
,16075048,2,0.355711,0.42,0.33,0.17,0.87,212,6.2,44.83,1
,16080227,1,0.584165,0.72,0.24,0.25,0.85,137,0.75,2.04,1
,16080949,5,0.281843,0.38,0.13,0.17,0.816,168,0.41,-0.61,1
,16084775,1,0.672209,0.63,0.19,0.22,2.012,175,-0.56,-0.55,1
,16085719,5,0.211164,0.48,0.16,0.21,1.536,172,0.77,-0.64,1
,16091016,5,0.295598,0.54,0.18,0.25,1.38,212,0.39,-1.06,1
,16098888,1,0.476076,0.93,0.29,0.3,2.648,138,-0.97,-0.22,1
,16099645,1,0.594375,0.45,0.15,0.16,1.785,129,-0.58,-0.24,1
,16110553,1,0.466288,0.97,0.31,0.28,2.086,191,-1.04,-0.1,1
,16112580,1,0.603315,0.58,0.19,0.23,1.044,197,0.17,-0.92,1
,16114773,4,0.397322,0.42,0.13,0.08,1.098,198,2.31,4.99,3
,16115251,2,0.322617,0.4,0.12,0.13,0.976,208,0.15,-0.58,2
,16115770,5,0.474724,0.31,0.1,0.12,1.887,214,0.52,-0.8,1
,16121653,1,0.447194,0.96,0.33,0.43,2.384,200,-0.88,-0.61,1
,16125124,5,0.322478,0.33,0.11,0.13,0.522,215,0.54,-0.8,1
,16126821,5,0.278276,0.37,0.12,0.15,1.169,215,0.48,-0.77,1
,16127031,1,0.57381,0.75,0.24,0.28,1.174,204,0.17,-0.14,1
,16131073,1,0.563832,0.69,0.21,0.16,3.002,219,-1.56,2.13,1
,16132098,2,0.349211,0.34,0.12,0.15,1.433,210,-0.38,-1.01,1
,16139119,1,0.691611,0.71,0.22,0.27,1.466,223,-0.52,-0.81,1
,16148093,5,0.272731,0.31,0.11,0.13,1.799,209,0.5,-0.88,1
,16148758,1,0.45539,0.98,0.33,0.36,2.608,216,-0.87,-0.54,1
,16155947,1,0.549788,0.72,0.22,0.25,2.562,200,-0.56,-0.62,1
,16156855,5,0.239523,0.38,0.12,0.14,0.934,216,0.25,-0.55,1
,16157334,1,0.620337,0.83,0.28,0.38,2.288,209,-0.37,-1.16,1
,16159166,5,0.279646,0.55,0.19,0.22,0.977,214,0.65,-0.05,1
,16164165,2,0.400789,0.37,0.13,0.18,1.646,114,0.05,-1.37,1
,16164186,1,0.53343,0.8,0.26,0.3,2.593,186,-0.93,-0.37,1
,16173901,1,0.526997,0.67,0.21,0.25,2.888,176,-0.57,-0.69,1
,16178895,5,0.360412,0.59,0.21,0.26,1.254,223,0.89,0.46,1
,16181306,1,0.678879,0.69,0.22,0.27,2.316,192,-0.31,-0.99,1
,16182003,2,0.411701,0.43,0.14,0.17,1.467,199,-0.16,-0.32,1
,16184448,1,0.605663,0.84,0.28,0.35,2.424,161,-0.7,-0.86,1
,16184621,2,0.293819,0.36,0.13,0.18,2.228,91,-0.49,-1.19,1
,16186489,5,0.262401,0.36,0.12,0.15,2.095,201,0.35,-0.93,1
,16192070,5,0.284072,0.51,0.18,0.23,0.957,181,0.74,-0.63,1
,16192469,2,0.279675,0.36,0.13,0.15,1.579,55,-0.27,-0.97,1
,16195878,1,0.61765,0.75,0.24,0.27,1.637,215,-0.31,-0.76,1
,16196130,2,0.369346,0.38,0.13,0.17,1.252,185,-0.27,-1.16,1
,16199312,1,0.706901,0.54,0.22,0.23,1.126,229,2.85,24.5,1
,16200802,2,0.356381,0.41,0.13,0.16,1.327,187,0.06,-1.03,1
,16201311,5,0.289165,0.58,0.19,0.14,0.723,78,1.2,2.07,2
,16208287,2,0.29403,0.46,0.17,0.23,1.544,150,0.16,-1.14,2
,16213799,5,0.386589,0.55,0.19,0.23,0.876,203,0.79,0.61,1
,16214472,5,0.273186,0.51,0.18,0.24,2.094,57,0.67,-1.04,1
,16234593,1,0.462946,0.83,0.28,0.36,2.895,205,-0.44,-0.91,1
,16235713,5,0.320218,0.33,0.11,0.14,1.963,199,0.53,-0.97,1
,16235958,2,0.274748,0.4,0.12,0.13,0.672,212,-0.04,-0.54,1
,16238840,1,0.519071,0.78,0.25,0.31,2.953,206,-0.47,-0.71,1
,16250908,5,0.293852,0.44,0.13,0.13,0.683,114,0.28,0.09,2
,16251897,5,0.276777,0.57,0.19,0.21,0.61,205,0.88,0.81,1
,16258664,1,0.62619,0.37,0.12,0.15,1.286,213,-0.08,-0.96,1
,16259674,1,0.575144,0.67,0.21,0.27,1.678,179,-0.32,-0.98,1
,16268086,2,0.298779,0.33,0.11,0.14,1.138,230,0.08,-1.18,1
,16275275,5,0.284607,0.42,0.13,0.15,1.176,203,0.7,0.0,1
,16275899,4,1.732952,0.48,0.14,0.13,1.872,240,2.42,5.45,1
,16277405,5,0.251968,0.63,0.21,0.24,0.598,227,0.62,-0.49,1
,16277791,1,0.472245,0.88,0.27,0.23,1.517,218,-1.15,0.76,1
,16279008,1,0.68956,0.53,0.17,0.22,1.519,195,-0.14,-1.2,1
,16282822,1,0.616156,0.62,0.19,0.23,1.004,211,-0.64,-0.41,1
,16282896,1,0.575601,0.63,0.2,0.24,1.491,221,-0.32,-0.9,1
,16283036,5,0.267329,0.53,0.16,0.18,1.04,198,0.55,-0.47,1
,16285874,5,0.251461,0.52,0.17,0.19,0.514,201,0.58,-0.04,1
,16287123,1,0.574544,0.65,0.2,0.17,1.111,154,-0.57,0.87,2
,16288747,5,0.344352,0.34,0.11,0.14,0.851,232,0.52,-0.85,1
,16291191,0,0.194768,0.37,0.12,0.15,1.654,204,-0.36,-1.02,1
,16291550,4,1.110306,0.87,0.26,0.16,1.595,159,1.94,2.87,2
,16294827,1,0.554223,0.84,0.28,0.33,1.649,203,-0.66,-0.81,1
,16295811,1,0.508143,0.69,0.21,0.22,1.21,202,-0.64,-0.03,1
,16300115,6,0.065991,0.64,0.2,0.17,0.785,202,1.23,3.3,1
,16300450,2,0.335615,0.51,0.15,0.18,1.949,203,-0.79,-0.32,1
,16307310,2,0.326516,0.63,0.2,0.26,0.879,126,-0.12,-0.88,2
,16308462,1,0.577969,0.77,0.25,0.26,1.325,174,-0.57,-0.52,1
,16318334,1,0.667107,0.46,0.15,0.19,1.839,214,-0.29,-1.09,1
,16319448,1,0.461039,0.98,0.31,0.36,2.258,196,-0.85,-0.36,1
,16321818,5,0.332414,0.36,0.12,0.17,2.243,153,0.07,-1.33,2
,16322075,2,0.283569,0.45,0.16,0.22,1.261,194,-0.03,-1.32,1
,16322742,5,0.310813,0.6,0.2,0.25,1.382,210,0.75,-0.75,1
,16324288,1,0.816852,0.54,0.17,0.22,1.863,207,-0.25,-1.12,2
,16330139,1,0.473549,0.95,0.3,0.28,2.747,206,-1.12,0.09,1
,16330918,1,0.585545,0.9,0.28,0.3,1.383,220,-0.72,-0.51,1
,16332922,2,0.325903,0.43,0.14,0.19,1.477,223,-0.31,-1.2,1
,16338656,4,0.733623,0.34,0.11,0.09,0.873,142,1.39,1.74,1
,16340328,2,0.264583,0.31,0.11,0.14,1.69,31,-0.53,-1.04,2
,16344733,4,0.568332,0.49,0.14,0.13,0.853,227,1.66,2.12,1
,16352801,1,0.5161,0.84,0.28,0.25,1.106,208,0.56,2.56,3
,16358172,1,0.672114,0.62,0.2,0.23,0.481,179,-0.45,-0.4,1
,16359928,1,0.546405,0.73,0.25,0.31,1.613,214,-0.59,-1.04,1
,16360153,5,0.316176,0.47,0.15,0.16,0.897,175,0.6,-0.5,1
,16362900,5,0.443213,0.42,0.13,0.15,0.827,141,0.66,-0.58,2
,16365794,1,0.612707,0.42,0.13,0.16,2.209,156,-0.38,-0.96,0
,16367883,0,-9.9,0.28,0.14,0.06,0.79,172,4.18,22.06,1
,16369534,1,0.671434,0.64,0.23,0.25,0.521,189,0.82,1.48,1
,16372736,1,0.611557,0.7,0.22,0.23,0.625,194,-0.29,-0.36,2
,16372793,5,0.519878,0.45,0.13,0.12,1.753,184,1.26,0.96,1
,16375078,1,0.547379,0.83,0.26,0.3,0.935,179,-0.19,-0.49,1
,16379790,1,0.585754,1.05,0.33,0.35,2.355,200,-0.72,-0.43,1
,16384002,7,133.111404,0.81,0.26,0.31,2.974,111,0.07,-0.56,1
,16384629,1,0.609628,0.46,0.15,0.16,2.196,206,-0.47,-0.85,2
,16387328,1,0.547728,0.45,0.15,0.19,2.065,214,-0.12,-1.29,1
,16390749,5,0.286772,0.55,0.17,0.16,1.321,98,1.43,1.34,2
,16392893,5,0.251477,0.34,0.11,0.13,0.662,181,0.58,-0.41,1
,16395940,5,0.324358,0.33,0.11,0.15,1.778,180,0.26,-1.1,1
,16402447,1,0.621724,0.33,0.11,0.14,1.221,206,0.07,-1.12,1
,16411554,5,0.347661,0.44,0.13,0.13,0.607,208,0.96,0.46,1
,16411746,5,0.271778,0.54,0.16,0.19,0.944,162,0.34,-0.49,1
,16418981,1,0.579853,0.55,0.18,0.22,1.975,202,-0.15,-0.85,1
,16420394,0,-9.9,1.28,0.45,0.54,2.523,34,-0.02,-0.3,1
,16423306,0,-9.9,4.21,1.28,1.14,3.286,204,-0.13,0.38,1
,16423321,0,-9.9,1.34,0.55,0.5,3.095,115,1.52,4.58,1
,16423646,0,-9.9,1.43,0.57,0.5,3.399,118,1.71,5.61,1
,16425019,1,0.610908,0.95,0.3,0.34,2.375,173,-0.75,-0.62,1
,16426733,1,0.537913,0.86,0.27,0.29,2.122,160,-0.62,-0.71,1
,16429047,5,0.280796,0.39,0.18,0.14,0.754,174,5.46,50.02,1
,16429243,0,-9.9,1.71,0.53,0.53,3.46,178,0.32,0.41,1
,16429765,5,0.268048,0.32,0.1,0.12,0.748,183,0.24,-0.9,1
,16432065,0,-9.9,3.18,1.21,0.96,3.47,118,1.67,5.16,1
,16437402,0,-9.9,0.51,0.16,0.18,1.125,166,0.67,0.29,1
,16444519,4,2.373146,0.76,0.22,0.14,1.632,219,2.16,3.78,2
,16450538,1,0.553168,0.86,0.28,0.35,3.121,183,-0.81,-0.57,1
,16451582,5,0.279945,0.78,0.26,0.27,0.998,228,1.08,0.25,1
,16456815,2,0.366803,0.45,0.14,0.18,1.393,193,0.0,-1.12,1
,16461348,1,0.592298,0.68,0.23,0.27,2.101,119,-0.79,-0.12,2
,16464929,4,1.588822,0.33,0.13,0.08,0.66,225,3.42,14.71,2
,16465741,1,0.649756,0.47,0.15,0.18,1.348,153,0.13,-0.89,1
,16466750,1,0.579634,0.66,0.21,0.25,1.857,196,-0.38,-0.98,1
,16469586,2,0.254781,0.32,0.16,0.14,2.046,105,2.17,6.8,1
,16469904,1,0.632402,0.78,0.27,0.37,2.613,215,-0.31,-1.34,1
,16470504,1,0.649789,0.66,0.22,0.25,1.621,204,-0.27,-0.99,1
,16472684,5,0.303032,0.55,0.22,0.22,0.679,182,1.36,3.9,1
,16479020,5,0.336157,0.39,0.13,0.15,0.836,197,0.78,0.0,1
,16480090,2,0.27657,0.62,0.2,0.24,0.632,204,0.06,-1.02,1
,16483679,1,0.646457,0.81,0.24,0.29,2.349,262,-0.24,-0.84,1
,16486177,2,0.354418,0.41,0.14,0.17,0.875,211,0.08,-1.18,1
,16487905,1,0.614392,0.53,0.18,0.22,1.344,247,-0.13,-1.13,1
,16492583,4,1.179852,0.69,0.26,0.13,0.5,247,3.45,13.55,2
,16494763,1,0.441664,0.81,0.26,0.28,2.564,252,-1.0,-0.23,1
,16496571,1,0.60749,0.66,0.22,0.29,2.113,210,-0.67,-0.98,1
,16498188,2,0.464119,0.36,0.13,0.17,1.402,197,0.13,-1.45,1
,16501948,5,0.312329,0.26,0.11,0.09,0.791,205,4.14,38.43,1
,16506289,1,0.566911,0.96,0.32,0.36,1.145,224,0.03,-0.62,1
,16506652,1,0.511008,0.85,0.3,0.36,3.08,212,-0.01,0.9,1
,16514830,1,0.490567,0.97,0.31,0.3,2.802,200,-0.84,-0.4,1
,16517678,1,0.657296,0.4,0.12,0.14,1.729,158,-0.36,-0.86,1
,16522905,2,0.303041,0.43,0.15,0.21,1.677,189,-0.04,-1.43,1
,16524675,5,0.2521,0.41,0.14,0.17,1.986,169,0.41,-1.01,1
,16527786,1,0.53861,0.72,0.24,0.31,2.732,206,-0.74,-0.88,1
,16528073,1,0.527533,0.96,0.33,0.44,2.495,200,-0.64,-1.04,1
,16532099,1,0.688319,0.76,0.25,0.33,2.094,195,-0.53,-1.0,1
,16533089,5,0.645868,0.54,0.19,0.13,1.714,192,2.73,7.39,2
,16534206,5,0.331244,0.52,0.19,0.25,1.993,179,0.55,-1.21,1
,16538941,1,0.48763,0.86,0.27,0.3,2.446,219,-0.55,-0.58,1
,16539017,5,0.297288,0.49,0.16,0.19,2.285,222,0.92,-0.29,1
,16539841,1,0.39758,0.53,0.16,0.17,1.377,203,-0.75,-0.14,2
,16540332,1,0.536075,0.8,0.24,0.14,1.693,36,-1.45,1.18,2
,16541112,6,0.060025,0.57,0.18,0.23,0.994,193,-0.71,-0.6,1
,16547836,2,0.336177,0.42,0.15,0.21,1.08,221,0.09,-1.47,1
,16551207,5,0.58915,0.5,0.15,0.16,1.626,223,0.83,0.09,1
,16553724,4,1.45376,0.42,0.17,0.05,1.628,73,3.6,12.86,2
,16554726,2,0.310226,0.43,0.16,0.21,1.346,231,-0.22,-1.39,1
,16554976,1,0.475729,0.91,0.3,0.32,3.326,215,-1.0,0.01,1
,16554979,5,0.563202,0.39,0.13,0.16,1.728,215,0.73,-0.67,1
,16557222,5,0.234058,0.68,0.22,0.22,0.578,137,0.85,0.41,1
,16559606,2,0.327413,0.3,0.11,0.14,1.868,215,0.02,-1.38,2
,16559815,5,0.261942,0.32,0.1,0.12,0.491,212,0.44,-0.12,1
,16560563,1,0.508339,0.73,0.24,0.29,1.293,207,-0.88,0.15,1
,16562635,5,0.264128,0.61,0.2,0.26,1.364,226,0.72,-0.77,1
,16565258,1,0.572069,0.7,0.24,0.32,2.135,98,-0.06,-1.32,1
,16565566,5,0.287681,0.46,0.15,0.19,0.9,203,0.45,-0.89,1
,16566249,1,0.454509,1.17,0.37,0.36,1.66,170,-0.8,-0.45,1
,16573903,1,0.562192,0.67,0.21,0.23,0.91,204,-0.6,-0.25,1
,16574303,6,0.059126,0.33,0.11,0.15,1.456,213,-0.47,-0.97,1
,16582677,1,0.532422,0.71,0.22,0.25,1.206,216,-1.02,0.62,1
,16583659,2,0.33168,0.39,0.15,0.18,0.852,142,1.67,8.93,1
,16585940,5,0.294521,0.34,0.11,0.13,1.59,223,0.69,-0.6,1
,16586484,2,0.307791,0.38,0.13,0.18,1.302,179,0.17,-1.29,1
,16586778,6,0.070751,0.56,0.17,0.17,1.372,189,-0.66,0.97,1
,16598126,4,0.657838,0.49,0.14,0.08,0.936,211,2.12,3.8,1
,16598874,4,0.507745,0.48,0.16,0.11,1.034,125,1.78,3.16,2
,16600479,1,0.55562,0.79,0.29,0.3,1.579,182,1.08,9.02,1
,16615188,1,0.605431,0.53,0.24,0.23,2.265,210,2.57,14.7,1
,16621272,2,0.318028,0.43,0.15,0.2,2.445,195,-0.37,-1.33,1
,16626946,5,0.286394,0.4,0.13,0.13,0.5,201,0.89,3.33,2
,16627902,1,0.661662,0.7,0.21,0.27,1.536,205,-0.06,-1.0,1
,16637980,5,0.21385,0.72,0.25,0.31,1.407,198,0.57,-1.02,1
,16645098,5,0.260537,0.68,0.22,0.26,0.507,177,0.94,0.59,1
,16645807,1,0.536392,0.97,0.29,0.31,1.336,204,-0.38,-0.15,1
,16648210,4,0.971309,0.37,0.12,0.06,0.865,205,3.08,10.02,1
,16648733,2,0.315345,0.45,0.15,0.19,1.988,170,-0.36,-1.11,1
,16650827,5,0.332701,0.34,0.1,0.11,0.742,208,0.87,0.24,1
,16651490,1,0.642845,0.57,0.18,0.21,1.133,177,-0.24,-0.71,1
,16651591,1,0.475562,0.54,0.16,0.17,1.24,213,-0.38,-0.51,2
,16653662,5,0.326197,0.39,0.13,0.18,1.544,180,0.18,-1.28,1
,16657358,4,2.070668,0.98,0.29,0.09,1.196,173,2.94,7.63,1
,16659101,5,0.314841,0.47,0.15,0.19,1.92,189,0.55,-0.8,1
,16659561,2,0.420349,0.44,0.15,0.19,0.738,201,0.62,-0.14,1
,16660233,1,0.606334,0.93,0.31,0.37,1.688,178,-0.3,-1.21,1
,16660485,1,0.647971,0.84,0.27,0.34,1.219,214,-0.42,-0.91,1
,16669454,2,0.25944,0.49,0.16,0.2,0.655,211,0.34,-0.5,1
,16670038,1,0.532559,0.75,0.24,0.27,1.728,128,-0.43,-0.91,1
,16670893,1,0.486487,0.75,0.25,0.34,1.267,195,-0.38,-1.08,1
,16677440,5,0.290737,0.4,0.14,0.18,2.271,193,0.27,-1.01,2
,16680023,5,0.301306,0.48,0.16,0.22,1.946,210,0.34,-1.1,1
,16680195,2,0.333743,0.41,0.15,0.19,1.103,210,0.01,-1.29,1
,16684220,1,0.608391,0.49,0.16,0.19,1.45,210,-0.1,-1.12,1
,16692577,0,0.665336,0.36,0.11,0.11,0.595,215,0.38,0.31,1
,16694038,5,0.369458,0.33,0.11,0.14,1.967,183,0.88,-0.36,1
,16694484,5,0.249281,0.31,0.11,0.15,1.723,142,0.36,-1.24,2
,16699211,0,-9.9,0.39,0.12,0.14,0.535,150,-0.02,-0.38,1
,16703174,1,0.769924,0.51,0.16,0.19,0.813,219,0.04,-0.85,1
,16703794,1,0.643143,0.35,0.11,0.14,1.223,176,-0.13,-1.01,1
,16705018,1,0.607434,0.57,0.18,0.22,0.615,223,-0.26,-0.8,2
,16705362,1,0.617427,0.8,0.26,0.31,1.211,200,-0.14,-0.79,1
,16710177,2,0.276063,0.38,0.13,0.17,1.046,209,-0.55,-0.95,1
,16714704,1,0.59365,0.71,0.21,0.24,0.805,239,-0.07,-0.34,2
,16715726,1,0.643124,0.77,0.25,0.29,0.91,208,0.01,-0.57,1
,16728832,1,0.567434,0.59,0.2,0.19,1.087,198,-0.53,0.9,2
,16730714,5,0.267586,0.52,0.18,0.21,0.885,214,0.8,-0.1,1
,16732110,5,0.316452,0.4,0.13,0.16,1.493,222,0.8,-0.38,1
,16732333,0,-9.9,0.61,0.19,0.24,0.885,203,-0.15,-0.71,1
,16733767,6,0.059257,0.55,0.17,0.2,0.828,232,-0.41,-0.62,1
,16734502,2,0.376297,0.36,0.12,0.18,1.988,203,0.25,-1.37,1
,16734516,1,0.599418,0.78,0.26,0.35,2.234,202,-0.33,-1.11,1
,16737506,2,0.322786,0.42,0.14,0.18,0.887,191,-0.12,-0.86,2
,16740258,5,0.304105,0.44,0.16,0.17,0.913,173,0.14,0.52,1
,16742987,1,0.643465,0.62,0.19,0.23,1.596,177,-0.39,-0.84,1
,16744006,5,0.346649,0.66,0.22,0.29,0.733,208,0.53,-0.87,1
,16744355,1,0.644995,0.56,0.19,0.2,0.631,207,0.29,0.72,1
,16748057,5,0.264965,0.45,0.14,0.17,0.64,189,0.56,-0.52,1
,16750709,1,0.46293,0.93,0.29,0.32,2.727,112,-0.85,-0.41,1
,16757660,5,0.279519,0.75,0.24,0.3,0.698,184,0.57,-0.79,1
,16759604,1,0.528744,0.82,0.25,0.25,0.942,222,-0.8,0.33,1
,16761690,5,0.290688,0.38,0.13,0.16,1.416,210,0.35,-0.86,1
,16762218,1,0.612633,0.97,0.34,0.22,1.28,215,2.96,12.68,1
,16762789,2,0.281327,0.41,0.16,0.24,1.904,82,-0.05,-1.62,1
,16763492,1,0.614963,0.62,0.2,0.22,0.528,225,0.07,-0.74,2
,16764628,5,0.774582,0.38,0.11,0.09,2.029,204,1.57,2.01,1
,16767477,2,0.324444,0.34,0.12,0.16,2.075,190,-0.01,-1.21,1
,16768181,1,0.562751,0.69,0.22,0.25,1.716,231,-0.79,0.22,1
,16770851,1,0.583862,0.82,0.27,0.3,1.525,206,-0.38,-0.85,1
,16771007,5,0.311803,0.52,0.17,0.22,1.597,206,0.65,-0.81,1
,16772405,5,0.281108,0.31,0.1,0.13,1.489,214,0.25,-1.02,1
,16772955,0,-9.9,0.54,0.18,0.24,0.54,186,-0.17,-1.13,1
,16776795,1,0.5369,0.9,0.29,0.31,1.094,199,-0.29,-0.33,2
,16786560,5,0.256196,0.73,0.25,0.32,1.899,178,0.56,-0.99,1
,16789788,1,0.505339,0.84,0.28,0.33,1.794,196,-0.86,-0.61,2
,16791800,5,0.320746,0.77,0.22,0.23,0.863,225,1.01,0.66,1
,16792697,1,0.570357,0.67,0.22,0.26,2.237,162,-0.28,-1.12,1
,16796588,5,0.370994,0.48,0.18,0.18,0.749,217,1.87,6.74,1
,16803044,5,0.268747,0.49,0.18,0.2,0.896,222,1.29,4.43,1
,16805607,5,0.297961,0.49,0.17,0.16,1.655,32,1.0,-0.32,1
,16806136,5,0.350471,0.5,0.15,0.17,0.891,166,0.45,-0.5,1
,16810498,1,0.574644,0.76,0.25,0.32,1.671,169,-0.3,-1.11,1
,16812072,1,0.614517,0.52,0.18,0.2,0.687,209,0.49,0.9,1
,16815143,5,0.26302,0.34,0.11,0.13,0.551,171,0.61,0.22,1
,16820876,5,0.297912,0.41,0.13,0.18,2.076,179,0.44,-1.03,1
,16831425,4,1.228044,0.39,0.13,0.06,0.999,184,3.07,9.74,2
,16832817,1,0.526071,0.77,0.24,0.25,2.217,197,-1.0,-0.11,1
,16836056,5,0.284598,0.39,0.13,0.16,1.908,149,0.56,-0.99,1
,16837045,2,0.37489,0.41,0.15,0.21,1.882,228,-0.23,-1.45,1
,16837728,5,0.242178,0.79,0.25,0.25,1.645,230,1.14,0.71,1
,16846842,1,0.607471,0.49,0.17,0.21,1.094,402,-0.04,-0.67,1
,16858119,6,0.065436,0.48,0.15,0.15,0.549,298,0.25,0.15,1
,16863363,5,0.353233,0.4,0.13,0.17,1.299,371,0.15,-1.11,1
,16865420,1,0.599134,0.5,0.18,0.23,2.729,334,-0.58,-0.6,1
,16866679,1,0.538723,0.75,0.23,0.26,2.809,240,-0.45,-0.7,1
,16873474,5,0.330083,0.52,0.18,0.24,2.617,321,0.44,-1.14,2
,16884557,1,0.657876,0.84,0.28,0.34,1.774,376,-0.35,-1.08,1
,16894075,5,0.334432,0.38,0.32,0.18,1.924,314,8.1,82.53,1
,16901059,2,0.320971,0.66,0.23,0.23,1.178,313,0.51,5.1,1
,16902810,1,0.690012,0.47,0.16,0.16,0.579,183,-0.59,0.89,2
,16902973,1,0.707271,0.75,0.22,0.23,2.867,314,-0.46,0.18,1
,16917654,5,0.256242,0.67,0.23,0.26,0.735,166,1.17,2.45,2
,16920375,0,-9.9,0.5,0.16,0.16,0.81,136,-0.06,-0.39,1
,16922876,5,0.293338,0.39,0.13,0.15,1.235,178,0.52,-0.76,1
,16926819,5,0.273377,0.65,0.22,0.25,2.061,113,0.69,-0.75,1
,16927228,1,0.59216,0.68,0.21,0.22,1.702,196,-0.83,-0.31,1
,16928999,1,0.541835,0.71,0.23,0.24,2.046,175,-0.99,0.5,1
,16932116,1,0.664995,1.0,0.32,0.4,1.279,303,0.13,-0.71,1
,16938008,5,0.295732,0.61,0.21,0.25,1.121,284,0.71,-0.43,1
,16940346,4,0.673336,0.65,0.2,0.25,1.189,346,1.44,1.0,1
,16943689,2,0.341598,0.57,0.18,0.21,2.121,337,-0.19,-0.11,2
,16956865,1,0.520332,0.91,0.31,0.38,1.414,221,-0.4,-0.94,1
,16960026,1,0.609823,0.62,0.2,0.25,1.093,319,-0.23,-0.81,1
,16965808,5,0.297996,0.52,0.17,0.23,2.461,269,0.14,-1.17,1
,16968490,5,0.296147,0.46,0.16,0.19,1.169,300,0.72,-0.19,1
,16968703,1,0.824289,0.47,0.15,0.19,1.14,317,-0.21,-0.97,2
,16968725,1,0.722619,0.56,0.18,0.22,0.611,334,0.25,-0.19,1
,16971175,1,0.589632,0.55,0.17,0.21,2.358,288,-0.69,-0.55,1
,16980721,1,0.767054,0.39,0.12,0.15,1.399,273,-0.19,-0.92,1
,16981207,1,0.481936,1.03,0.33,0.39,2.067,279,-0.68,-0.64,1
,16981920,5,0.27367,0.63,0.2,0.23,1.312,123,0.75,-0.52,1
,16982312,2,0.358592,0.62,0.19,0.2,0.762,263,0.31,0.47,1
,16983422,1,0.581521,0.56,0.19,0.24,1.895,260,-0.87,-0.16,1
,16985469,4,0.582344,0.57,0.17,0.17,1.776,257,1.84,2.48,2
,16987719,4,1.073734,0.56,0.17,0.11,1.807,241,2.27,4.97,2
,16989466,5,0.293883,0.31,0.1,0.1,0.691,259,0.9,0.82,1
,16991760,1,0.549081,1.19,0.41,0.22,2.087,260,2.5,10.93,2
,16997258,1,0.610649,0.45,0.14,0.17,0.596,315,0.14,-0.53,1
,17005824,1,0.58773,1.0,0.31,0.31,1.704,276,-0.47,-0.5,1
,17008442,5,0.280167,0.64,0.2,0.25,2.452,187,0.38,-1.05,1
,17009525,1,0.569504,0.62,0.2,0.24,1.059,517,-0.15,0.14,1
,17010095,0,0.680369,0.4,0.12,0.11,0.594,236,0.38,0.33,1
,17011710,4,1.059568,0.38,0.13,0.09,0.938,518,2.85,9.0,1
,17013321,5,0.315247,0.53,0.17,0.22,2.4,522,0.05,-1.13,2
,17016125,2,0.344011,0.47,0.16,0.21,0.562,496,0.13,-0.62,1
,17024128,0,-9.9,0.48,0.16,0.12,0.585,68,0.26,0.23,1
,17029000,5,3.036305,0.39,0.12,0.12,2.032,272,1.66,2.77,1
,17030093,1,0.631494,0.73,0.25,0.31,1.638,185,-0.37,-1.17,1
,17031281,1,0.559231,0.66,0.22,0.28,2.517,261,-0.53,-0.93,1
,17042648,1,0.528531,0.91,0.28,0.3,1.385,226,-0.49,-0.36,1
,17056731,5,0.262859,0.42,0.14,0.16,0.551,220,0.17,-0.78,1
,17060293,5,0.654091,0.57,0.17,0.14,1.715,214,1.6,1.52,2
,17065012,5,0.293283,0.63,0.21,0.26,1.094,217,0.61,-0.88,1
,17067453,5,0.284466,0.38,0.12,0.15,1.847,196,0.12,-0.22,2
,17070363,5,0.263737,0.44,0.15,0.19,1.704,190,0.33,-1.15,1
,17074093,5,0.228062,0.81,0.24,0.23,1.051,526,1.54,2.21,1
,17074729,5,0.283125,0.6,0.19,0.23,0.658,493,0.67,-0.27,1
,17082055,1,1.146789,0.86,0.31,0.41,1.716,530,-0.16,-1.28,2
,17082877,2,0.358477,0.38,0.12,0.15,0.628,485,0.16,-0.56,1
,17083815,5,0.248953,0.35,0.12,0.15,1.576,535,0.64,-0.83,1
,17084379,5,0.326977,0.46,0.15,0.19,1.13,496,0.53,-0.96,1
,17090406,5,0.245075,0.74,0.23,0.27,0.782,590,0.88,-0.11,1
,17095125,5,0.266097,0.63,0.2,0.25,1.265,548,1.01,-0.14,1
,17096668,0,-9.9,0.75,0.22,0.28,1.188,485,-0.98,0.37,1
,17101513,5,0.247111,0.35,0.11,0.13,1.202,550,0.53,1.04,1
,17102008,5,0.310175,0.51,0.17,0.25,1.525,545,0.85,-0.53,1
,17102467,2,0.347538,0.46,0.16,0.2,0.864,597,0.05,-0.66,1
,17103900,6,0.053497,0.64,0.22,0.25,0.822,496,-0.07,1.38,1
,17105292,5,0.245528,0.34,0.11,0.14,1.265,535,0.42,-0.73,1
,17108059,1,0.676197,0.5,0.16,0.2,0.661,300,0.12,-0.64,1
,17120218,5,0.246177,0.46,0.15,0.17,1.17,266,0.82,-0.17,1
,17125494,5,0.301822,0.5,0.16,0.21,0.789,210,0.38,-0.68,1
,17130728,2,0.331544,0.6,0.2,0.24,0.755,294,0.12,-0.63,2
,17132435,5,0.36729,0.42,0.12,0.13,1.54,318,0.88,-0.02,1
,17133581,1,0.504825,0.85,0.27,0.31,2.435,212,-0.98,-0.2,1
,17133589,5,0.349606,0.43,0.14,0.19,2.122,191,0.65,-0.81,2
,17136546,0,309.367584,0.95,0.29,0.24,0.914,517,1.74,3.19,1
,17137904,1,0.527381,0.53,0.16,0.2,1.291,580,-0.69,-0.32,1
,17138124,1,0.486715,0.85,0.28,0.35,3.09,532,-0.74,-0.59,1
,17140231,0,314.673218,0.55,0.18,0.16,0.509,540,2.24,7.25,1
,17140455,7,302.553467,1.0,0.33,0.26,1.208,510,2.34,7.49,1
,17143546,0,309.080688,0.55,0.18,0.15,0.801,546,2.82,10.56,1
,17146068,0,-9.9,3.27,1.14,1.26,4.827,295,-1.21,-0.15,1
,17151564,1,0.473618,1.06,0.35,0.43,1.87,599,-0.51,-0.61,1
,17154286,7,632.510986,1.81,0.55,0.64,3.527,475,-0.26,-0.57,1
,17157566,0,-9.9,2.82,0.85,0.73,2.148,530,0.9,-0.01,1
,17157938,5,0.313835,0.55,0.18,0.23,1.386,596,0.77,-0.61,1
,17163731,5,0.34811,0.38,0.12,0.16,0.553,594,0.44,-0.67,1
,17165200,2,0.323208,0.35,0.12,0.16,1.607,586,-0.13,-1.37,1
,17167175,1,0.615099,0.53,0.16,0.2,1.088,616,-0.31,-0.67,1
,17168875,1,0.626302,0.84,0.27,0.33,1.577,589,-0.52,-0.7,1
,17169532,2,0.337424,0.54,0.19,0.25,0.998,610,0.23,-0.79,1
,17171713,5,0.241195,0.38,0.13,0.16,1.958,233,0.4,-0.91,1
,17176117,1,0.653839,0.77,0.24,0.3,1.76,590,-0.68,-0.55,1
,17178029,5,0.25082,0.49,0.17,0.22,1.666,576,0.53,-1.04,1
,17181303,1,0.536572,0.84,0.27,0.33,2.194,556,-0.68,-0.58,1
,17185566,1,0.614164,0.38,0.13,0.16,1.527,542,-0.19,-0.6,1
,17195747,6,0.060209,0.57,0.18,0.23,1.313,548,-0.64,-0.61,1
,17195842,5,0.439686,0.35,0.11,0.15,1.348,567,0.87,0.03,2
,17198267,1,0.506289,0.66,0.23,0.25,2.606,109,0.24,1.22,1
,17210232,5,0.301757,0.54,0.18,0.22,2.419,390,0.89,-0.47,1
,17212083,5,0.260596,0.49,0.15,0.17,1.202,419,0.35,-0.47,1
,17213533,5,0.300309,0.53,0.18,0.22,1.169,389,0.56,-0.27,1
,17216032,1,0.585995,0.6,0.18,0.21,1.605,472,-0.36,-0.32,1
,17217812,5,0.25476,0.31,0.1,0.13,0.986,293,0.6,-0.46,1
,17219858,1,0.620677,0.61,0.19,0.23,0.96,353,-0.13,-0.37,1
,17220161,5,0.391261,0.38,0.12,0.15,2.258,363,0.37,-0.6,1
,17235674,5,0.2536,0.42,0.14,0.18,1.435,252,0.66,-0.81,1
,17247918,1,0.481866,0.78,0.25,0.29,1.536,362,-0.65,-0.29,1
,17256607,1,0.640071,0.62,0.21,0.25,1.193,336,-0.35,-0.3,1
,17259108,2,0.307043,0.56,0.18,0.22,0.663,298,0.28,-0.57,1
,17259682,1,0.544827,0.48,0.16,0.2,1.688,348,-0.4,-0.73,1
,17263045,0,-9.9,0.74,0.32,0.23,2.887,484,-1.53,14.09,1
,17266250,2,0.28381,0.44,0.15,0.19,2.357,551,-0.11,-1.27,1
,17269001,5,0.775013,0.46,0.14,0.15,1.065,290,1.01,0.5,2
,17274433,5,0.368652,0.53,0.18,0.24,1.528,532,0.49,-1.09,1
,17275256,5,0.273377,0.74,0.24,0.3,1.936,519,1.1,0.05,1
,17275627,1,0.537774,0.75,0.24,0.31,2.116,563,-0.46,-0.92,1
,17285927,5,0.327631,0.57,0.19,0.24,2.403,177,0.54,-1.07,2
,17286117,5,0.281212,0.71,0.22,0.26,0.688,109,0.77,-0.19,2
,17290858,5,0.24526,0.74,0.25,0.28,1.01,343,0.98,0.6,1
,17301605,0,-9.9,2.41,0.89,1.28,3.35,325,0.6,-1.24,1
,17302403,1,0.488259,0.75,0.24,0.31,1.948,328,-0.71,-0.48,1
,17302597,5,0.26991,0.63,0.19,0.2,0.75,346,1.1,2.51,1
,17306967,4,0.475195,0.4,0.11,0.09,1.541,325,1.76,2.81,1
,17310130,2,0.34609,0.38,0.13,0.17,1.272,260,0.27,-0.71,1
,17312184,2,0.357809,0.39,0.13,0.18,2.026,319,-0.2,-1.35,1
,17313039,5,0.340518,0.44,0.22,0.19,1.416,462,5.41,48.08,1
,17320758,5,0.293452,0.3,0.1,0.13,1.822,325,0.24,-0.96,2
,17321800,5,0.319291,0.58,0.2,0.26,1.225,340,0.76,-0.37,1
,17324094,5,0.282819,0.39,0.12,0.15,0.7,314,0.38,-0.46,1
,17327002,0,-9.9,0.43,0.13,0.16,0.705,314,-0.25,-0.47,1
,17329965,5,0.428723,0.42,0.15,0.2,2.259,308,0.24,-1.42,1
,17336233,1,0.581155,0.55,0.17,0.21,1.756,257,-0.38,-0.98,1
,17336492,1,0.697771,0.35,0.11,0.13,0.846,275,0.29,-0.48,1
,17338538,5,0.375713,0.69,0.23,0.23,1.309,236,1.27,0.62,2
,17340334,4,0.465176,0.5,0.15,0.15,0.614,249,1.17,0.82,2
,17342686,2,0.373262,0.42,0.14,0.19,0.945,270,0.05,-1.21,2
,17342857,5,0.286649,0.3,0.1,0.11,0.837,232,1.04,1.42,1
,17351801,2,0.336763,0.47,0.16,0.2,0.994,310,0.12,-0.71,1
,17352164,1,0.599554,0.75,0.22,0.23,1.125,255,-0.83,0.6,1
,17357370,2,0.329742,0.4,0.13,0.17,2.295,270,-0.44,-0.78,1
,17357828,1,0.516129,0.73,0.23,0.26,2.95,299,-0.94,0.1,1
,17359449,5,0.246793,0.58,0.2,0.25,0.979,272,0.68,-0.25,1
,17370336,1,0.550879,0.78,0.24,0.3,1.959,526,-0.59,-0.58,1
,17373195,1,0.625426,0.59,0.19,0.24,1.15,504,-0.27,-0.9,1
,17386437,5,0.401066,0.36,0.13,0.16,2.139,218,0.73,2.72,2
,17386926,5,0.336387,0.4,0.13,0.16,1.102,266,0.18,-0.73,1
,17388042,0,-9.9,2.12,0.73,0.98,3.846,203,-0.3,-1.33,1
,17388305,1,0.602623,0.6,0.18,0.21,1.529,241,-0.44,-0.35,1
,17389083,5,0.437673,0.44,0.13,0.11,0.651,207,1.65,2.58,2
,17403485,1,0.692155,0.63,0.21,0.25,1.461,185,-0.5,-1.0,1
,17404363,1,0.54491,0.92,0.28,0.3,1.492,194,-0.69,-0.34,1
,17413648,1,0.446297,0.71,0.2,0.14,2.614,161,-1.6,1.93,1
,17415426,5,0.437077,0.39,0.13,0.16,2.161,196,0.39,-1.12,2
,17416531,5,0.22811,0.6,0.21,0.2,0.6,219,1.23,2.33,1
,17418926,1,0.547586,0.63,0.2,0.25,2.334,195,-0.54,-0.92,1
,17419129,5,0.241126,0.92,0.3,0.32,0.656,238,0.95,-0.05,1
,17419718,5,0.32056,0.33,0.11,0.14,1.208,209,0.41,-0.76,1
,17422590,1,0.721665,0.39,0.13,0.12,1.367,131,-0.57,0.0,2
,17427215,5,0.315739,0.66,0.21,0.2,0.691,219,0.66,1.29,2
,17427291,1,0.548012,0.79,0.26,0.31,1.033,112,-0.28,-0.85,1
,17428875,5,0.642481,0.48,0.15,0.16,2.046,199,1.3,1.25,1
,17429661,1,0.655716,0.42,0.14,0.18,1.295,218,0.13,-0.97,1
,17433084,5,0.373863,0.4,0.19,0.13,0.703,515,8.5,104.9,2
,17436807,1,0.573737,0.64,0.21,0.28,1.697,496,-0.28,-1.14,1
,17444609,1,0.564467,0.65,0.21,0.28,1.106,489,-0.34,-0.83,1
,17447041,4,0.539637,0.37,0.12,0.16,2.163,482,1.23,0.74,1
,17452152,1,0.538109,0.86,0.28,0.36,2.019,549,-0.83,-0.45,1
,17463281,5,0.367785,0.31,0.1,0.13,0.641,550,0.68,1.13,1
,17475914,1,0.539073,0.91,0.28,0.36,1.873,333,-0.61,-0.57,1
,17476779,1,0.556607,0.75,0.24,0.3,2.508,291,-0.38,-0.91,1
,17479708,1,0.561376,0.64,0.2,0.25,1.822,200,-0.59,-0.78,1
,17480642,5,0.271999,0.32,0.1,0.13,1.011,299,0.72,-0.46,1
,17486338,6,0.060014,0.7,0.41,0.11,1.481,231,4.54,22.55,1
,17488397,5,0.239554,0.34,0.11,0.14,0.619,214,0.37,-0.28,1
,17493252,2,0.321176,0.55,0.18,0.23,0.719,567,0.29,-0.49,2
,17496627,5,0.24742,0.37,0.13,0.16,0.849,572,1.35,7.26,1
,17505797,4,8.514394,0.33,0.11,0.13,1.353,556,3.58,12.25,2
,17506609,5,0.306938,0.56,0.18,0.23,2.6,387,0.84,-0.42,2
,17506685,4,0.55808,0.47,0.14,0.16,1.249,561,2.7,6.85,1
,17507804,4,1.317894,0.54,0.16,0.12,0.702,584,2.48,6.51,1
,17508928,1,0.513681,0.85,0.26,0.33,1.759,552,-0.56,-0.76,1
,17509366,4,0.758384,0.42,0.13,0.16,2.299,563,1.3,0.95,1
,17512970,5,0.329711,0.52,0.18,0.24,2.551,604,0.42,-1.18,1
,17518765,5,0.295346,0.4,0.12,0.17,1.087,593,1.16,0.66,1
,17519415,5,0.493917,0.4,0.12,0.16,2.188,536,1.07,0.51,2
,17522253,1,0.652079,0.74,0.24,0.31,1.246,343,-0.32,-0.99,1
,17523065,5,0.378362,0.36,0.13,0.17,1.217,594,0.43,-0.95,1
,17523854,5,0.260116,0.32,0.1,0.12,0.677,563,0.32,-0.07,1
,17524400,5,0.277658,0.39,0.13,0.18,1.09,564,0.59,-0.26,1
,17542402,2,0.266865,0.37,0.12,0.16,0.73,562,-0.06,-0.96,1
,17544856,1,0.614294,0.56,0.19,0.24,2.219,533,-0.35,-0.88,1
,17546360,5,0.465968,0.47,0.14,0.16,1.214,535,0.72,0.09,2
,17547893,1,0.541474,0.82,0.27,0.37,1.948,524,-0.62,-0.92,1
,17548668,4,0.704686,0.44,0.18,0.11,0.786,177,5.38,47.9,2
,17554544,5,0.305774,0.34,0.11,0.15,1.944,434,0.24,-1.14,1
,17554986,5,0.569532,0.55,0.18,0.24,2.648,546,0.63,-0.71,1
,17555840,1,0.518811,0.86,0.27,0.33,1.296,545,-0.51,-0.44,1
,17558169,5,0.236017,0.86,0.27,0.23,2.555,286,1.61,2.17,1
,17560471,1,0.638733,0.44,0.16,0.18,2.535,360,2.36,23.36,1
,17566699,5,0.294551,0.74,0.23,0.28,2.56,148,0.54,-0.63,1
,17570315,1,0.607482,0.61,0.19,0.21,2.838,315,-0.42,-0.08,1
,17586216,1,0.49917,0.87,0.29,0.39,1.916,362,-0.63,-0.92,1
,17592913,5,0.304733,0.35,0.12,0.15,2.122,255,0.26,-0.98,1
,17597186,5,0.24055,0.59,0.2,0.26,1.298,328,0.51,-0.93,1
,17604606,2,0.286815,0.5,0.17,0.22,0.938,410,0.11,-0.62,1
,17610493,4,0.800882,0.39,0.12,0.12,1.465,326,2.55,6.48,1
,17612219,0,-9.9,0.77,0.28,0.41,2.528,57,0.04,-1.25,1
,17613281,5,0.291613,0.55,0.17,0.22,1.531,281,0.56,-0.69,1
,17614652,5,0.324495,0.37,0.12,0.16,1.916,284,0.08,-1.23,2
,17615804,0,-9.9,0.57,0.19,0.2,0.522,129,0.04,0.39,1
,17623132,1,0.556054,0.86,0.28,0.35,2.175,564,-0.48,-0.97,1
,17625530,1,0.586574,0.84,0.3,0.32,1.158,527,1.47,9.62,1
,17626260,2,0.346389,0.43,0.14,0.17,0.864,546,0.16,0.12,1
,17627286,5,0.467773,0.37,0.11,0.16,1.088,485,1.26,0.7,2
,17628740,5,0.273864,0.61,0.21,0.28,2.102,498,0.65,-1.0,1
,17629491,5,0.347385,0.48,0.17,0.24,2.492,453,0.29,-1.15,1
,17632184,5,0.282074,0.68,0.23,0.29,1.805,307,0.93,-0.29,1
,17632485,1,0.571756,0.93,0.31,0.3,3.356,531,0.79,9.53,1
,17633750,1,0.57281,0.66,0.22,0.28,1.534,317,-0.33,-0.94,1
,17635845,1,0.534016,0.82,0.27,0.33,3.062,491,-0.94,-0.27,1
,17639834,5,0.267602,0.69,0.24,0.28,2.557,173,0.88,-0.46,1
,17648985,5,0.280766,0.37,0.11,0.12,1.367,200,0.43,0.15,1
,17655724,0,-9.9,0.41,0.15,0.2,1.382,308,-0.15,-1.36,1
,17656575,2,0.339547,0.42,0.14,0.17,2.317,253,0.04,-0.69,4
,17659704,5,0.265851,0.48,0.15,0.17,2.033,292,0.59,-0.55,1
,17659706,1,0.60692,0.68,0.23,0.28,1.154,352,-0.12,-1.11,1
,17661187,5,0.252947,0.75,0.24,0.3,1.042,256,0.77,-0.42,1
,17668856,2,0.280417,0.47,0.16,0.22,2.469,305,-0.16,-1.33,1
,17669543,1,0.505891,1.0,0.33,0.43,1.678,367,-0.71,-0.81,1
,17670149,5,0.275784,0.54,0.19,0.25,1.28,145,0.76,-0.4,1
,17686489,5,0.312403,0.63,0.2,0.24,2.679,306,0.3,-0.97,1
,17689633,5,0.472604,0.44,0.13,0.11,1.846,263,2.14,3.78,2
,17693555,5,0.475413,0.46,0.15,0.19,1.871,303,0.77,-0.59,1
,17701075,1,0.651747,0.73,0.24,0.29,2.043,296,-0.74,-0.54,1
,17701631,0,-9.9,0.75,0.25,0.3,0.941,193,-0.05,-0.36,1
,17703382,1,0.590179,0.71,0.23,0.28,0.919,261,-0.16,-0.87,1
,17705995,5,0.313338,0.57,0.19,0.21,2.557,203,0.66,-0.8,1
,17710182,5,0.54033,0.38,0.13,0.13,0.523,246,0.73,2.35,1
,17715248,5,0.224477,0.46,0.16,0.19,1.132,296,0.72,-0.49,1
,17719862,5,0.291486,0.36,0.12,0.14,1.593,169,1.1,0.51,1
,17720776,4,0.627254,0.77,0.26,0.13,1.279,194,3.72,20.39,2
,17728581,1,0.620342,0.33,0.1,0.12,1.51,153,0.38,-0.89,1
,17729039,2,0.390826,0.37,0.13,0.16,1.778,545,0.17,-1.08,2
,17744496,0,-9.9,9.4,2.99,2.27,3.858,104,0.69,2.84,1
,17747157,5,0.913296,0.57,0.18,0.15,1.123,234,1.53,1.02,1
,17752176,2,0.484049,0.41,0.15,0.16,1.067,124,-0.11,0.42,3
,17762090,1,0.597334,0.56,0.17,0.21,2.576,209,-0.35,-0.63,1
,17763235,5,0.732002,0.37,0.12,0.16,1.221,171,0.01,-1.22,2
,17764853,1,0.569466,0.85,0.26,0.25,1.78,198,-0.84,-0.09,1
,17765881,0,-9.9,2.53,0.84,0.69,2.322,136,0.98,3.2,1
,17768519,5,0.275246,0.56,0.18,0.24,1.378,206,0.72,-0.69,1
,17769261,1,0.772581,0.41,0.13,0.16,1.232,208,-0.08,-0.9,2
,17770982,1,0.75051,0.5,0.15,0.17,0.979,192,0.07,-0.71,1
,17773803,4,0.43095,0.44,0.12,0.09,1.043,237,1.86,3.03,2
,17774201,2,0.356794,0.48,0.17,0.23,1.115,218,0.08,-1.33,1
,17775394,1,0.503768,0.72,0.23,0.22,1.081,148,-0.91,1.0,1
,17785431,2,0.287254,0.55,0.19,0.23,0.57,218,0.24,-0.48,1
,17791592,1,0.678751,0.96,0.32,0.42,1.405,183,-0.14,-1.19,1
,17792324,1,0.499433,0.71,0.23,0.26,1.291,220,-1.14,0.53,1
,17794872,1,0.780594,0.51,0.16,0.19,1.597,171,-0.1,-1.13,1
,17797399,2,0.350938,0.35,0.12,0.16,2.106,206,-0.24,-1.2,1
,17797806,5,0.274295,0.32,0.12,0.12,1.066,207,1.84,7.53,1
,17800059,0,0.720374,1.02,0.37,0.18,1.63,205,3.01,9.46,1
,17801376,7,129.870117,0.76,0.24,0.3,2.954,180,-0.02,-1.12,1
,17803409,1,0.630994,0.41,0.13,0.18,0.941,183,-0.27,-1.09,1
,17809180,4,0.736613,0.87,0.28,0.13,1.901,204,2.93,8.35,2
,17812270,6,0.057873,0.36,0.11,0.14,0.849,198,-0.27,-0.74,1
,17819838,1,0.61653,0.7,0.24,0.32,1.763,180,-0.5,-1.1,1
,17820709,0,0.622407,0.45,0.16,0.22,2.123,199,0.13,-1.46,2
,17822235,1,0.841232,0.56,0.19,0.24,1.888,240,0.12,-1.29,2
,17826092,5,0.34898,0.43,0.15,0.2,1.957,205,0.33,-1.24,1
,17834893,2,0.31608,0.34,0.12,0.17,1.933,187,-0.33,-1.36,1
,17840532,1,0.581558,0.72,0.23,0.29,1.934,139,0.1,-0.99,1
,17840565,2,0.263736,0.39,0.15,0.22,2.23,160,-0.06,-1.52,1
,17845310,1,0.5941,0.37,0.12,0.16,2.104,99,-0.21,-1.18,1
,17845655,1,0.466602,0.89,0.3,0.34,1.303,189,-0.96,-0.03,1
,17855398,1,0.704431,0.34,0.11,0.14,0.644,223,0.29,-0.9,1
,17855762,4,0.754591,0.38,0.11,0.08,1.029,186,1.71,3.09,2
,17858327,5,0.295381,0.79,0.26,0.34,1.565,174,0.61,-0.94,1
,17868852,5,0.304656,0.65,0.21,0.21,0.864,201,1.18,0.64,1
,17873922,6,0.075315,0.46,0.15,0.18,1.401,202,-0.8,-0.57,1
,17875674,5,0.367111,0.58,0.19,0.24,1.719,196,0.23,-1.12,1
,17880250,1,0.46654,0.91,0.31,0.39,2.138,234,-0.72,-0.62,1
,17882849,1,0.567443,0.66,0.22,0.27,2.159,217,-0.46,-0.9,1
,17885884,5,0.32716,0.44,0.14,0.13,2.119,129,0.88,0.15,1
,17888320,5,0.319876,0.45,0.15,0.16,0.775,189,0.71,0.27,1
,17896313,1,0.743283,0.68,0.23,0.3,0.928,192,0.28,-1.28,1
,17904849,1,0.738156,0.66,0.21,0.24,0.958,181,-0.34,-0.75,1
,17906090,5,0.27108,0.59,0.18,0.22,0.746,205,0.6,-0.65,1
,17908903,5,0.254218,0.31,0.1,0.12,1.828,201,0.44,-0.67,1
,17909981,5,0.283768,0.6,0.21,0.24,1.545,205,0.88,-0.4,1
,17914937,0,-9.9,0.36,0.14,0.16,2.362,162,0.24,-0.11,1
,17915724,1,0.612775,0.5,0.16,0.2,1.211,177,-0.19,-1.05,2
,17918883,2,0.306679,0.39,0.13,0.17,0.783,210,-0.09,-1.08,1
,17919470,5,0.239074,0.64,0.21,0.24,0.82,44,1.07,-0.07,1
,17919686,1,0.508665,0.73,0.23,0.28,2.755,204,-0.38,-0.8,1
,17923879,5,0.288522,0.56,0.18,0.23,1.265,165,0.82,-0.64,1
,17928126,1,0.555466,0.61,0.2,0.21,1.54,206,-0.78,-0.13,1
,17928784,5,0.375379,0.33,0.11,0.14,1.902,204,0.54,-0.91,1
,17934303,1,0.445852,1.0,0.34,0.42,2.345,128,-0.39,-1.04,1
,17942645,2,0.423789,0.38,0.12,0.15,1.112,200,-0.14,-0.89,2
,17952641,5,0.259087,0.53,0.18,0.21,0.949,162,0.86,-0.08,1
,17958363,5,0.349806,0.32,0.11,0.14,1.0,210,0.49,-0.77,1
,17962812,2,0.336025,0.47,0.16,0.22,1.35,139,0.11,-1.34,1
,17980151,2,0.392891,0.58,0.19,0.25,0.705,204,0.02,-1.24,2
,17980316,1,0.573007,0.76,0.23,0.2,2.81,169,-1.35,1.29,1
,17981381,5,0.406416,0.61,0.22,0.3,1.921,189,0.31,-1.36,1
,17981455,2,0.369441,0.39,0.14,0.19,1.608,156,0.13,-1.52,2
,17984561,1,0.628587,0.3,0.11,0.13,1.639,146,0.31,-1.24,1
,17985238,4,0.439206,0.42,0.16,0.11,1.812,160,2.63,9.15,2
,17987523,2,0.31668,0.61,0.19,0.22,1.0,169,0.22,-0.36,1
,17992460,5,0.38236,0.36,0.13,0.16,0.605,224,0.8,0.76,1
,17992634,2,0.284103,0.45,0.15,0.19,0.584,221,-0.22,-0.59,1
,17992869,1,0.757853,0.54,0.18,0.22,1.623,208,-0.07,-1.09,1
,18001184,1,0.537145,0.66,0.2,0.19,1.555,219,-1.06,0.51,1
,18001324,4,0.45091,0.51,0.15,0.13,1.24,215,1.89,3.06,1
,18003132,1,0.578162,0.85,0.29,0.38,2.637,221,-0.3,-1.21,1
,18003140,5,0.353024,0.53,0.18,0.22,0.617,220,0.54,-0.1,1
,18006468,1,0.566521,0.6,0.19,0.22,1.762,165,-0.71,-0.67,1
,18008609,5,0.257461,0.57,0.21,0.27,2.223,199,0.5,-1.18,1
,18010252,1,0.51711,0.84,0.27,0.35,2.001,219,-0.74,-0.65,1
,18011727,5,0.29912,0.72,0.24,0.26,0.579,219,0.98,0.56,2
,18020442,5,0.304531,0.46,0.14,0.16,0.818,222,0.85,-0.04,1
,18020957,2,0.260679,0.44,0.15,0.2,1.207,371,-0.16,-1.36,1
,18021143,2,0.340379,0.53,0.17,0.19,1.483,241,-0.63,-0.14,1
,18024182,5,0.207852,0.39,0.13,0.15,1.675,185,0.47,-0.47,1
,18029924,1,0.512509,0.91,0.3,0.36,2.516,232,-0.68,-0.8,1
,18034228,1,0.474749,1.05,0.35,0.41,1.497,217,-0.61,-0.68,1
,18034354,5,0.398076,0.3,0.12,0.15,1.627,227,2.41,16.89,1
,18038442,2,0.333645,0.65,0.21,0.25,0.703,245,0.19,-0.57,2
,18040121,1,0.699762,0.52,0.16,0.2,0.601,224,0.19,-0.73,1
,18040499,5,0.296322,0.59,0.2,0.26,2.029,240,0.68,-0.84,1
,18040815,5,0.34922,0.38,0.12,0.14,1.607,227,0.91,-0.04,1
,18044249,1,0.909444,0.54,0.18,0.23,2.362,204,-0.36,-1.14,2
,18045478,6,0.050012,0.34,0.12,0.14,0.548,85,-0.47,-0.12,1
,18049983,5,0.250672,0.54,0.17,0.2,0.485,222,0.58,-0.48,1
,18052204,1,0.512977,1.03,0.32,0.32,1.377,222,-0.5,-0.72,1
,18053182,1,0.459416,0.87,0.29,0.36,2.904,191,-0.82,-0.59,1
,18055009,5,0.255605,0.52,0.17,0.23,1.43,222,0.53,-1.02,1
,18064292,0,-9.9,0.41,0.14,0.16,0.746,166,0.05,0.86,1
,18065725,2,0.279027,0.44,0.14,0.2,1.558,157,-0.05,-1.26,1
,18067356,5,0.278334,0.51,0.17,0.23,0.779,204,0.67,-0.75,1
,18068087,1,0.756462,0.41,0.13,0.17,2.037,166,0.05,-1.13,1
,18068298,1,0.62049,0.74,0.26,0.34,1.701,189,-0.33,-1.15,1
,18070211,5,0.280779,0.3,0.1,0.13,0.738,105,-0.11,-0.84,1
,18074746,1,0.443365,1.03,0.33,0.36,1.909,154,-0.98,-0.15,1
,18075405,1,0.489515,0.96,0.31,0.34,1.35,139,-0.88,-0.23,1
,18079205,1,0.600557,0.59,0.19,0.2,0.908,145,-0.43,-0.38,1
,18082632,5,0.290518,0.49,0.16,0.19,0.752,194,0.57,-0.62,1
,18082719,5,0.441688,0.48,0.16,0.2,0.876,139,0.34,-0.95,1
,18101214,5,0.30574,0.46,0.15,0.16,0.652,157,0.82,-0.2,1
,18102636,2,0.351466,0.51,0.17,0.23,1.122,213,0.32,-1.1,1
,18108134,2,0.28558,0.36,0.12,0.14,1.338,133,-0.47,-0.81,1
,18115616,2,0.356543,0.39,0.13,0.17,0.78,198,0.28,-1.09,1
,18120005,5,0.429216,0.43,0.14,0.17,2.427,195,0.56,-0.72,1
,18122794,1,0.489208,0.68,0.21,0.26,2.163,155,-0.76,-0.53,1
,18133967,6,0.07158,0.57,0.18,0.22,1.25,215,-0.64,-0.59,1
,18136696,1,0.576984,0.54,0.17,0.19,2.491,208,-0.44,-0.68,1
,18140612,5,0.328328,0.52,0.17,0.21,1.457,199,0.56,-0.82,1
,18143902,5,0.316592,0.59,0.19,0.25,0.59,234,0.55,-0.49,1
,18146252,2,0.352069,0.45,0.15,0.17,0.752,209,0.65,0.88,1
,18151740,1,0.684816,0.52,0.16,0.16,2.283,179,-0.03,-0.57,1
,18153152,5,0.394226,0.52,0.25,0.18,1.904,230,4.14,25.75,1
,18158179,0,-9.9,0.62,0.2,0.25,0.629,81,-0.41,-0.72,1
,18158953,1,0.477034,0.89,0.29,0.38,2.955,188,-0.42,-1.01,1
,18165725,5,0.266737,0.61,0.2,0.21,0.62,221,1.26,1.45,1
,18168390,4,0.545857,0.41,0.14,0.09,0.691,177,2.0,5.85,2
,18168585,1,0.647102,0.68,0.22,0.26,2.886,176,-0.65,-0.66,1
,18168976,1,0.61815,0.43,0.14,0.15,0.718,169,-0.47,-0.13,1
,18170252,4,0.628081,0.71,0.22,0.11,0.557,189,2.41,5.58,2
,18172882,5,0.254707,0.59,0.19,0.24,1.725,189,0.77,-0.56,1
,18175552,1,0.469456,1.16,0.47,0.41,1.644,207,0.87,2.83,1
,18178441,2,0.332542,0.44,0.14,0.18,0.77,171,0.16,-0.96,2
,18180699,1,0.594559,0.81,0.26,0.31,1.632,221,-0.76,-0.61,1
,18183454,5,0.376804,0.29,0.1,0.13,0.876,192,0.65,0.23,1
,18186536,1,0.596101,0.64,0.21,0.26,1.123,191,-0.12,-1.17,1
,18200420,1,0.538259,0.8,0.25,0.26,2.244,183,-0.74,-0.47,1
,18200615,5,0.277828,0.34,0.11,0.13,0.708,193,0.16,-0.34,1
,18210795,2,0.27516,0.45,0.16,0.22,1.452,198,0.12,-1.41,1
,18213730,2,0.273662,0.53,0.16,0.2,0.856,232,-0.25,-0.79,1
,18215947,0,-9.9,0.79,0.26,0.27,0.511,31,0.78,-0.26,1
,18220730,1,0.709007,0.71,0.24,0.27,1.207,175,0.55,0.5,1
,18226590,2,0.312465,0.42,0.15,0.19,2.279,188,-0.34,-1.27,1
,18226938,2,0.379701,0.36,0.13,0.17,2.14,238,0.02,-1.29,2
,18228288,4,0.365659,0.34,0.12,0.09,0.975,49,1.19,0.15,3
,18232336,1,0.678256,0.62,0.2,0.25,1.843,198,-0.59,-0.53,1
,18233707,5,0.284021,0.76,0.25,0.27,1.88,175,0.8,-0.36,1
,18237209,5,0.530461,0.54,0.18,0.23,2.331,200,0.73,-0.76,1
,18243246,1,0.539258,0.8,0.25,0.27,3.112,151,-0.87,-0.25,1
,18245962,0,-9.9,0.6,0.18,0.24,1.364,80,-0.54,-0.77,1
,18248621,1,0.702287,0.57,0.19,0.23,1.626,150,-0.41,-0.99,1
,18251630,0,-9.9,0.7,0.25,0.32,2.24,62,-0.63,-0.86,1
,18252312,1,0.51649,0.95,0.31,0.36,1.942,154,-0.82,-0.53,1
,18255554,2,0.41756,0.4,0.13,0.14,1.642,160,-0.49,0.02,1
,18255903,7,414.937683,0.55,0.19,0.21,0.561,147,-0.34,0.86,1
,18257042,1,0.67883,0.53,0.18,0.22,2.605,168,-0.23,-0.8,1
,18258445,1,0.536155,0.5,0.17,0.23,2.224,158,-0.4,-0.94,1
,18261085,1,0.493562,0.94,0.29,0.33,1.141,140,-0.08,-0.81,1
,18262305,5,0.547879,0.5,0.15,0.12,1.467,165,2.2,3.97,2
,18262683,5,0.30192,0.5,0.16,0.18,0.501,148,0.66,-0.11,1
,18262890,5,0.317576,0.7,0.24,0.31,1.808,160,0.81,-0.69,1
,18264432,1,0.518871,0.81,0.25,0.25,2.973,182,-1.1,0.17,1
,18270533,1,0.503617,0.94,0.3,0.38,2.324,189,-0.68,-0.79,1
,18275488,5,0.275463,0.46,0.15,0.17,2.241,134,0.76,-0.61,1
,18277497,1,0.619403,0.81,0.26,0.32,2.214,191,-0.6,-0.85,1
,18279703,1,0.500113,0.99,0.3,0.32,1.679,136,-0.99,0.15,1
,18286349,5,0.303402,0.57,0.19,0.25,1.46,205,0.81,-0.58,1
,18288372,4,0.440668,0.43,0.12,0.08,1.099,229,2.49,6.28,1
,18291357,0,-9.9,0.49,0.16,0.15,1.516,37,0.45,-0.43,1
,18294655,1,0.710003,0.5,0.16,0.19,2.336,155,-0.58,-0.66,1
,18295448,5,0.263636,0.4,0.13,0.15,0.623,195,0.78,0.0,1
,18296917,5,0.723158,0.44,0.13,0.12,1.558,212,1.55,1.81,1
,18299983,2,0.36933,0.42,0.21,0.2,2.363,192,4.86,48.02,1
,18300962,1,0.718319,0.85,0.26,0.31,2.983,64,-0.29,-0.88,1
,18303022,5,0.385647,0.46,0.15,0.19,0.706,210,0.52,-0.88,1
,18303699,5,0.441453,0.62,0.19,0.14,1.813,135,1.83,3.25,2
,18306708,5,0.432722,0.43,0.16,0.23,1.818,223,0.34,-1.45,1
,18307046,5,0.264347,0.41,0.13,0.15,0.535,203,0.37,-0.57,1
,18307603,2,0.31986,0.34,0.12,0.17,2.065,95,-0.19,-1.48,1
,18308967,1,0.440251,0.84,0.28,0.33,3.175,216,-0.5,-0.82,1
,18314836,1,0.576025,0.64,0.19,0.2,1.292,138,-0.67,-0.38,1
,18317263,4,0.640956,0.42,0.13,0.06,0.841,181,3.08,9.6,2
,18318057,1,0.566461,0.93,0.28,0.25,1.448,195,-0.88,0.0,1
,18322845,1,0.508863,0.77,0.25,0.3,1.43,170,-0.61,-0.53,1
,18322950,4,0.424745,0.44,0.14,0.12,0.873,189,1.6,2.11,2
,18331827,4,1.785861,0.57,0.15,0.09,0.849,186,2.31,5.44,2
,18332019,1,0.581178,0.38,0.12,0.16,2.309,171,0.03,-1.11,1
,18335321,1,0.577848,0.51,0.15,0.17,2.261,221,-0.64,-0.51,1
,18335572,4,0.260622,0.48,0.14,0.12,1.655,198,1.68,2.24,2
,18348664,5,0.596674,0.51,0.15,0.07,0.759,175,2.64,6.77,1
,18349071,2,0.324559,0.35,0.13,0.17,1.669,205,-0.09,-1.4,1
,18355256,5,0.339336,0.51,0.17,0.21,0.961,207,0.72,-0.74,1
,18356591,5,0.315127,0.4,0.23,0.15,0.735,171,3.63,17.12,1
,18358062,5,0.236263,0.52,0.17,0.22,1.395,218,0.63,-0.71,1
,18365343,4,0.615169,0.48,0.15,0.08,0.722,220,2.66,6.99,1
,18366877,5,0.312319,0.53,0.17,0.22,1.092,243,0.82,-0.52,1
,18368323,0,-9.9,1.16,0.39,0.39,1.18,86,0.67,0.73,1
,18369295,5,0.291739,0.67,0.2,0.21,0.671,219,0.99,0.18,1
,18369449,1,0.558797,0.61,0.24,0.22,2.118,229,2.49,17.45,1
,18371428,1,0.607779,0.41,0.14,0.2,1.754,158,-0.28,-1.29,1
,18373326,1,0.512465,0.65,0.21,0.27,1.409,169,-0.69,-0.22,1
,18374704,1,0.584985,0.69,0.22,0.26,2.841,164,-0.47,-0.73,1
,18376497,5,0.600712,0.36,0.12,0.13,2.024,201,0.99,-0.05,2
,18376664,1,0.59978,0.62,0.19,0.18,1.154,176,-0.76,-0.04,1
,18380451,2,0.32245,0.51,0.17,0.24,1.26,190,-0.11,-1.03,1
,18381364,1,0.613722,0.65,0.19,0.17,2.783,163,-0.95,0.59,1
,18385620,6,0.056949,0.31,0.1,0.12,0.644,206,-0.25,-0.8,1
,18386263,2,0.295187,0.6,0.21,0.21,0.584,204,0.73,0.87,1
,18388820,4,1.075255,0.55,0.25,0.12,1.434,176,3.91,17.37,1
,18388910,1,0.56314,0.78,0.25,0.31,2.373,177,-0.81,-0.65,1
,18389736,2,0.324061,0.52,0.17,0.22,0.718,183,-0.23,-0.59,1
,18391916,1,0.805132,0.36,0.12,0.16,1.843,185,-0.38,-0.91,2
,18392695,2,0.31303,0.47,0.15,0.2,1.303,138,-0.27,-1.18,1
,18398826,5,0.380572,0.53,0.17,0.22,2.559,145,0.5,-0.96,1
,18400410,1,0.725854,0.53,0.18,0.19,0.616,185,-0.19,0.21,1
,18402065,5,0.340233,0.42,0.15,0.19,1.831,200,0.5,-1.21,1
,18402327,1,0.567601,0.72,0.22,0.25,1.164,224,-0.62,-0.55,1
,18405090,5,0.338013,0.61,0.2,0.24,0.865,207,0.73,-0.57,1
,18407674,5,0.307681,0.71,0.24,0.3,2.365,197,0.73,-0.82,1
,18408716,2,0.278,0.33,0.12,0.15,1.526,163,-0.19,-1.38,1
,18412966,2,0.364222,0.38,0.13,0.16,2.245,163,-0.02,-1.3,1
,18415157,2,0.341501,0.52,0.18,0.26,1.469,238,-0.24,-1.38,1
,18416275,5,0.307107,0.6,0.21,0.28,1.658,198,0.61,-1.06,1
,18421902,1,0.465346,1.04,0.34,0.38,1.969,241,-0.61,-0.46,1
,18423716,1,0.599995,0.55,0.18,0.22,0.838,73,-0.21,-0.86,1
,18425878,5,0.328616,0.35,0.14,0.2,1.098,40,0.03,-1.5,3
,18426491,1,0.508313,0.85,0.26,0.21,2.11,215,-1.24,0.81,1
,18427866,2,0.358203,0.44,0.16,0.21,1.312,116,-0.08,-1.34,1
,18429098,1,0.488907,0.94,0.29,0.22,1.967,179,-1.18,0.55,1
,18433572,2,0.297898,0.41,0.13,0.17,1.761,177,-0.4,-1.0,1
,18434633,5,0.28019,0.36,0.13,0.14,0.809,154,0.67,1.73,1
,18434831,1,0.624556,0.45,0.14,0.17,0.76,174,-0.31,-0.79,1
,18438245,2,0.304395,0.34,0.12,0.16,1.492,226,-0.31,-1.17,1
,18440016,5,0.294041,0.61,0.2,0.2,1.384,214,1.21,0.57,1
,18442127,1,0.535241,0.88,0.28,0.28,1.788,224,-0.84,-0.24,1
,18442650,1,0.620172,0.69,0.21,0.24,2.207,240,-0.73,-0.57,1
,18443329,1,0.481752,0.9,0.27,0.28,2.248,233,-1.03,0.17,1
,18443717,1,0.532563,0.63,0.19,0.2,2.832,185,-0.87,0.37,1
,18453760,5,0.332858,0.55,0.19,0.25,2.385,204,0.08,-1.24,2
,18457593,5,0.317384,0.45,0.15,0.18,1.414,203,0.61,-0.75,1
,18463550,5,0.286879,0.73,0.23,0.2,1.12,219,1.24,0.75,1
,18465689,1,0.54788,0.55,0.19,0.22,1.157,215,0.07,1.19,1
,18467764,1,0.59329,0.52,0.17,0.19,0.846,228,-0.28,-0.45,1
,18472804,1,0.467611,1.06,0.36,0.48,1.291,210,-0.02,-1.26,1
,18473466,5,0.449215,0.67,0.2,0.15,1.57,243,1.81,2.29,2
,18475097,1,0.429418,0.9,0.3,0.37,2.598,209,-0.99,-0.21,1
,18486944,5,0.328726,0.33,0.1,0.11,0.577,198,0.99,1.56,2
,18489300,5,0.297398,0.44,0.15,0.18,0.652,208,1.07,0.71,1
,18489761,5,0.236495,0.61,0.21,0.21,1.251,115,0.88,-0.58,1
,18492451,4,1.626328,0.57,0.25,0.13,0.524,189,5.62,47.03,2
,18498050,1,0.571666,0.66,0.21,0.26,1.858,221,-0.57,-0.8,2
,18501055,1,0.616419,0.42,0.14,0.16,1.969,132,-0.03,-0.29,1
,18502454,1,0.814111,0.34,0.11,0.13,0.572,224,-0.21,-0.55,2
,18504033,1,0.583694,0.62,0.19,0.22,1.398,223,-0.43,-0.77,1
,18508280,1,0.648367,0.91,0.29,0.3,1.475,199,0.57,0.87,1
,18510465,1,0.562967,0.93,0.31,0.32,0.91,188,0.75,4.15,1
,18512447,4,0.605764,0.46,0.14,0.12,1.058,177,1.49,1.34,2
,18516711,1,0.564978,0.63,0.21,0.24,2.131,126,-0.56,-0.77,1
,18517769,5,0.328562,0.46,0.16,0.19,0.856,67,0.06,-1.03,2
,18522502,2,0.337411,0.47,0.16,0.21,2.311,204,0.17,-1.29,1
,18524508,5,0.268805,0.35,0.17,0.14,1.093,219,3.99,25.89,1
,18525697,1,0.580325,0.77,0.26,0.34,2.459,211,-0.36,-1.18,1
,18527462,5,0.291532,0.44,0.14,0.17,1.163,185,0.64,-0.74,1
,18527878,1,0.589419,0.79,0.25,0.3,2.652,215,-0.99,-0.11,1
,18532220,5,0.384819,0.76,0.23,0.15,2.233,197,2.09,3.36,2
,18533525,1,0.531858,0.74,0.23,0.25,2.012,214,-0.75,-0.44,1
,18535998,2,0.41519,0.36,0.14,0.17,1.625,217,0.43,-0.38,1
,18536264,1,0.589349,0.41,0.13,0.16,1.092,185,-0.19,-0.93,1
,18537828,2,0.347303,0.67,0.22,0.29,1.359,214,-0.15,-1.01,1
,18538813,5,0.30525,0.44,0.14,0.18,2.446,196,0.48,-0.8,1
,18541863,5,0.212385,0.47,0.15,0.15,0.979,151,0.76,0.02,1
,18543464,2,0.32066,0.33,0.11,0.16,1.078,202,0.2,-1.39,1
,18545645,1,0.571066,0.58,0.18,0.2,2.399,144,-0.87,-0.07,1
,18554616,5,0.291851,0.6,0.2,0.24,0.574,193,1.0,1.75,1
,18557434,2,0.260884,0.54,0.16,0.18,0.78,190,-0.2,-0.7,3
,18558776,1,0.53465,0.66,0.23,0.31,2.772,211,-0.44,-1.1,1
,18559228,1,0.642793,0.68,0.23,0.25,2.236,75,-0.38,-0.5,1
,18560875,1,0.682983,0.43,0.15,0.19,1.369,210,-0.04,-1.01,1
,18563582,2,0.338075,0.43,0.14,0.19,1.798,163,0.07,-1.2,2
,18563674,1,0.675276,0.61,0.18,0.19,0.986,86,0.43,-0.3,2
,18564317,2,0.325347,0.39,0.14,0.19,1.803,206,0.3,-1.37,1
,18564689,5,0.271074,0.39,0.14,0.18,1.926,215,0.51,-1.14,1
,18576325,5,0.61919,0.74,0.22,0.17,1.756,181,1.69,1.73,2
,18578027,2,0.368972,0.38,0.14,0.21,1.776,208,0.01,-1.63,1
,18582042,5,0.31001,0.43,0.15,0.19,1.11,180,0.94,1.35,1
,18582286,1,0.57078,0.43,0.14,0.22,2.139,169,-0.4,-1.26,1
,18583276,0,-9.9,0.56,0.3,0.25,1.868,241,3.35,15.53,1
,18587428,5,0.237274,0.64,0.22,0.26,1.367,188,0.64,-0.86,1
,18590945,1,0.6095,0.73,0.24,0.31,0.925,165,-0.26,-0.95,1
,18592513,4,0.993652,0.42,0.15,0.09,1.446,195,2.97,9.82,1
,18593018,5,0.356704,0.44,0.16,0.21,1.321,98,0.19,-1.38,1
,18594728,5,0.31578,0.34,0.11,0.12,1.918,186,0.47,-0.57,1
,18595098,4,0.276612,0.38,0.12,0.08,1.111,179,1.46,2.59,1
,18601264,1,0.615908,0.83,0.26,0.27,1.271,134,-0.91,-0.03,1
,18602420,1,0.630406,0.42,0.13,0.17,2.142,182,-0.14,-1.19,1
,18612093,1,0.620499,0.7,0.23,0.31,2.201,181,-0.33,-1.06,1
,18612099,2,0.277092,0.37,0.13,0.17,1.609,107,0.3,-1.31,1
,18616226,2,0.382205,0.5,0.15,0.18,1.047,188,0.18,-0.75,1
,18616864,1,0.623759,0.45,0.17,0.17,1.12,125,-0.77,2.23,2
,18619518,5,1.090924,0.62,0.21,0.15,0.95,210,2.32,5.9,2
,18623739,5,0.294236,0.67,0.21,0.22,1.007,205,1.11,0.26,1
,18624867,0,-9.9,0.98,0.31,0.27,1.734,137,-0.75,1.17,1
,18645240,1,0.473483,1.03,0.34,0.42,1.69,192,-0.72,-0.73,1
,18646292,1,0.691036,0.45,0.16,0.2,2.041,187,-0.32,-1.24,1
,18647013,5,0.610971,0.53,0.16,0.15,0.667,170,1.35,1.59,2
,18648053,4,0.683796,0.57,0.19,0.09,0.479,211,2.95,10.01,1
,18648492,5,0.308278,0.76,0.25,0.26,2.29,170,1.24,0.28,1
,18649437,5,0.340455,0.41,0.13,0.14,0.529,198,1.02,0.84,1
,18649711,2,0.332975,0.46,0.15,0.2,1.083,167,-0.13,-1.2,1
,18654943,5,0.35255,0.52,0.16,0.12,1.024,104,1.64,2.25,1
,18656001,5,0.353872,0.35,0.11,0.14,1.114,187,0.22,-1.16,1
,18656286,1,0.599701,0.58,0.19,0.17,0.947,186,-1.06,1.64,2
,18657066,4,1.530646,0.38,0.15,0.06,0.953,161,3.08,10.29,1
,18657652,1,0.536067,0.76,0.25,0.3,1.424,174,-0.36,-0.5,1
,18668327,2,0.335981,0.41,0.14,0.18,0.993,256,-0.02,-1.31,2
,18670733,1,0.631212,0.56,0.16,0.16,1.411,203,-0.85,0.64,1
,18673762,1,0.593474,0.73,0.21,0.22,2.13,192,-0.89,-0.02,1
,18675018,1,0.565119,0.61,0.2,0.17,2.205,172,-1.5,1.86,1
,18676834,5,0.285328,0.75,0.24,0.28,0.867,219,0.74,-0.68,1
,18682363,1,0.550248,0.76,0.25,0.3,1.501,226,-0.73,-0.52,1
,18685506,1,0.651415,0.72,0.2,0.2,0.829,234,-0.72,0.62,1
,18687528,5,0.333942,0.74,0.21,0.23,1.101,217,0.78,0.47,1
,18687637,1,0.493592,0.72,0.23,0.26,1.101,210,-0.45,-0.41,1
,18688625,2,0.287005,0.41,0.13,0.17,0.586,231,0.24,-0.7,1
,18691568,5,0.392326,0.41,0.13,0.15,0.554,211,0.27,-0.52,1
,18695200,1,0.602288,0.71,0.24,0.33,2.309,225,-0.24,-1.21,1
,18702507,5,0.63752,0.72,0.23,0.13,1.712,169,2.83,8.21,2
,18704088,1,0.461925,0.63,0.19,0.15,2.24,179,-0.85,1.59,3
,18708066,1,0.598111,0.85,0.27,0.33,2.912,177,-0.87,-0.39,1
,18708328,6,0.060671,0.37,0.13,0.17,2.214,234,-0.88,-0.42,1
,18708980,1,0.627411,0.64,0.21,0.24,0.946,209,-0.23,-0.43,1
,18709369,4,3.1422,0.38,0.12,0.06,1.743,232,3.31,10.29,3
,18709742,1,0.538911,0.6,0.2,0.22,1.787,142,-0.94,0.01,1
,18710183,1,0.543826,0.65,0.21,0.22,0.913,122,-0.09,-0.65,1
,18711041,5,0.409969,0.37,0.12,0.17,1.634,224,0.41,-1.16,1
,18715509,1,0.750591,0.46,0.14,0.16,2.505,194,0.04,-0.78,1
,18719371,5,0.335551,0.54,0.18,0.25,2.503,217,0.58,-1.0,1
,18719544,5,0.325895,0.48,0.16,0.2,2.303,189,0.47,-1.15,1
,18720940,4,0.688302,0.41,0.12,0.07,0.673,205,2.52,8.04,2
,18724144,1,0.65417,0.7,0.21,0.25,2.26,205,-0.69,-0.51,1
,18727924,2,0.343659,0.34,0.11,0.14,0.609,218,0.32,-0.76,1
,18728278,5,0.243973,0.65,0.21,0.23,0.654,225,0.88,0.3,1
,18735146,5,0.381265,0.39,0.13,0.17,1.482,211,0.38,-1.01,1
,18740506,1,0.635808,0.38,0.13,0.16,1.98,177,-0.41,-1.11,1
,18743802,1,0.524325,0.66,0.21,0.23,2.489,120,-0.46,-0.59,1
,18744546,1,0.587016,0.84,0.26,0.29,1.275,196,0.15,-0.07,1
,18745455,1,0.570039,0.57,0.24,0.22,1.779,203,3.69,34.55,1
,18748168,5,0.262649,0.56,0.19,0.23,2.406,190,0.68,-0.62,1
,18748471,5,0.461095,0.46,0.15,0.19,1.32,83,0.11,-1.19,1
,18750906,1,0.539463,0.8,0.26,0.26,1.098,199,-0.45,-0.58,1
,18752642,5,0.287773,0.49,0.17,0.22,1.932,186,0.47,-1.17,1
,18756673,5,0.275024,0.68,0.21,0.19,0.611,213,0.5,0.95,2
,18757298,1,0.517443,0.88,0.26,0.26,2.775,127,-0.87,-0.18,1
,18757493,5,0.75257,0.37,0.12,0.1,1.897,110,1.25,0.62,1
,18759849,2,0.310639,0.41,0.15,0.21,1.275,142,-0.17,-1.57,1
,18762473,5,0.260628,0.53,0.17,0.19,0.917,213,0.63,-0.72,1
,18763325,1,0.675849,0.66,0.22,0.28,1.06,213,-0.33,-1.1,1
,18767447,2,0.304692,0.37,0.13,0.15,1.046,212,0.27,0.37,2
,18769661,1,0.636099,0.88,0.27,0.28,1.153,185,-0.52,-0.48,1
,18772329,1,0.546393,0.67,0.21,0.23,0.713,245,-0.12,-0.33,1
,18772490,1,0.518189,0.82,0.26,0.27,2.464,240,-0.64,-0.44,1
,18773074,1,0.699305,0.58,0.19,0.24,1.393,188,0.08,-1.09,2
,18773211,2,0.402513,0.4,0.16,0.19,1.639,201,0.48,0.47,1
,18777589,5,0.257683,0.34,0.15,0.13,0.803,190,3.26,21.16,1
,18783106,2,0.340206,0.41,0.14,0.2,1.501,147,0.07,-1.41,2
,18784637,1,0.5496,0.54,0.18,0.22,2.331,153,-1.07,0.28,1
,18786504,1,0.538388,0.91,0.28,0.28,1.21,197,-0.53,-0.07,1
,18788000,1,0.621668,0.79,0.25,0.27,1.856,146,-0.71,-0.58,1
,18789546,1,0.705449,0.29,0.1,0.13,1.546,184,0.01,-0.98,1
,18792797,1,0.561062,0.75,0.24,0.29,1.994,211,-0.95,-0.09,1
,18794648,1,0.596305,0.55,0.17,0.21,1.204,193,-0.36,-0.78,1
,18796691,1,0.456877,0.88,0.29,0.29,1.962,218,-1.16,0.44,1
,18799785,5,0.476074,0.67,0.24,0.2,1.733,190,2.43,8.43,2
,18803497,2,0.291453,0.43,0.15,0.19,2.423,236,-0.17,-0.95,1
,18806741,7,148.431793,1.03,0.33,0.39,3.059,209,0.51,-0.94,1
,18811128,1,0.663147,0.39,0.14,0.2,1.545,70,-0.1,-1.44,1
,18814120,5,0.401582,0.55,0.15,0.12,0.705,206,1.71,3.65,1
,18825401,5,0.265992,0.35,0.11,0.14,0.55,221,0.17,-0.86,1
,18828690,5,0.286134,0.5,0.17,0.22,1.093,178,0.34,-0.87,1
,18833036,1,0.502778,0.83,0.25,0.24,2.36,220,-1.18,0.32,1
,18833436,1,0.571956,0.74,0.23,0.29,1.462,230,-0.91,-0.33,1
,18835631,1,0.532466,0.79,0.25,0.32,1.785,224,-0.77,-0.57,1
,18836175,1,0.544029,0.78,0.25,0.29,1.596,212,-0.59,-0.5,1
,18837551,1,0.497667,0.79,0.25,0.3,1.809,204,-0.65,-0.57,1
,18839706,5,0.267745,0.34,0.11,0.13,1.329,137,0.96,-0.05,1
,18842335,1,0.47571,0.75,0.24,0.31,1.915,223,-0.69,-0.85,1
,18847366,1,0.595376,0.7,0.23,0.28,1.191,229,-0.38,-0.95,1
,18857359,1,0.633054,0.54,0.18,0.2,0.824,218,-0.21,-0.38,1
,18861334,2,0.377389,0.52,0.17,0.2,0.924,204,-0.17,-0.73,1
,18863221,2,0.34101,0.37,0.13,0.17,1.26,163,-0.39,-1.23,1
,18863594,2,0.296709,0.44,0.16,0.23,1.831,211,0.05,-1.53,1
,18870159,1,0.531437,0.79,0.26,0.3,0.938,205,-0.34,-0.53,1
,18870268,1,0.589836,0.73,0.23,0.26,1.681,202,-0.48,-0.88,1
,18870395,2,0.323498,0.56,0.19,0.23,0.611,227,0.23,-1.02,2
,18871979,5,0.305509,0.6,0.18,0.2,0.57,212,0.32,-0.21,2
,18875199,1,0.634381,0.71,0.23,0.28,1.223,228,-0.63,-0.15,1
,18875920,1,0.559542,0.89,0.3,0.38,1.098,197,-0.5,-1.04,1
,18876041,5,0.306153,0.38,0.13,0.16,0.657,239,0.55,-0.45,1
,18879643,7,139.805313,2.2,0.71,0.74,2.915,187,0.62,0.83,1
,18881768,5,0.236735,0.63,0.22,0.22,1.106,186,1.24,2.2,1
,18886854,5,0.34393,0.52,0.17,0.21,0.869,217,0.84,-0.49,1
,18892285,1,0.535377,0.74,0.25,0.23,2.127,75,-1.23,0.49,2
,18893679,5,0.682499,0.32,0.13,0.12,1.424,223,2.69,13.88,1
,18895805,4,0.980204,0.5,0.14,0.08,0.791,217,2.32,5.1,2
,18899519,1,0.498845,0.57,0.18,0.19,0.989,102,-1.01,0.42,2
,18902220,0,-9.9,0.34,0.1,0.09,1.455,163,0.88,1.91,1
,18903377,5,0.25725,0.52,0.2,0.17,1.952,159,2.17,5.16,1
,18904953,0,0.363715,0.39,0.13,0.14,2.01,160,0.77,0.89,1
,18905477,0,0.363718,0.34,0.11,0.12,1.17,154,0.33,-0.43,1
,18906664,0,-9.9,0.74,0.22,0.2,0.753,201,0.81,2.27,1
,18907145,5,0.414906,0.34,0.11,0.11,0.633,177,1.15,0.89,2
,18908696,0,0.36372,0.48,0.15,0.14,0.738,168,-0.38,2.02,2
,18908764,1,0.550926,0.42,0.28,0.16,1.368,209,4.05,20.68,2
,18909027,2,0.27718,0.46,0.15,0.21,1.627,135,0.06,-1.23,1
,18909126,5,0.363717,0.47,0.15,0.16,0.566,182,0.35,-0.07,1
,18909537,5,0.290609,0.38,0.13,0.17,0.871,177,0.29,-0.95,1
,18910611,0,-9.9,0.44,0.14,0.15,1.644,155,0.39,-0.41,1
,18912216,2,0.346902,0.37,0.13,0.16,1.92,191,-0.16,-1.34,1
,18912516,5,0.247837,0.56,0.18,0.22,1.072,173,0.57,-0.69,1
,18914977,0,0.363718,0.48,0.16,0.15,0.576,186,-0.38,2.69,1
,18915042,1,0.611509,0.61,0.19,0.21,0.66,230,-0.29,-0.5,1
,18915870,0,0.363718,0.57,0.17,0.15,0.528,176,-0.78,3.29,1
,18915904,5,0.244969,0.54,0.17,0.18,0.852,240,0.06,-0.05,1
,18918453,0,0.363716,0.33,0.1,0.11,1.419,199,0.41,0.01,1
,18919173,0,0.363718,0.4,0.13,0.14,2.157,194,0.62,0.31,1
,18920822,5,0.314207,0.69,0.22,0.23,0.547,176,1.09,0.73,1
,18923259,1,0.537999,0.67,0.21,0.2,1.739,184,-1.18,0.79,1
,18925965,4,1.254873,1.28,0.4,0.13,1.093,242,2.11,3.17,2
,18926898,2,0.268555,0.25,0.14,0.1,1.07,248,4.08,22.17,5
,18929915,1,0.751256,0.57,0.2,0.24,2.295,75,0.19,-1.41,2
,18932241,1,0.511843,0.49,0.16,0.18,1.572,128,-1.19,0.05,2
,18935889,1,0.545227,0.61,0.21,0.21,1.004,236,-0.65,0.32,1
,18945850,1,0.585194,0.99,0.34,0.44,2.007,185,-0.45,-1.02,1
,18953192,4,0.467358,0.52,0.16,0.14,1.378,166,1.53,1.5,1
,18954289,5,0.2765,0.69,0.23,0.27,2.123,180,0.88,-0.41,1
,18955805,5,0.351165,0.34,0.11,0.12,0.616,201,0.41,-0.28,2
,18958894,5,0.291586,0.66,0.22,0.26,2.695,175,0.74,-0.65,1
,18962190,5,0.274775,0.56,0.18,0.2,1.718,219,0.88,-0.37,1
,18974055,1,0.628686,0.46,0.15,0.19,1.349,189,-0.21,-1.15,1
,18977673,5,0.288358,0.35,0.11,0.12,0.594,129,0.39,-0.38,2
,18980586,1,0.591474,0.58,0.19,0.23,0.917,183,-0.09,-0.98,1
,18989676,1,0.595321,0.38,0.13,0.16,1.093,62,-0.66,-0.85,1
,18997169,5,0.411941,0.38,0.12,0.15,1.047,189,0.59,-0.73,1
,18997392,1,0.584559,0.74,0.23,0.27,0.932,203,-0.13,-0.5,1
,18998051,2,0.272484,0.33,0.11,0.12,2.228,166,-0.43,-0.82,1
,19001200,5,0.329585,0.52,0.18,0.26,2.328,150,0.31,-1.38,1
,19003918,5,0.397655,0.51,0.17,0.22,0.817,183,0.5,-0.76,1
,19004383,0,-9.9,0.37,0.11,0.14,0.907,181,0.35,-0.57,1
,19006702,1,0.617634,0.95,0.29,0.3,1.714,182,-0.65,-0.44,1
,19008047,5,0.373482,0.54,0.19,0.26,1.422,180,0.26,-1.29,1
,19008895,2,0.296029,0.48,0.16,0.19,0.689,167,0.14,-0.99,2
,19012211,1,0.659358,0.65,0.2,0.23,0.807,190,-0.25,-0.47,1
,19013715,1,0.612458,0.65,0.2,0.23,1.29,215,-0.92,0.28,1
,19013854,1,0.534077,0.7,0.22,0.25,1.495,183,-0.71,-0.32,1
,19022038,5,0.284479,0.68,0.23,0.29,1.659,216,0.62,-0.99,1
,19024518,2,0.355837,0.38,0.12,0.15,0.938,199,-0.05,-0.98,1
,19029359,5,0.300822,0.36,0.12,0.14,0.492,211,0.77,-0.2,1
,19030478,4,0.305943,0.7,0.2,0.17,1.903,198,1.97,2.94,1
,19030974,1,0.703467,0.79,0.24,0.26,0.758,198,0.11,-0.54,2
,19031733,5,0.297192,0.71,0.25,0.32,1.116,206,0.58,-1.09,1
,19033183,1,0.478283,0.83,0.26,0.32,1.258,202,-0.54,-0.73,2
,19036607,2,0.372274,0.49,0.16,0.2,0.753,184,0.14,-1.09,1
,19038039,2,0.349805,0.59,0.25,0.19,0.901,204,3.2,16.24,2
,19038609,4,0.781102,0.56,0.19,0.11,0.768,79,1.62,1.72,2
,19039319,5,0.354423,0.34,0.11,0.14,1.885,222,0.46,-0.69,1
,19043737,5,0.252771,0.47,0.16,0.17,0.82,127,0.47,-0.15,2
,19049888,5,0.395428,0.36,0.11,0.1,1.005,224,1.43,1.23,1
,19052173,2,0.324479,0.36,0.12,0.15,1.143,154,0.63,-0.76,1
,19056855,5,0.355899,0.31,0.16,0.1,1.147,126,4.8,32.77,1
,19061592,1,0.704214,0.44,0.15,0.18,0.678,205,0.53,0.28,2
,19063684,1,0.612989,0.68,0.22,0.26,1.926,207,-0.5,-0.68,1
,19065176,5,0.305185,0.45,0.15,0.18,0.834,202,0.56,-0.37,1
,19070350,1,0.538445,0.74,0.23,0.25,1.705,163,-0.56,-0.45,2
,19077652,1,0.428249,0.6,0.19,0.23,0.907,204,-0.22,-0.88,2
,19078246,5,0.911381,0.49,0.14,0.13,1.897,204,1.33,0.77,1
,19082421,1,0.562383,0.75,0.24,0.28,1.497,210,-0.59,-0.75,1
,19087020,5,0.306988,0.43,0.16,0.19,2.067,190,0.88,1.0,1
,19094718,5,0.236804,0.43,0.13,0.16,2.263,173,0.91,-0.28,1
,19097115,5,0.267674,0.85,0.27,0.25,1.005,188,1.29,1.01,1
,19100907,1,0.674652,0.6,0.19,0.21,0.693,214,-0.26,-0.71,1
,19102362,4,0.715003,0.47,0.14,0.1,0.593,191,1.94,3.82,2
,19105307,1,0.498043,0.87,0.28,0.35,1.63,219,-0.51,-0.7,1
,19112080,1,0.495928,0.96,0.29,0.25,1.819,200,-1.35,0.8,1
,19115211,1,0.747943,0.56,0.18,0.22,1.741,236,-0.56,-0.91,1
,19116910,5,0.308976,0.78,0.27,0.25,1.222,221,1.95,6.3,1
,19119847,6,0.080278,0.32,0.11,0.12,1.015,173,0.35,0.05,1
,19121312,5,0.293574,0.56,0.18,0.24,0.875,233,0.38,-0.96,1
,19123768,5,0.252086,0.68,0.22,0.25,0.921,225,0.89,0.03,1
,19134067,2,0.348943,0.59,0.2,0.23,0.641,209,0.76,1.28,1
,19140374,4,0.613026,0.47,0.15,0.09,0.931,198,2.42,5.8,2
,19144173,5,0.276004,0.62,0.21,0.27,1.047,208,0.69,-0.79,1
,19154719,4,0.993256,0.54,0.2,0.11,0.901,199,3.38,13.08,1
,19154958,4,1.012842,0.38,0.11,0.06,1.751,196,1.94,3.12,2
,19156959,1,0.517356,0.91,0.27,0.24,2.34,103,-1.13,0.24,1
,19158666,1,0.611379,0.47,0.15,0.16,0.852,187,0.1,0.52,1
,19158769,2,0.41,0.36,0.12,0.16,1.413,194,-0.14,-1.29,1
,19161465,1,0.729094,0.69,0.23,0.22,0.963,164,0.2,2.63,1
,19174202,0,-9.9,0.42,0.15,0.18,0.491,164,0.46,-0.33,1
,19175542,5,0.243444,0.41,0.14,0.17,0.862,154,0.68,0.21,1
,19177141,5,0.261466,0.47,0.16,0.2,0.681,144,0.23,-0.79,1
,19177148,5,0.396882,0.6,0.2,0.26,1.499,239,0.87,-0.5,1
,19182507,6,0.051296,0.63,0.19,0.2,2.737,160,-0.32,0.34,1
,19190749,5,0.242756,0.81,0.26,0.29,0.705,219,0.78,-0.42,1
,19191253,2,0.288157,0.48,0.17,0.23,1.293,217,-0.11,-1.37,1
,19196638,5,0.367552,0.36,0.11,0.14,0.879,219,0.15,-1.01,1
,19203146,1,0.549667,0.89,0.27,0.3,1.367,210,-0.62,-0.55,1
,19207944,1,0.493512,1.03,0.34,0.39,1.409,215,-0.69,-0.68,1
,19210556,1,0.494021,0.99,0.32,0.37,1.779,160,-0.88,-0.37,1
,19211844,5,0.368348,0.7,0.22,0.21,0.637,205,1.08,0.73,1
,19213587,5,0.306277,0.46,0.16,0.21,1.091,210,0.61,-0.68,1
,19214193,1,0.676358,0.34,0.11,0.12,0.499,208,-0.15,-0.49,1
,19219665,5,0.236365,0.71,0.23,0.27,2.222,206,0.77,-0.72,1
,19224554,1,0.69571,0.76,0.24,0.23,1.664,210,-0.49,-0.07,1
,19224568,1,0.73043,0.57,0.18,0.22,1.459,204,-0.02,-0.87,2
,19224720,1,0.564218,0.81,0.25,0.25,1.147,177,-0.21,-0.38,2
,19226503,1,0.499496,0.77,0.24,0.29,2.479,217,-0.87,-0.17,1
,19231719,5,0.312744,0.8,0.26,0.27,2.503,199,0.94,-0.33,1
,19237903,5,0.248638,0.85,0.28,0.37,1.222,223,0.69,-0.7,1
,19240781,5,0.309623,0.54,0.17,0.19,1.646,225,0.81,-0.47,1
,19248141,5,0.273678,0.77,0.25,0.32,1.774,219,0.67,-0.86,1
,19252551,5,0.291549,0.8,0.25,0.27,0.551,175,0.89,0.24,1
,19256871,1,0.493509,0.9,0.28,0.33,1.045,173,-0.52,-0.45,1
,19260165,1,0.441875,0.9,0.28,0.28,2.822,153,-0.58,0.28,1
,19261207,1,0.978152,0.75,0.23,0.25,2.327,177,-0.99,-0.01,2
,19261308,0,-9.9,0.77,0.23,0.21,1.18,75,-0.85,-0.13,1
,19261782,2,0.336636,0.35,0.12,0.15,1.662,184,0.21,-0.26,1
,19263617,1,0.777662,0.38,0.13,0.14,1.485,113,0.31,-0.25,2
,19277745,2,0.381798,0.31,0.1,0.12,0.502,193,0.14,-0.1,2
,19285511,5,0.253449,0.6,0.2,0.25,0.798,220,0.75,-0.55,1
,19292118,5,0.402839,0.38,0.12,0.14,2.22,181,0.56,-0.76,2
,19292869,1,0.532969,0.61,0.2,0.23,1.1,158,-0.55,-0.82,1
,19293430,2,0.294916,0.52,0.18,0.23,0.966,217,0.11,-1.05,1
,19296451,1,0.518959,0.88,0.27,0.27,1.474,150,-0.99,0.24,1
,19299055,0,-9.9,0.47,0.15,0.15,0.481,192,-0.44,1.71,1
,19299253,5,0.293276,0.72,0.24,0.27,2.602,207,1.15,0.23,1
,19299502,1,0.635779,0.37,0.12,0.14,1.637,56,-0.3,-1.06,2
,19304486,5,0.583959,0.57,0.2,0.08,1.296,179,3.34,12.05,1
,19308940,1,0.534468,0.53,0.19,0.23,1.134,196,-0.49,-0.83,2
,19318150,5,0.784195,0.49,0.14,0.08,1.008,160,2.18,4.18,1
,19321158,5,0.315725,0.43,0.14,0.17,0.912,161,0.69,0.79,1
,19327028,5,0.301918,0.53,0.19,0.24,1.662,84,0.61,-1.19,1
,19328398,1,0.529948,0.76,0.24,0.25,1.148,209,-0.64,0.44,1
,19333021,1,0.584461,0.73,0.24,0.31,1.026,215,-0.4,-1.11,1
,19335726,5,0.481182,0.39,0.11,0.09,0.95,190,1.91,3.74,1
,19337929,1,0.639158,0.5,0.16,0.12,1.012,57,-0.37,-0.25,1
,19338009,5,0.268501,0.41,0.13,0.15,0.707,149,0.58,0.21,1
,19339041,1,0.613424,0.91,0.29,0.36,2.775,208,-0.67,-0.79,1
,19339109,5,0.351864,0.56,0.19,0.21,0.919,200,0.82,-0.41,1
,19343622,5,0.276455,0.6,0.2,0.22,1.081,134,1.1,0.2,1
,19343889,1,0.60972,0.8,0.25,0.29,1.798,205,-0.67,-0.66,1
,19356745,1,0.549456,0.86,0.27,0.33,1.965,233,-0.42,-0.95,1
,19358765,5,0.313498,0.43,0.15,0.18,2.287,193,0.65,-0.72,1
,19372092,1,0.601372,0.51,0.16,0.16,0.846,193,-0.7,0.11,2
,19373671,1,0.637289,0.33,0.12,0.15,1.918,229,0.2,-0.18,1
,19374553,5,0.205619,0.33,0.12,0.13,1.148,49,0.7,0.61,1
,19375775,5,0.245076,0.46,0.14,0.14,1.184,202,1.23,0.97,1
,19378602,1,0.657496,0.67,0.21,0.22,1.128,229,-0.46,-0.23,1
,19379140,1,0.569683,0.58,0.19,0.22,1.384,153,-0.61,-0.62,1
,19384502,1,0.545439,0.8,0.25,0.28,1.062,204,-0.47,-0.64,1
,19403325,1,0.656846,0.75,0.23,0.29,1.043,236,-0.42,-0.74,1
,19408994,1,0.649755,0.82,0.38,0.33,1.512,217,3.16,18.59,1
,19409771,1,0.570838,0.71,0.23,0.26,2.066,217,-0.61,-0.45,2
,19411836,1,0.518648,0.78,0.26,0.28,1.782,150,-0.4,-0.83,1
,19415071,1,0.821238,0.31,0.1,0.13,1.541,222,0.23,-0.48,2
,19416283,0,-9.9,0.33,0.1,0.11,0.645,204,0.41,0.22,1
,19417429,5,0.408249,0.38,0.13,0.17,1.326,209,0.22,-1.25,1
,19418755,1,0.698048,0.71,0.23,0.25,0.955,206,0.31,-0.28,1
,19420546,1,0.556641,0.82,0.26,0.33,1.373,228,-0.06,-1.11,1
,19421081,5,0.272746,0.45,0.14,0.14,2.179,89,0.85,-0.43,1
,19424886,5,0.262419,0.41,0.13,0.13,2.037,107,1.16,0.38,1
,19427328,1,0.577116,0.99,0.31,0.29,2.671,155,-0.85,-0.39,1
,19431073,1,0.528105,0.93,0.31,0.35,1.573,215,-0.69,-0.61,1
,19432871,5,0.382286,0.52,0.17,0.2,1.305,199,0.62,-0.83,1
,19434679,5,0.292894,0.45,0.15,0.2,0.869,137,0.38,-1.16,1
,19435924,1,0.610986,0.88,0.28,0.31,1.793,160,-0.27,-0.45,1
,19443517,5,0.244768,0.74,0.24,0.26,0.708,254,0.96,0.59,1
,19448961,2,0.335897,0.48,0.15,0.19,0.855,251,-0.17,-0.73,1
,19454934,4,3.40246,0.33,0.19,0.15,1.871,248,3.54,13.98,1
,19457238,1,0.61464,0.49,0.15,0.19,1.506,216,-0.28,-1.04,1
,19457818,5,0.265556,0.83,0.25,0.25,0.731,220,0.9,0.38,1
,19459131,1,0.622332,0.52,0.16,0.18,0.847,215,-0.05,-0.27,2
,19466437,1,0.542634,0.88,0.29,0.34,2.273,208,-0.86,-0.2,1
,19470278,5,0.410062,0.39,0.12,0.13,0.996,205,0.95,0.35,1
,19472283,1,0.695936,0.65,0.23,0.32,1.241,194,0.1,-1.32,1
,19481276,1,0.534596,0.85,0.27,0.32,1.71,205,-0.91,-0.37,1
,19484227,5,0.292991,0.55,0.18,0.22,0.929,207,0.53,-0.88,1
,19488878,2,0.289057,0.49,0.17,0.22,1.297,225,-0.25,-1.33,1
,19489228,5,0.827324,0.59,0.18,0.15,1.515,219,1.7,2.08,2
,19492872,5,0.273221,0.45,0.15,0.2,0.616,201,0.29,-0.85,1
,19494565,1,0.544114,0.82,0.25,0.26,1.308,225,-0.29,-0.62,1
,19498410,2,0.331667,0.34,0.13,0.19,1.28,92,-0.37,-1.38,1
,19501109,4,1.318398,0.34,0.1,0.1,1.664,222,1.64,1.78,2
,19501642,1,0.606726,0.44,0.14,0.18,2.267,156,0.11,-1.13,1
,19502772,2,0.316294,0.38,0.14,0.18,1.703,237,-0.13,-1.33,1
,19505504,1,0.679343,0.7,0.22,0.27,1.876,216,-0.5,-1.02,1
,19508548,1,0.704538,0.72,0.24,0.31,1.761,231,0.0,-1.1,1
,19509527,5,0.323924,0.57,0.19,0.23,0.599,213,0.75,0.14,1
,19516236,5,0.283011,0.68,0.24,0.31,0.931,175,0.69,-0.56,1
,19517555,1,0.66883,0.49,0.16,0.19,0.867,204,-0.42,-0.85,1
,19517626,1,0.609687,0.75,0.25,0.31,2.738,194,-0.71,-0.6,1
,19521959,1,0.645873,0.73,0.22,0.19,1.281,219,-0.59,-0.22,1
,19523436,2,0.320402,0.56,0.18,0.21,0.503,255,0.33,-0.51,1
,19532942,1,0.618861,0.73,0.23,0.27,1.965,119,-0.75,-0.6,1
,19533186,2,0.356978,0.46,0.14,0.16,1.0,221,-0.4,-0.14,1
,19538489,5,0.316583,0.48,0.15,0.17,0.739,77,0.45,-0.51,2
,19539918,5,0.313718,0.57,0.18,0.2,2.332,214,1.11,0.11,1
,19542794,6,0.076994,0.56,0.17,0.17,1.235,150,-0.96,-0.1,1
,19548146,1,0.643199,0.43,0.14,0.2,1.257,228,-0.14,-1.17,1
,19548895,5,0.234652,0.74,0.23,0.22,0.766,220,0.94,-0.06,1
,19554207,2,0.309237,0.34,0.12,0.16,1.048,211,0.19,-1.29,1
,19554565,5,0.314985,0.48,0.15,0.18,1.639,203,0.9,-0.24,1
,19558250,1,0.582076,0.67,0.21,0.23,1.266,231,-0.33,-0.8,1
,19560271,5,0.424638,0.31,0.11,0.14,1.465,230,0.35,-1.18,1
,19561948,5,0.363851,0.73,0.25,0.28,1.31,204,0.78,-0.7,1
,19563445,5,0.314773,0.54,0.18,0.23,1.732,230,0.73,-0.62,1
,19566624,1,0.667754,0.59,0.19,0.24,2.057,140,-0.23,-1.03,1
,19567025,1,0.522312,0.98,0.32,0.35,1.431,198,-0.77,-0.5,1
,19567682,2,0.303706,0.53,0.18,0.23,0.826,194,-0.09,-1.12,1
,19574789,5,0.207246,0.72,0.23,0.23,0.902,197,0.65,-0.02,1
,19579074,1,0.454615,1.01,0.32,0.34,1.373,183,-0.92,-0.3,1
,19580796,5,0.338702,0.47,0.15,0.18,0.609,187,0.64,-0.58,1
,19581696,5,0.430119,0.4,0.13,0.17,1.421,192,0.48,-1.12,2
,19588941,5,0.539502,0.83,0.26,0.22,0.589,159,1.42,1.43,1
,19592440,1,0.449426,0.92,0.32,0.36,2.05,141,-0.93,-0.58,1
,19593570,1,0.583446,0.8,0.26,0.35,2.305,198,-0.16,-1.25,1
,19597618,1,0.54533,0.83,0.27,0.33,1.334,183,-0.53,-0.71,1
,19598169,1,0.613718,0.43,0.14,0.16,2.202,181,-0.63,-0.82,2
,19602027,0,-9.9,0.47,0.18,0.12,1.631,111,-1.87,5.81,1
,19604772,0,-9.9,0.72,0.3,0.17,2.759,99,-2.33,8.34,1
,19608041,5,0.369927,0.73,0.22,0.21,2.67,151,0.62,-0.14,2
,19612582,1,0.453802,0.94,0.33,0.43,2.215,213,-0.72,-0.98,2
,19616394,2,0.38615,0.66,0.21,0.26,1.443,148,0.34,-0.6,2
,19616828,0,-9.9,0.92,0.32,0.36,2.055,38,-0.07,-0.12,1
,19618183,1,0.473236,0.97,0.29,0.3,1.218,157,-0.86,0.51,1
,19620582,4,0.839175,0.83,0.24,0.13,0.598,156,1.93,3.54,2
,19621282,5,0.302197,0.44,0.15,0.17,1.401,188,0.64,-0.78,1
,19624049,2,0.286652,0.41,0.15,0.22,2.388,207,-0.26,-1.48,1
,19644291,1,0.450782,0.98,0.32,0.39,2.343,207,-0.62,-0.78,1
,19646284,1,0.577157,0.75,0.24,0.3,2.621,188,-0.37,-0.95,1
,19647392,2,0.284244,0.51,0.16,0.2,1.087,182,-0.26,-0.99,1
,19647800,5,0.687672,0.35,0.11,0.12,2.154,221,1.31,1.83,2
,19648541,5,0.337616,0.55,0.19,0.22,1.441,312,0.64,-0.82,1
,19655048,1,0.565344,0.87,0.28,0.35,1.817,221,-0.73,-0.67,1
,19661478,2,0.380858,0.4,0.14,0.18,0.896,43,-0.19,-1.09,1
,19661763,1,0.618132,0.78,0.25,0.22,1.096,219,-0.72,-0.38,1
,19668062,1,0.502376,0.87,0.28,0.35,1.714,208,-0.62,-0.87,1
,19670874,1,0.483216,0.67,0.22,0.22,1.895,161,-1.09,0.53,1
,19674074,1,0.57578,0.58,0.18,0.18,0.867,145,-0.24,-0.45,1
,19675641,2,0.308374,0.36,0.13,0.18,1.331,148,-0.09,-1.46,1
,19676971,5,0.297916,0.4,0.13,0.16,0.659,202,0.49,-0.64,1
,19683023,1,0.511957,0.96,0.32,0.4,1.928,218,-0.55,-0.95,1
,19686866,5,0.300141,0.35,0.12,0.14,0.487,207,0.22,-0.62,1
,19692246,5,0.259545,0.73,0.28,0.26,0.876,186,2.05,7.14,1
,19693410,1,0.49286,0.92,0.3,0.26,3.222,168,-1.38,0.59,1
,19694460,5,0.361268,0.37,0.12,0.14,2.293,215,0.35,-0.96,1
,19695942,1,0.62734,0.47,0.15,0.17,1.102,176,-0.59,-0.4,1
,19696455,1,0.478263,0.56,0.17,0.19,1.056,214,-0.57,-0.66,1
,19699379,1,0.602918,0.45,0.31,0.17,2.08,204,6.86,65.4,1
,19702093,5,0.329652,0.33,0.11,0.13,0.613,201,0.58,-0.37,1
,19706694,1,0.563796,0.52,0.16,0.19,2.616,133,-0.28,-0.7,1
,19707725,1,0.556044,0.5,0.16,0.19,0.833,207,-0.22,-0.42,1
,19708313,5,0.301274,0.47,0.16,0.19,1.082,159,0.52,-0.7,1
,19713684,5,0.575352,0.53,0.15,0.12,0.637,187,1.54,2.01,1
,19715445,5,0.375973,0.42,0.14,0.17,0.871,210,0.39,-1.02,1
,19718604,5,0.249652,0.63,0.29,0.23,1.394,110,3.24,17.29,2
,19722083,1,0.713884,0.47,0.15,0.17,2.257,123,-0.73,-0.35,1
,19723543,1,0.613233,0.31,0.1,0.13,1.907,162,-0.11,-1.04,1
,19725677,1,0.802249,0.36,0.12,0.17,1.453,190,0.02,-1.34,2
,19726478,1,0.572914,0.66,0.2,0.2,0.982,149,-0.61,-0.11,1
,19735280,5,0.306449,0.59,0.2,0.2,1.356,154,0.89,2.4,1
,19735557,1,0.470679,0.98,0.31,0.34,1.382,190,-0.77,-0.19,1
,19737210,5,0.330906,0.57,0.19,0.23,1.621,180,1.05,0.08,1
,19740740,1,0.522155,0.86,0.28,0.35,1.77,205,-0.54,-0.94,1
,19744819,1,0.654006,0.53,0.18,0.23,1.359,203,0.09,-1.29,1
,19746663,2,0.331923,0.37,0.13,0.17,1.121,134,0.02,-1.32,1
,19752017,1,0.589536,0.51,0.17,0.22,2.29,128,-0.08,-1.09,1
,19752221,5,0.388004,0.42,0.14,0.17,1.286,209,0.31,-1.14,1
,19757037,1,0.569507,0.72,0.23,0.28,1.473,230,-0.29,-0.98,1
,19758292,1,0.549381,0.78,0.25,0.31,0.928,226,-0.39,-0.94,1
,19760791,2,0.293276,0.45,0.16,0.22,1.309,226,-0.1,-1.46,1
,19761849,1,0.578463,0.61,0.18,0.19,2.252,87,-1.04,0.14,1
,19763802,1,0.629945,0.34,0.11,0.13,2.074,169,0.36,-0.26,1
,19764252,5,0.514895,0.39,0.12,0.12,0.928,236,1.46,1.72,2
,19765790,1,0.491818,0.84,0.27,0.31,1.477,246,-0.54,-0.57,1
,19766156,1,0.589282,0.65,0.2,0.23,0.711,93,-0.6,-0.32,1
,19769167,5,0.37054,0.48,0.16,0.23,1.546,198,0.12,-1.28,1
,19771172,5,0.271251,0.46,0.15,0.18,1.013,207,0.48,-0.61,1
,19772953,1,0.587756,0.74,0.25,0.29,1.058,240,-0.02,-0.46,1
,19773423,1,0.476244,0.92,0.31,0.4,1.752,240,-0.48,-0.89,1
,19775800,2,0.310858,0.49,0.17,0.22,1.153,292,0.26,0.02,1
,19780691,1,0.637458,0.89,0.27,0.3,1.119,238,-0.07,0.69,1
,19785418,1,0.649155,0.76,0.24,0.28,0.911,196,-0.42,-0.79,1
,19785439,5,0.291673,0.5,0.18,0.23,1.188,248,0.68,-0.63,1
,19786391,1,0.569165,0.7,0.23,0.28,1.447,205,-0.37,-0.93,1
,19788178,1,0.515875,0.89,0.3,0.38,2.634,225,-0.66,-0.97,1
,19789192,5,0.336808,0.39,0.12,0.14,0.847,206,0.41,-0.63,1
,19792797,1,0.588517,0.63,0.2,0.2,2.165,200,-0.57,0.03,1
,19798914,1,0.560438,0.81,0.23,0.23,1.829,214,-1.08,0.93,1
,19798973,5,0.276873,0.3,0.1,0.11,0.763,163,0.58,-0.22,1
,19806944,1,0.513794,0.85,0.27,0.3,1.92,198,-0.85,-0.23,2
,19809329,1,0.608669,0.88,0.31,0.4,2.057,156,-0.3,-1.24,1
,19809695,1,0.627183,0.53,0.17,0.18,0.514,188,0.15,-0.4,2
,19811879,2,0.30785,0.44,0.15,0.2,1.23,145,0.17,-1.15,1
,19813857,2,0.4191,0.38,0.12,0.15,1.24,207,0.02,-1.05,1
,19816005,1,0.511184,0.92,0.3,0.34,1.563,148,-0.58,-0.34,1
,19817821,1,0.505527,0.96,0.29,0.31,1.785,131,-0.94,-0.04,1
,19819181,5,0.259728,0.31,0.11,0.13,1.205,181,0.39,-0.44,1
,19820688,5,0.288512,0.69,0.23,0.27,0.935,218,0.7,-0.65,1
,19824711,5,0.277679,0.65,0.21,0.27,1.02,208,0.57,-0.65,1
,19828063,5,0.267905,0.63,0.22,0.28,2.295,216,0.66,-0.95,1
,19829206,5,0.250972,0.48,0.16,0.19,0.899,163,0.82,-0.29,1
,19833598,1,0.527439,0.74,0.23,0.26,1.778,210,-0.98,0.2,1
,19835781,5,0.264347,0.58,0.19,0.23,0.523,181,0.9,0.07,1
,19838287,1,0.568396,0.64,0.21,0.26,2.071,246,-0.33,-1.02,1
,19838419,5,0.388742,0.33,0.1,0.08,1.564,76,1.23,1.02,2
,19838842,5,0.273108,0.52,0.19,0.25,1.406,231,0.07,-1.33,1
,19839257,2,0.262669,0.34,0.12,0.16,1.937,208,-0.05,-1.32,1
,19843802,0,-9.9,0.56,0.17,0.18,0.667,58,0.18,-0.65,1
,19845547,1,0.692348,0.44,0.15,0.19,0.96,217,0.07,-0.89,1
,19852177,1,0.577643,0.6,0.19,0.24,1.608,190,-0.15,-1.21,1
,19853051,2,0.427771,0.32,0.11,0.14,1.883,209,0.07,-1.29,1
,19854346,1,0.495635,0.97,0.31,0.38,1.809,199,-0.74,-0.65,1
,19854996,5,0.312212,0.72,0.24,0.31,0.733,172,0.64,-0.67,1
,19858292,1,0.521524,0.82,0.27,0.27,1.127,211,-0.69,0.79,1
,19858403,5,0.384766,0.55,0.19,0.25,2.145,219,0.65,-0.94,1
,19868360,0,0.608399,0.52,0.16,0.16,0.643,207,0.35,-0.45,1
,19869117,5,0.261824,0.37,0.13,0.17,1.829,30,0.37,-1.22,3
,19869921,5,0.534401,0.83,0.24,0.18,1.091,205,1.82,2.25,2
,19871213,0,-9.9,0.43,0.13,0.13,0.493,160,0.41,0.17,1
,19876677,1,0.572275,0.67,0.22,0.26,2.456,216,-0.9,-0.34,1
,19880853,5,0.379139,0.43,0.13,0.15,0.878,197,0.48,-0.34,1
,19882206,1,0.498109,0.93,0.31,0.31,2.593,143,-0.92,-0.33,1
,19884349,5,0.301466,0.65,0.21,0.24,0.911,216,0.84,-0.43,1
,19886966,1,0.502292,0.88,0.27,0.31,1.308,207,-0.69,-0.45,1
,19889749,5,0.318923,0.41,0.13,0.16,2.285,220,0.34,-0.81,1
,19894436,1,0.537431,0.83,0.28,0.34,2.084,214,-0.55,-0.73,1
,19897730,5,0.26416,0.75,0.25,0.29,0.993,228,0.88,-0.21,1
,19898260,5,0.395189,0.39,0.12,0.12,0.882,234,1.26,0.48,1
,19901121,5,0.22488,0.62,0.21,0.22,0.848,185,0.68,0.19,1
,19902731,2,0.306249,0.49,0.17,0.22,0.732,164,0.36,-0.78,1
,19903618,5,0.238223,0.95,0.32,0.33,0.861,190,0.75,0.21,1
,19903776,5,0.314706,0.46,0.16,0.19,1.39,100,0.36,-0.39,2
,19904187,1,0.536865,0.97,0.31,0.25,0.955,54,-0.31,0.37,3
,19906963,5,0.272248,0.76,0.28,0.31,1.209,177,1.22,2.3,1
,19914694,5,0.242987,0.72,0.23,0.24,0.6,169,0.76,-0.31,1
,19914799,5,0.240286,0.56,0.18,0.18,0.744,169,1.18,0.58,1
,19917165,2,0.373343,0.43,0.15,0.19,1.303,176,0.35,-0.92,1
,19922563,5,0.285209,0.43,0.14,0.17,1.888,132,0.52,-0.94,1
,19925031,2,0.36173,0.47,0.15,0.17,0.679,189,0.23,-0.16,2
,19925386,4,0.310116,0.38,0.12,0.12,0.887,182,1.44,1.34,2
,19925986,1,0.632025,0.78,0.25,0.27,0.891,200,-0.62,0.1,1
,19926449,5,0.357769,0.33,0.11,0.15,1.427,200,0.16,-1.25,1
,19926704,0,-9.9,0.45,0.14,0.15,1.452,129,0.25,-0.05,1
,19926728,0,0.24637,1.49,0.44,0.44,1.32,136,0.33,-0.08,1
,19926732,0,0.24637,1.52,0.44,0.43,1.682,141,0.29,-0.11,1
,19926880,0,0.246371,0.44,0.13,0.14,1.107,141,-0.02,-0.47,1
,19927005,0,0.246371,0.92,0.27,0.26,1.233,141,0.37,0.08,1
,19927078,0,0.24637,0.58,0.18,0.19,1.313,141,0.19,-0.16,1
,19927168,0,0.24637,0.35,0.1,0.11,0.638,141,0.1,0.25,1
,19927422,0,0.24637,0.47,0.15,0.16,0.759,141,0.16,0.12,1
,19927459,0,-9.9,0.4,0.13,0.16,0.956,76,0.24,-0.34,1
,19927647,0,0.246369,0.66,0.2,0.22,0.762,140,0.1,-0.46,1
,19928075,0,-9.9,0.36,0.1,0.11,0.701,141,0.12,-0.28,1
,19928386,0,0.246371,0.65,0.2,0.2,2.288,135,0.19,-0.08,1
,19928400,0,0.24637,1.13,0.34,0.34,1.778,140,0.23,-0.33,1
,19928480,0,0.24637,0.71,0.21,0.2,1.027,141,0.15,0.06,1
,19928581,0,0.246372,0.81,0.26,0.28,1.115,140,0.29,-0.01,1
,19928731,0,0.246369,0.91,0.28,0.3,0.972,140,0.23,-0.45,1
,19928765,0,0.246372,1.6,0.48,0.5,2.295,141,0.31,-0.12,1
,19928791,0,0.24637,0.44,0.13,0.15,0.544,141,0.01,-0.39,1
,19928910,0,-9.9,0.44,0.13,0.14,0.826,141,0.28,-0.09,1
,19929308,0,0.246372,0.76,0.23,0.27,0.613,141,-0.02,-0.4,1
,19929460,0,0.246372,0.46,0.15,0.16,0.573,141,-0.02,-0.03,1
,19929520,0,-9.9,0.55,0.16,0.16,0.665,122,0.56,0.23,1
,19936527,5,0.278951,0.67,0.22,0.26,1.155,185,0.81,0.04,1
,19951003,5,0.444539,0.43,0.13,0.14,0.734,197,1.01,0.16,1
,19959995,1,0.559937,0.69,0.22,0.27,1.483,175,-0.46,-0.75,1
,19960463,2,0.34098,0.39,0.13,0.17,0.704,165,-0.14,-1.0,1
,19963071,0,0.473288,0.7,0.21,0.24,0.848,202,-0.51,0.63,1
,19968688,0,0.498608,0.8,0.25,0.23,1.286,146,-0.05,-0.2,3
,19970319,7,124.859512,1.23,0.45,0.59,2.318,202,0.36,-1.18,1
,19972061,5,0.396443,0.62,0.2,0.19,0.71,206,0.9,-0.15,1
,19974129,5,0.276299,0.4,0.13,0.15,1.764,171,0.2,-0.92,1
,19976574,1,0.618797,0.76,0.23,0.24,1.828,121,-1.04,0.12,1
,19983335,1,1.191479,0.4,0.13,0.13,1.437,196,-0.54,-0.41,2
,19984166,1,0.580585,0.8,0.27,0.32,1.249,227,-0.29,-0.57,1
,19987907,0,-9.9,0.32,0.1,0.12,1.376,216,0.04,-0.73,1
,19990261,5,0.507087,0.36,0.12,0.16,1.602,221,0.47,-1.12,2
,19995986,5,0.270001,0.52,0.19,0.23,1.664,46,0.84,-0.81,2
,20011179,2,0.382984,0.48,0.17,0.23,1.659,204,-0.31,-1.13,1
,20015654,4,1.034057,0.61,0.18,0.16,2.118,208,1.96,2.78,1
,20015900,4,0.668597,0.81,0.25,0.14,0.691,134,1.8,2.8,2
,20020556,4,2.277194,0.39,0.12,0.07,0.978,206,2.67,7.97,3
,20021075,5,0.395706,0.34,0.11,0.13,1.605,173,0.84,-0.36,1
,20032847,5,0.343578,0.48,0.17,0.21,0.665,203,0.58,-0.62,1
,20035511,1,0.596408,0.8,0.26,0.33,2.171,214,-0.58,-0.83,1
,20037383,1,0.489178,0.84,0.28,0.37,2.366,226,-0.43,-0.98,1
,20048769,1,0.702972,0.69,0.22,0.19,0.605,201,0.7,1.44,1
,20049373,1,0.677776,0.61,0.19,0.22,1.133,193,-0.25,-0.6,1
,20051838,1,0.622561,0.6,0.2,0.25,2.199,194,-0.73,-0.6,1
,20052828,5,0.389907,0.3,0.1,0.12,1.551,82,0.29,-1.11,1
,20055247,1,0.58696,0.73,0.25,0.27,0.843,211,0.12,-0.61,2
,20056718,1,0.484117,1.0,0.34,0.44,1.738,209,-0.42,-1.14,1
,20058128,5,0.365897,0.71,0.25,0.3,1.279,210,0.84,-0.68,1
,20059986,5,0.313819,0.4,0.14,0.18,0.908,180,0.51,-0.86,1
,20060385,1,0.475672,0.68,0.23,0.31,1.838,204,-0.76,-0.74,1
,20061356,1,0.605416,0.51,0.16,0.21,1.776,190,-0.11,-1.13,1
,20063211,1,0.632413,0.73,0.23,0.27,0.851,206,-0.09,-0.98,1
,20063826,5,0.332224,0.42,0.14,0.17,0.543,187,0.37,-0.42,1
,20064465,2,0.271114,0.41,0.15,0.22,1.964,182,0.29,-1.47,1
,20067913,1,0.55203,0.55,0.18,0.23,1.967,117,-0.5,-0.94,1
,20070149,5,0.455738,0.44,0.14,0.16,0.593,221,0.71,0.08,1
,20070887,5,0.355882,0.63,0.21,0.28,1.302,256,0.68,-0.85,1
,20071721,5,0.27184,0.73,0.27,0.24,0.641,194,2.12,9.82,2
,20071890,2,0.33858,0.4,0.14,0.2,0.764,220,-0.17,-1.26,1
,20072583,5,0.475898,0.42,0.17,0.16,0.618,210,3.62,31.3,2
,20072948,1,0.678503,0.56,0.22,0.21,1.905,257,2.89,26.51,1
,20074218,5,0.327605,0.36,0.12,0.16,1.155,257,0.31,-1.14,1
,20075676,5,0.317774,0.35,0.11,0.13,1.318,202,0.57,-0.75,1
,20075891,2,0.284098,0.53,0.18,0.2,0.789,213,0.89,3.82,2
,20079092,5,0.271115,0.62,0.21,0.27,1.11,256,0.67,-0.89,1
,20083833,5,0.281987,0.65,0.22,0.28,2.48,221,0.85,-0.58,1
,20084674,1,0.653107,0.63,0.2,0.24,0.759,204,-0.08,-0.77,1
,20086750,1,0.546633,0.66,0.21,0.24,2.631,149,-0.69,-0.57,1
,20092061,1,0.638873,0.34,0.11,0.13,1.363,193,0.08,-1.1,1
,20095615,1,0.727436,0.67,0.21,0.24,0.683,57,-0.18,-0.95,3
,20097614,5,0.248813,0.47,0.16,0.2,1.819,143,0.59,-0.85,1
,20098606,1,0.544986,0.89,0.32,0.43,2.716,205,-0.37,-1.36,1
,20099981,2,0.387056,0.38,0.12,0.16,0.604,213,-0.14,-1.13,1
,20105424,2,0.298539,0.57,0.19,0.23,0.662,215,0.14,-0.98,1
,20107944,1,0.598479,0.63,0.19,0.21,0.987,215,0.14,-0.76,2
,20111088,5,0.350799,0.38,0.13,0.19,2.056,197,0.3,-1.4,1
,20121650,5,0.353509,0.68,0.22,0.24,1.855,193,0.89,-0.37,1
,20128903,1,0.607324,0.85,0.26,0.28,1.258,207,-0.28,-0.49,1
,20129375,5,0.240556,0.43,0.14,0.17,1.29,197,0.44,-0.78,1
,20132306,1,0.453971,1.04,0.34,0.38,1.998,196,-0.76,-0.67,1
,20134127,5,0.350746,0.41,0.14,0.17,1.852,213,0.59,-1.03,1
,20135865,1,0.593205,0.7,0.34,0.21,0.867,61,2.93,13.02,3
,20142615,1,0.544894,0.79,0.24,0.26,0.86,175,-0.28,-0.47,3
,20148918,1,0.53909,0.53,0.18,0.19,2.538,176,-0.99,0.42,1
,20151328,1,0.675994,0.77,0.24,0.28,1.922,216,-0.85,-0.47,1
,20153535,1,0.640172,0.88,0.3,0.4,2.674,129,-0.44,-1.27,1
,20158313,1,0.527828,0.86,0.28,0.36,2.297,171,-0.42,-1.12,1
,20161009,1,0.638389,0.65,0.22,0.29,1.062,206,-0.24,-1.23,1
,20163800,5,0.328566,0.46,0.15,0.18,0.791,210,0.65,-0.48,1
,20169929,1,0.621031,0.69,0.21,0.21,1.451,81,-0.71,-0.53,2
,20171137,1,0.629167,0.75,0.25,0.31,2.142,207,-0.58,-0.98,1
,20172691,0,-9.9,0.39,0.13,0.18,1.687,213,-0.5,-1.1,1
,20174974,1,0.584701,0.77,0.25,0.3,1.917,219,-0.33,-0.77,1
,20187027,1,0.714397,0.58,0.19,0.27,2.595,163,-0.49,-1.09,1
,20192723,5,0.292435,0.88,0.29,0.32,1.156,195,0.89,0.79,2
,20194811,5,0.306326,0.78,0.25,0.28,0.961,195,0.98,0.0,1
,20204575,5,0.333678,0.26,0.17,0.12,1.786,86,4.01,20.94,2
,20208482,1,0.668937,0.33,0.11,0.15,1.618,174,0.2,-1.2,1
,20212390,5,0.286786,0.65,0.22,0.27,0.942,177,0.53,-0.86,1
,20213977,1,0.563723,0.64,0.19,0.2,1.795,149,-0.82,-0.06,1
,20215725,2,0.31432,0.43,0.15,0.2,1.37,149,-0.26,-1.35,1
,20221780,1,0.578984,0.61,0.2,0.25,1.911,150,-0.89,-0.59,1
,20227792,1,0.480122,0.89,0.28,0.32,2.633,155,-0.63,-0.38,1
,20235961,5,0.230281,0.72,0.24,0.27,1.193,192,0.84,-0.4,1
,20236169,5,0.23765,0.54,0.17,0.21,1.6,178,0.69,-0.58,1
,20239309,5,0.515507,0.49,0.16,0.12,0.586,133,1.55,3.24,1
,20241611,1,0.712418,0.38,0.13,0.17,1.244,200,-0.21,-1.24,1
,20245607,5,0.295629,0.35,0.11,0.13,0.499,199,0.27,-0.56,1
,20251358,2,0.34259,0.43,0.14,0.15,1.523,129,1.14,3.32,1
,20254567,5,0.372183,0.33,0.12,0.13,0.769,206,0.9,0.6,1
,20256416,1,0.472885,0.91,0.3,0.34,1.799,150,-0.73,-0.75,1
,20258978,4,0.804545,0.45,0.13,0.08,0.705,191,1.95,4.2,2
,20259428,5,0.375559,0.68,0.21,0.23,1.639,173,1.0,0.2,1
,20269515,1,0.511352,0.7,0.24,0.3,2.163,188,-0.56,-1.07,1
,20270045,0,-9.9,0.46,0.17,0.21,1.017,44,0.13,-1.29,1
,20270338,1,0.543355,0.95,0.3,0.28,1.381,181,-0.43,0.01,1
,20271572,1,0.536802,0.68,0.23,0.29,1.463,181,-0.4,-1.06,1
,20278860,1,0.528139,0.73,0.23,0.28,2.333,235,-0.88,-0.28,1
,20279879,1,0.468456,0.85,0.27,0.28,2.071,212,-1.08,0.46,1
,20280523,1,0.597337,0.52,0.16,0.2,0.583,86,-0.3,-0.71,2
,20280597,5,0.345513,0.29,0.11,0.11,0.562,231,2.57,17.92,1
,20281293,1,0.531431,0.86,0.29,0.37,1.647,165,-0.55,-0.89,1
,20288319,5,0.269909,0.63,0.19,0.23,0.86,229,0.6,-0.5,1
,20293625,1,0.566627,0.72,0.23,0.25,0.789,210,0.13,0.17,1
,20293646,5,0.298117,0.39,0.14,0.2,0.976,46,-0.33,-1.3,1
,20302023,1,0.514301,0.89,0.3,0.31,1.316,216,-0.03,0.9,1
,20303195,2,0.418195,0.42,0.14,0.17,0.98,162,0.11,-0.9,1
,20303778,1,0.620701,0.54,0.17,0.19,0.528,218,-0.22,-0.59,2
,20307322,1,0.515751,0.37,0.13,0.16,0.955,216,-0.04,-1.3,1
,20313038,2,0.336473,0.42,0.19,0.18,1.311,174,1.96,7.33,1
,20316230,5,0.305705,0.57,0.2,0.26,2.253,218,0.5,-1.22,1
,20323540,2,0.255387,0.41,0.15,0.21,1.771,156,0.31,-0.87,1
,20325437,2,0.298894,0.59,0.19,0.21,0.61,212,0.55,0.29,1
,20326720,1,0.499492,0.89,0.3,0.38,1.82,249,-0.64,-0.56,1
,20330824,1,0.506137,0.71,0.25,0.34,2.957,199,-0.52,-0.88,1
,20332286,1,0.507951,0.94,0.3,0.32,1.244,243,-0.65,-0.5,1
,20334947,5,0.278594,0.59,0.2,0.25,1.112,210,0.39,-1.16,1
,20335838,1,0.51341,0.86,0.26,0.28,1.411,195,-0.57,-0.5,1
,20344977,1,0.576874,0.66,0.2,0.25,1.891,223,-0.27,-0.85,1
,20351339,5,0.333202,0.47,0.15,0.18,0.607,220,0.18,-0.64,1
,20352515,5,0.35005,0.43,0.14,0.14,1.098,209,1.16,0.73,1
,20354383,5,0.417476,0.36,0.12,0.15,2.188,194,0.43,-1.1,1
,20357790,5,1.02919,0.35,0.12,0.12,1.889,191,1.24,1.62,2
,20358825,2,0.352228,0.36,0.12,0.17,1.213,208,-0.06,-1.28,1
,20363182,5,0.36908,0.41,0.13,0.13,0.507,217,0.95,0.62,1
,20364739,1,0.622663,0.52,0.16,0.14,0.573,37,-0.14,-0.76,3
,20370614,2,0.292815,0.54,0.18,0.23,0.672,222,-0.1,-1.02,2
,20371308,5,0.306971,0.53,0.23,0.22,1.673,210,2.39,8.39,1
,20372537,5,0.288766,0.66,0.22,0.22,1.583,206,1.07,0.1,1
,20374810,1,0.4943,1.01,0.33,0.4,1.947,215,-0.63,-0.85,1
,20376644,2,0.284639,0.31,0.11,0.15,1.933,209,0.1,-1.38,1
,20387404,1,0.52813,0.88,0.29,0.34,2.715,212,-0.65,-0.87,1
,20392003,5,0.39148,0.47,0.17,0.24,2.046,182,0.31,-1.41,1
,20398210,5,0.33543,0.46,0.15,0.19,0.854,188,0.46,-0.44,1
,20398973,2,0.321608,0.44,0.14,0.17,0.552,199,0.07,-0.9,1
,20405655,1,0.612457,0.44,0.14,0.16,1.204,115,-0.51,-0.52,1
,20408558,7,1489.581909,0.41,0.13,0.17,1.49,182,0.23,-1.04,2
,20409258,0,-9.9,0.61,0.18,0.17,2.494,175,0.49,1.0,1
,20409590,1,0.570877,0.55,0.17,0.2,2.141,197,-0.2,-0.88,1
,20412789,1,0.728135,0.43,0.14,0.16,1.783,128,-0.29,-1.02,1
,20415174,1,0.512419,0.84,0.25,0.25,2.777,172,-1.25,0.91,1
,20418139,5,0.295114,0.47,0.16,0.18,2.053,40,0.38,-0.67,3
,20419733,1,0.524202,0.36,0.12,0.12,0.909,153,0.89,4.01,3
,20419897,0,-9.9,0.43,0.16,0.13,0.509,159,0.59,5.31,1
,20424888,1,0.620888,0.51,0.16,0.18,0.686,164,0.23,0.43,2
,20427289,5,0.31915,0.71,0.23,0.25,1.851,225,1.04,0.19,1
,20430194,5,0.411615,0.46,0.15,0.18,2.07,198,0.06,-1.11,1
,20431810,1,0.527152,0.8,0.24,0.22,1.089,173,-0.86,-0.07,1
,20433635,5,0.236559,0.74,0.24,0.24,1.084,180,1.03,0.06,1
,20438561,5,0.365999,0.47,0.15,0.18,1.318,195,0.65,-0.54,1
,20441941,1,0.688836,0.53,0.17,0.2,1.873,187,-0.37,-0.94,2
,20443810,0,-9.9,0.36,0.12,0.14,2.065,198,-0.02,-0.32,1
,20443973,4,0.297089,0.58,0.17,0.16,0.919,194,1.51,2.05,2
,20453036,1,0.62765,0.88,0.3,0.37,1.798,209,-0.26,-0.91,1
,20454504,5,0.254254,0.67,0.22,0.24,0.935,170,0.93,-0.1,1
,20457074,2,0.296932,0.47,0.14,0.16,0.802,160,-0.28,-0.58,1
,20457217,5,0.375679,0.38,0.14,0.16,1.116,196,1.07,0.66,1
,20458871,2,0.3062,0.33,0.12,0.16,1.129,199,-0.1,-1.2,1
,20458913,5,0.294308,0.51,0.17,0.2,2.178,179,0.75,-0.72,1
,20459543,5,1.199381,0.4,0.12,0.07,1.751,168,2.27,4.98,1
,20467073,5,0.28283,0.31,0.11,0.14,1.883,177,0.1,-0.99,1
,20468321,5,0.262958,0.52,0.17,0.21,1.15,172,0.71,-0.43,1
,20470136,1,0.655406,0.57,0.18,0.2,0.992,172,-0.07,-0.65,1
,20483117,5,0.378036,0.59,0.18,0.18,2.388,165,1.11,0.66,2
,20488338,1,0.589555,0.91,0.26,0.29,1.095,196,-0.51,-0.46,1
,20498619,1,0.589159,0.59,0.19,0.19,1.009,70,-0.44,-0.26,2
,20498622,1,0.575935,0.72,0.25,0.33,2.391,193,-0.22,-1.22,1
,20507511,1,0.513866,0.85,0.27,0.32,1.574,216,-0.5,-0.74,1
,20513210,1,0.469543,1.15,0.4,0.51,1.448,217,-0.21,-1.18,1
,20513220,2,0.361271,0.53,0.2,0.27,1.445,221,-0.01,-0.71,1
,20519096,5,0.385732,0.37,0.12,0.15,2.187,207,0.32,-0.85,1
,20522386,1,0.620793,0.84,0.26,0.29,0.805,96,-0.26,-0.5,2
,20526648,1,0.708373,0.54,0.18,0.24,2.369,201,-0.53,-1.09,1
,20531095,5,0.338621,0.8,0.26,0.33,1.926,184,0.69,-0.75,1
,20533504,5,0.394592,0.41,0.13,0.14,0.689,194,0.86,-0.11,1
,20536396,2,0.333127,0.48,0.17,0.19,0.623,218,0.84,2.17,2
,20538459,1,0.601048,0.58,0.19,0.2,0.496,168,0.62,0.15,1
,20539321,1,0.590589,0.46,0.16,0.2,2.062,209,-0.31,-1.02,2
,20543054,1,0.626894,0.91,0.3,0.37,1.365,209,-0.54,-0.69,1
,20543255,5,0.527706,0.64,0.22,0.27,1.594,207,1.26,0.29,1
,20549689,2,0.281132,0.45,0.14,0.15,0.715,260,-0.11,-0.52,2
,20554324,1,0.558066,0.77,0.23,0.25,0.812,253,-0.4,0.0,2
,20555400,5,0.58419,0.67,0.2,0.18,0.489,244,1.39,2.38,1
,20555958,5,0.329153,0.37,0.12,0.16,1.395,230,0.34,-1.2,1
,20557286,5,0.317304,0.37,0.12,0.14,0.526,228,0.55,-0.43,1
,20561543,2,0.271859,0.41,0.14,0.21,1.169,161,0.06,-1.33,1
,20565236,1,0.576147,0.68,0.22,0.25,1.91,255,-0.02,-0.08,1
,20566163,1,0.461869,1.12,0.36,0.41,2.951,206,-0.61,-0.75,1
,20571318,5,0.350473,0.48,0.16,0.22,1.456,216,0.64,-0.89,1
,20572234,5,0.26878,0.58,0.21,0.22,0.541,221,1.22,2.49,1
,20572893,5,0.398804,0.32,0.1,0.1,1.723,164,1.44,4.05,1
,20574050,2,0.389875,0.48,0.15,0.2,0.813,219,-0.37,-0.85,2
,20580050,1,0.461788,0.98,0.3,0.31,2.437,150,-0.99,-0.1,1
,20587530,5,0.328371,0.3,0.1,0.14,1.003,217,0.33,-1.09,1
,20590238,5,0.289368,0.66,0.21,0.25,2.111,202,0.93,-0.37,1
,20597324,5,0.263337,0.65,0.22,0.27,2.382,176,0.81,-0.73,1
,20599003,0,-9.9,0.61,0.19,0.18,0.555,203,0.07,0.76,1
,20601216,1,0.592388,0.7,0.21,0.24,0.704,239,-0.25,-0.67,2
,20607861,4,0.860802,0.49,0.15,0.09,0.696,208,2.56,6.46,1
,20621226,5,0.393542,0.49,0.17,0.22,1.375,190,0.65,-0.87,1
,20623696,5,0.309391,0.48,0.17,0.23,1.324,199,0.52,-1.08,1
,20635926,5,0.346128,0.31,0.1,0.11,1.423,209,0.22,-0.84,1
,20642091,5,0.48166,0.68,0.21,0.16,1.101,70,1.02,0.22,2
,20650960,2,0.399421,0.54,0.19,0.24,1.017,205,0.26,-0.57,1
,20657355,5,0.251072,0.5,0.16,0.21,0.617,204,0.44,-0.59,1
,20658165,5,0.270073,0.53,0.17,0.18,0.707,203,0.95,0.91,1
,20659139,5,0.432502,0.43,0.16,0.22,2.076,160,0.03,-1.56,1
,20665958,2,0.341602,0.34,0.12,0.18,1.872,67,0.14,-1.46,1
,20668112,2,0.310288,0.53,0.22,0.21,2.043,202,2.23,11.84,1
,20671386,1,0.636286,0.47,0.15,0.16,0.772,183,-0.35,-0.64,1
,20680160,5,0.261457,0.57,0.17,0.18,0.774,201,0.27,-0.14,1
,20685115,1,0.523414,0.79,0.27,0.3,1.375,143,-0.81,0.14,1
,20687355,5,0.498036,0.55,0.17,0.14,0.621,117,1.33,0.79,2
,20689235,5,0.372933,0.38,0.16,0.14,0.792,138,3.76,27.94,1
,20692786,2,0.33242,0.38,0.13,0.14,0.803,78,-0.15,0.03,1
,20694840,2,0.390407,0.48,0.2,0.2,0.821,186,2.21,11.54,1
,20695898,5,0.323612,0.46,0.17,0.17,0.499,76,1.53,3.5,2
,20698217,5,0.296401,0.49,0.22,0.2,1.102,138,4.04,29.49,1
,20703194,1,0.498678,0.95,0.3,0.33,1.536,192,-0.44,-0.54,2
,20703651,2,0.298913,0.29,0.1,0.13,1.69,197,0.0,-1.32,1
,20704416,5,0.312765,0.5,0.17,0.21,0.581,163,0.59,-0.4,1
,20706021,5,0.261561,0.51,0.17,0.2,1.143,173,0.82,-0.54,1
,20710390,5,0.277734,0.61,0.21,0.25,1.254,189,0.6,-0.9,1
,20714963,1,0.579306,0.86,0.28,0.37,1.376,213,-0.57,-0.88,1
,20715071,5,0.318119,0.71,0.23,0.27,0.916,206,1.01,0.34,1
,20715920,5,0.242603,0.37,0.25,0.13,1.42,192,5.19,35.33,1
,20715997,5,0.254936,0.27,0.11,0.1,0.814,209,1.66,5.83,1
,20723078,5,0.292961,0.78,0.28,0.4,1.815,97,0.36,-1.38,1
,20723663,0,-9.9,0.56,0.19,0.26,1.186,51,0.23,-1.03,1
,20725611,5,0.272993,0.68,0.22,0.23,0.622,185,0.87,-0.01,1
,20726518,2,0.371678,0.55,0.19,0.25,1.362,175,0.28,-1.25,1
,20729536,4,1.915126,0.27,0.11,0.07,0.821,236,3.24,12.82,2
,20732818,5,0.335574,0.67,0.24,0.3,1.292,227,1.09,1.6,1
,20743570,5,0.346532,0.33,0.1,0.13,1.508,165,0.78,-0.42,1
,20746436,5,0.289464,0.5,0.16,0.2,1.383,227,0.18,-1.14,1
,20754337,5,0.568734,0.31,0.1,0.14,1.713,157,0.23,-1.2,1
,20763122,5,0.255106,0.48,0.16,0.2,1.85,208,0.75,-0.72,1
,20763243,5,0.27799,0.82,0.27,0.3,0.73,229,1.07,0.71,1
,20775644,0,-9.9,0.41,0.13,0.15,1.377,83,0.2,-0.78,1
,20777402,5,0.269645,0.41,0.13,0.17,1.098,201,0.34,-0.92,1
,20777845,5,0.35407,0.36,0.12,0.16,1.792,206,0.47,-0.98,1
,20785317,5,0.371877,0.47,0.15,0.17,0.952,201,0.54,-0.58,1
,20787947,5,0.269661,0.6,0.19,0.24,0.972,141,0.3,-1.01,1
,20794936,2,0.313362,0.45,0.16,0.22,1.257,181,0.1,-1.29,1
,20797457,5,0.237958,0.49,0.16,0.17,0.501,182,0.77,0.13,1
,20799329,1,0.70126,0.58,0.18,0.2,2.393,171,-0.42,-0.96,1
,20801328,5,0.307775,0.33,0.11,0.13,1.288,156,0.43,-0.75,1
,20801695,1,0.601058,0.88,0.28,0.31,2.977,137,-0.75,-0.54,1
,20804126,5,0.249768,0.66,0.21,0.24,0.539,181,0.4,-0.64,1
,20804594,5,0.268356,0.48,0.16,0.17,1.157,67,1.04,0.35,2
,20804843,0,-9.9,1.52,0.5,0.46,2.341,156,-0.66,1.08,1
,20813826,1,0.58505,0.64,0.19,0.19,0.696,172,-0.72,-0.15,1
,20815762,1,0.728298,0.49,0.17,0.21,1.196,188,0.06,0.02,1
,20817977,5,0.317466,0.71,0.23,0.29,2.366,187,0.75,-0.67,1
,20822204,6,0.081006,0.39,0.13,0.15,0.858,185,-0.43,-0.91,1
,20826083,7,301.950592,1.21,0.38,0.42,3.164,168,-0.05,-0.79,1
,20826510,2,0.390969,0.4,0.13,0.15,1.345,178,-0.05,-0.73,3
,20828304,1,0.471867,0.94,0.32,0.39,1.745,174,-0.56,-0.98,1
,20829724,1,0.557586,0.8,0.26,0.31,1.638,191,-0.86,-0.62,1
,20831083,2,0.335766,0.36,0.13,0.16,0.748,195,-0.19,-1.01,1
,20833846,5,0.262818,0.44,0.14,0.18,0.907,191,0.53,-0.61,1
,20837681,5,0.293978,0.39,0.12,0.14,0.655,178,0.19,-0.59,3
,20855130,5,0.359464,0.37,0.13,0.19,1.54,232,0.21,-1.29,1
,20857916,1,0.743408,0.66,0.22,0.23,0.574,233,0.79,0.56,3
,20858337,1,0.445726,1.03,0.37,0.43,2.14,219,0.2,1.49,1
,20858383,1,0.613568,0.84,0.35,0.19,0.892,66,2.64,7.89,2
,20860892,2,0.303628,0.45,0.15,0.17,0.487,180,0.2,-0.56,1
,20861579,5,0.317904,0.37,0.13,0.15,1.445,183,1.04,1.16,1
,20865430,2,0.335173,0.35,0.12,0.17,1.334,38,-0.29,-1.26,1
,20865682,5,0.25002,0.3,0.1,0.12,0.758,220,0.17,-1.12,1
,20866511,5,0.292111,0.36,0.12,0.13,0.612,198,0.4,-0.57,1
,20870476,5,0.24719,0.54,0.26,0.21,0.69,155,3.57,21.97,1
,20871211,1,0.536638,0.86,0.28,0.3,1.171,222,-0.66,-0.37,2
,20875091,5,0.201714,0.36,0.12,0.13,1.0,207,0.51,-0.6,1
,20878762,1,0.637995,0.87,0.28,0.28,1.041,208,0.41,0.87,2
,20880137,5,0.597326,0.28,0.1,0.07,1.179,221,2.8,12.07,3
,20881026,5,0.31686,0.56,0.18,0.22,2.503,170,0.45,-0.99,1
,20882943,5,0.489578,0.36,0.12,0.15,1.242,216,0.4,-0.79,1
,20883721,5,0.366837,0.55,0.2,0.18,1.526,204,2.07,5.88,1
,20884921,1,0.48587,0.92,0.3,0.35,2.693,210,-0.92,-0.46,1
,20889257,1,0.565817,0.52,0.17,0.23,2.017,143,-0.27,-1.15,1
,20890761,1,0.564159,0.57,0.19,0.26,1.575,197,-0.36,-1.07,1
,20893670,2,0.345385,0.42,0.15,0.2,1.95,157,0.21,-1.33,1
,20895211,1,0.536962,0.82,0.28,0.32,2.534,180,0.03,-0.16,1
,20900562,5,0.376616,0.3,0.11,0.14,1.669,180,0.37,-1.11,1
,20911596,6,0.078845,0.5,0.15,0.19,1.084,52,-0.57,-0.6,3
,20914151,5,0.353243,0.51,0.18,0.22,2.572,182,0.11,-0.92,1
,20916350,5,0.321039,0.33,0.11,0.14,1.149,176,0.56,-0.93,1
,20920965,5,0.294225,0.37,0.11,0.12,0.554,175,0.56,-0.29,1
,20927587,1,0.674957,0.77,0.25,0.28,1.722,179,-0.5,-0.79,1
,20937258,5,0.294777,0.34,0.11,0.14,1.439,205,0.51,-0.89,1
,20942382,5,0.246943,0.89,0.28,0.31,0.873,199,1.25,0.58,1
,20945944,0,0.432426,0.44,0.12,0.12,1.032,202,0.24,-0.25,1
,20946356,1,0.612013,0.42,0.14,0.18,0.613,208,0.13,-0.94,2
,20951738,1,0.450707,1.0,0.34,0.43,2.425,213,-0.73,-0.76,1
,20951998,5,0.421507,0.36,0.12,0.16,1.771,212,0.2,-1.14,1
,20958751,1,0.600462,0.65,0.21,0.26,0.945,193,-0.02,-1.0,2
,20961058,5,0.324432,0.32,0.1,0.13,1.462,206,0.34,-1.01,1
,20961336,2,0.335178,0.33,0.12,0.17,1.844,212,0.27,-1.42,1
,20965851,5,0.370399,0.49,0.17,0.21,1.888,213,0.56,-0.95,1
,20971586,1,0.482316,0.63,0.2,0.24,2.447,182,-0.95,0.05,2
,20974245,0,-9.9,0.33,0.11,0.12,1.961,231,1.23,2.61,1
,20976339,5,0.256958,0.41,0.13,0.16,0.97,214,0.54,-0.72,1
,20977329,5,0.300534,0.48,0.17,0.22,1.632,182,1.07,0.78,1
,20982821,5,0.226654,0.46,0.14,0.17,0.712,186,0.62,-0.57,1
,20982953,5,0.791039,0.46,0.13,0.1,1.725,205,2.31,4.66,2
,20986850,5,0.258175,0.4,0.14,0.15,1.011,202,0.62,1.96,1
,20990672,5,0.297155,0.75,0.27,0.31,1.178,185,1.21,2.03,1
,20991661,1,0.460093,1.02,0.34,0.29,1.558,154,-0.93,-0.19,1
,20993517,5,0.320355,0.47,0.15,0.14,1.887,60,0.81,-0.56,2
,20994827,5,0.352708,0.37,0.12,0.16,2.145,148,0.14,-1.28,1
,20997988,5,0.359619,0.5,0.17,0.18,0.564,196,1.02,1.07,1
,20998870,2,0.396582,0.37,0.13,0.18,1.496,166,0.1,-1.36,1
,20999955,5,0.280172,0.47,0.16,0.18,2.057,139,0.44,-0.98,1
,21000037,5,0.322538,0.58,0.33,0.18,1.788,157,3.94,18.08,1
,21000040,1,0.673648,0.47,0.15,0.19,1.564,187,-0.29,-0.94,1
,21010291,6,0.078492,0.4,0.13,0.15,1.182,190,-0.64,-0.5,1
,21010711,1,0.488108,1.02,0.38,0.38,2.112,198,0.6,3.5,1
,21011352,2,0.326045,0.45,0.16,0.22,1.827,187,-0.56,-1.11,1
,21011450,1,0.465158,0.73,0.23,0.23,2.297,184,-1.12,0.53,1
,21014331,2,0.385416,0.37,0.13,0.18,1.255,197,-0.04,-1.24,1
,21016556,5,0.350784,0.35,0.11,0.12,0.574,156,0.33,-0.53,1
,21018374,5,0.338135,0.24,0.11,0.08,1.09,150,3.33,16.19,1
,21024652,5,0.389695,0.37,0.13,0.18,2.237,156,0.08,-1.36,1
,21025736,1,0.568734,0.65,0.2,0.22,1.266,111,-0.67,-0.39,2
,21028253,5,0.331456,0.57,0.2,0.28,1.938,138,0.39,-1.28,1
,21032688,0,-9.9,0.34,0.11,0.12,1.407,169,1.0,0.07,1
,21041276,7,562.429626,0.57,0.19,0.23,0.66,126,0.56,-0.56,1
,21043223,5,0.290473,0.58,0.26,0.17,1.965,171,3.75,19.58,1
,21043777,1,0.707167,0.49,0.15,0.17,0.487,130,0.07,-0.83,2
,21047116,2,0.297004,0.51,0.16,0.2,0.737,164,0.1,-0.92,1
,21051581,5,0.372026,0.39,0.13,0.16,0.735,184,0.32,-0.9,1
,21055211,4,0.402118,0.58,0.19,0.12,1.151,116,1.86,2.96,2
,21055315,1,0.569662,0.73,0.24,0.28,0.98,178,-0.26,-0.87,1
,21056450,1,0.761566,0.57,0.18,0.22,1.477,177,0.09,-1.01,1
,21061707,2,0.34254,0.45,0.16,0.19,0.68,187,0.2,-0.87,1
,21062290,5,0.32855,0.43,0.14,0.19,1.82,174,0.42,-1.13,1
,21072171,5,0.244963,0.74,0.24,0.28,1.106,244,0.9,0.08,1
,21073252,5,0.234383,0.52,0.19,0.22,0.665,462,0.99,2.21,1
,21075532,1,0.531263,0.54,0.16,0.16,2.282,195,-1.47,1.71,1
,21080566,1,0.556569,0.78,0.23,0.22,1.057,239,-0.18,1.39,1
,21083054,1,0.697845,0.48,0.15,0.18,2.212,349,-0.31,-0.88,1
,21085751,1,0.612209,0.44,0.13,0.16,1.824,172,-0.41,-0.66,1
,21095231,1,0.508495,0.74,0.23,0.25,1.155,136,-0.19,-0.19,3
,21095278,5,0.274818,0.33,0.11,0.13,1.588,203,0.49,-0.69,1
,21097076,1,0.591538,0.71,0.21,0.23,1.161,151,-0.39,-0.36,1
,21102918,1,0.517028,1.02,0.31,0.34,0.924,101,-0.22,-0.67,1
,21106692,5,0.246912,0.7,0.23,0.25,0.685,221,0.67,0.89,1
,21107449,5,0.345055,0.62,0.21,0.27,2.098,172,0.58,-0.81,2
,21110017,5,0.281786,0.58,0.19,0.23,0.719,465,0.56,-0.09,1
,21112412,2,0.283832,0.44,0.16,0.19,1.006,574,0.06,-1.06,1
,21115824,2,0.341788,0.38,0.13,0.16,0.621,429,0.28,-0.84,1
,21124732,5,0.295969,0.44,0.15,0.2,1.404,122,0.54,-1.04,1
,21126144,1,0.547544,0.78,0.26,0.35,2.523,574,-0.73,-0.79,1
,21126187,1,0.555472,0.74,0.23,0.29,1.774,564,-0.45,-0.85,1
,21132420,1,0.568117,0.62,0.2,0.25,2.75,368,-0.47,-0.75,1
,21134069,1,0.559148,0.69,0.22,0.22,1.129,561,0.43,4.73,2
,21139760,1,0.728931,0.68,0.23,0.31,1.414,283,-0.03,-1.22,1
,21145823,1,0.542381,0.72,0.21,0.23,2.457,308,-1.21,0.87,1
,21146742,2,0.321034,0.47,0.16,0.22,1.5,294,0.06,-1.03,1
,21146854,2,0.330739,0.51,0.2,0.23,2.14,522,0.75,2.08,2
,21147974,5,0.316289,0.36,0.12,0.15,1.901,269,0.33,-1.14,1
,21151278,5,0.225734,0.35,0.12,0.15,1.123,289,0.62,-0.63,1
,21160820,1,0.605319,0.95,0.3,0.38,1.822,289,-0.56,-0.79,1
,21161088,5,0.26296,0.31,0.11,0.15,1.819,208,0.27,-1.22,1
,21177419,5,0.303857,0.37,0.12,0.16,1.57,545,0.78,-0.28,1
,21192780,4,0.447281,0.76,0.22,0.22,1.83,565,2.13,4.09,1
,21199837,5,1.073474,0.97,0.34,0.19,1.219,604,3.22,10.94,2
,21200464,1,0.555072,0.81,0.26,0.33,2.494,531,-1.01,-0.21,1
,21203594,5,0.35353,0.6,0.2,0.27,1.915,560,0.7,-0.86,1
,21210238,1,0.624434,0.47,0.15,0.18,0.508,586,0.04,0.76,1
,21215819,1,0.524386,0.84,0.28,0.31,1.313,575,0.04,1.72,1
,21216243,1,0.812051,0.88,0.28,0.35,1.71,574,-0.55,-0.75,2
,21223316,1,0.57541,0.56,0.17,0.21,2.636,328,-0.69,-0.47,1
,21225185,1,0.547808,0.81,0.25,0.29,1.355,574,-0.66,-0.43,1
,21235085,1,0.464772,1.01,0.33,0.41,1.839,551,-0.58,-0.78,1
,21248055,1,0.560699,0.69,0.22,0.27,1.82,338,-0.27,-0.86,1
,21255417,5,0.222324,0.55,0.19,0.22,2.842,303,0.81,0.43,1
,21256776,1,0.490971,0.87,0.28,0.33,1.837,371,-0.5,-0.69,1
,21263476,2,0.34407,0.34,0.12,0.16,1.852,351,-0.06,-1.45,1
,21281847,1,0.501049,0.58,0.21,0.29,2.439,248,-0.17,-1.44,1
,21282832,5,0.376725,0.33,0.11,0.14,2.24,235,0.43,-0.73,1
,21285999,5,0.228192,0.37,0.12,0.13,0.78,309,1.04,2.29,1
,21289833,1,0.655393,0.71,0.23,0.27,1.486,269,-0.73,0.5,2
,21291582,5,0.288453,0.37,0.12,0.16,1.185,419,0.74,-0.43,1
,21293569,5,0.348154,0.8,0.23,0.23,1.837,522,1.8,2.37,1
,21298723,1,0.605269,0.6,0.19,0.23,1.527,519,-0.48,-0.68,1
,21303309,1,0.675433,0.42,0.14,0.17,1.272,450,0.0,-0.95,1
,21303888,5,0.324842,0.41,0.16,0.21,2.002,512,1.5,5.4,1
,21317088,2,0.45308,0.6,0.2,0.25,0.888,186,-0.06,-0.84,2
,21320462,1,0.547736,0.85,0.28,0.32,1.473,306,-0.36,-0.74,1
,21322749,6,0.070417,0.26,0.11,0.09,0.727,243,3.49,28.37,1
,21327599,5,0.241617,0.18,0.25,0.08,1.006,261,9.04,86.87,1
,21332145,5,0.242243,0.71,0.24,0.31,1.019,301,0.53,-0.89,1
,21342238,1,0.72289,0.33,0.11,0.14,1.153,297,-0.06,-0.18,1
,21343483,1,0.552506,0.7,0.23,0.28,1.102,274,-0.01,-0.88,1
,21343608,1,0.616998,0.94,0.3,0.39,2.255,304,-0.51,-0.92,1
,21346811,5,0.394718,0.38,0.12,0.14,2.325,317,0.01,-0.67,1
,21348611,5,0.263172,0.39,0.13,0.17,1.813,350,0.94,1.26,1
,21351213,5,0.289744,0.34,0.11,0.14,2.043,286,0.48,-0.81,1
,21352784,5,0.2375,0.6,0.21,0.2,0.527,312,2.01,10.99,1
,21352859,1,0.514935,0.63,0.22,0.24,1.136,78,0.25,-0.53,3
,21374223,1,0.65749,0.67,0.21,0.2,1.322,254,-0.5,-0.33,1
,21374299,6,0.085404,0.43,0.14,0.18,0.95,256,-0.59,-0.62,1
,21376003,5,0.264685,0.47,0.15,0.19,2.419,259,0.34,-1.03,1
,21377934,1,0.6448,0.34,0.11,0.15,1.686,282,0.07,-1.14,1
,21379220,4,1.967382,0.45,0.13,0.17,1.795,272,1.7,1.73,2
,21384802,5,0.385857,0.78,0.26,0.28,0.743,168,0.77,-0.28,1
,21390806,4,1.990357,0.62,0.26,0.06,1.84,204,3.72,13.29,1
,21393081,5,0.257464,0.6,0.2,0.23,1.045,262,0.77,-0.3,1
,21396049,1,0.737033,0.66,0.21,0.23,0.779,309,-0.13,-0.54,1
,21396226,5,0.291844,0.45,0.15,0.2,0.732,491,0.61,-0.73,1
,21397555,2,0.278619,0.44,0.15,0.19,1.343,434,0.1,-1.0,1
,21401145,5,0.279688,0.47,0.16,0.2,1.553,514,0.67,-0.81,1
,21406268,1,0.469575,0.95,0.33,0.45,3.024,490,-0.79,-0.78,1
,21411900,0,-9.9,0.36,0.11,0.09,0.603,108,0.51,1.79,1
,21420907,5,0.24747,0.67,0.22,0.27,1.812,241,0.99,-0.19,1
,21432837,1,0.562887,0.67,0.22,0.23,2.576,161,-0.67,-0.2,1
,21439314,1,0.590885,0.62,0.21,0.26,1.8,214,-0.36,-1.05,1
,21443406,1,0.70617,0.52,0.17,0.2,2.485,200,-0.56,-0.61,2
,21452146,1,0.561401,0.64,0.21,0.27,1.432,224,-0.24,-1.04,1
,21454119,1,0.541313,0.76,0.24,0.25,0.925,224,-0.5,-0.43,1
,21460667,1,0.534597,0.82,0.26,0.31,1.888,441,-0.75,-0.32,1
,21460890,2,0.288119,0.47,0.16,0.21,0.667,496,0.06,-1.03,1
,21461642,5,0.354474,0.52,0.17,0.22,1.905,535,0.94,-0.32,1
,21468302,5,0.271056,0.71,0.23,0.31,2.498,515,0.94,-0.39,1
,21468901,1,0.632848,0.32,0.17,0.13,1.236,476,6.12,60.83,1
,21473837,1,0.530926,0.77,0.26,0.33,1.663,606,-0.7,-0.64,1
,21474739,1,0.462884,0.82,0.29,0.38,2.833,512,-0.58,-1.1,2
,21486032,5,0.3996,0.46,0.15,0.21,1.96,524,1.1,-0.12,1
,21486794,5,0.295763,0.57,0.2,0.25,2.36,506,0.61,-1.1,1
,21488669,1,0.501644,0.71,0.23,0.29,1.883,473,-0.9,-0.41,1
,21492633,2,0.311277,0.46,0.17,0.23,1.676,457,-0.18,-1.37,1
,21496631,5,0.268132,0.46,0.16,0.22,1.248,478,0.48,-1.13,1
,21500886,5,0.249746,0.43,0.14,0.18,1.575,291,0.22,-1.08,1
,21505266,5,0.277885,0.86,0.33,0.34,1.434,290,2.2,8.33,1
,21515129,5,0.312152,0.66,0.22,0.28,2.172,320,1.08,-0.13,1
,21516768,5,0.379918,0.33,0.11,0.14,1.159,245,0.31,-0.97,1
,21518140,5,0.453168,0.64,0.2,0.2,1.759,245,1.64,2.26,2
,21523718,4,0.856827,0.37,0.11,0.13,1.885,592,1.89,3.05,2
,21526640,1,0.686878,0.51,0.16,0.2,1.773,506,-0.35,-0.94,1
,21531228,5,0.28369,0.45,0.23,0.19,1.377,607,5.37,44.89,1
,21548169,2,0.275788,0.44,0.15,0.19,1.793,560,-0.16,-1.31,1
,21549836,5,0.325611,0.52,0.18,0.25,1.53,482,0.63,-0.95,1
,21549961,5,0.262745,0.4,0.13,0.17,1.081,547,0.52,-0.56,1
,21556651,1,0.61483,0.73,0.24,0.31,1.885,572,-0.48,-0.57,1
,21574197,2,0.349755,0.42,0.14,0.18,0.985,553,0.09,-1.09,1
,21574229,1,0.531468,0.92,0.3,0.37,1.558,373,-0.5,-0.93,1
,21577939,1,0.6326,0.61,0.19,0.26,1.939,504,-0.28,-1.02,1
,21580676,1,0.445691,1.01,0.31,0.35,1.668,379,-0.37,-0.69,1
,21580872,1,0.471745,0.92,0.34,0.34,2.096,345,1.33,11.75,1
,21592660,5,0.251623,0.54,0.18,0.22,0.683,337,0.7,0.75,1
,21592715,1,0.556705,0.69,0.22,0.26,1.253,368,-0.37,-0.84,1
,21594897,4,0.551604,0.59,0.21,0.18,2.548,211,3.08,11.91,1
,21600383,1,0.549574,0.59,0.19,0.21,2.111,367,-0.7,1.39,1
,21619184,1,0.557347,0.6,0.2,0.27,2.06,335,-0.85,-0.18,1
,21622547,1,0.574881,0.66,0.21,0.28,2.49,256,-0.32,-1.05,1
,21629752,1,0.606128,0.55,0.18,0.22,1.027,305,-0.16,-0.89,1
,21640723,1,0.650449,0.65,0.22,0.26,1.191,460,-0.39,-0.52,1
,21646118,4,0.831411,0.59,0.19,0.12,0.544,343,2.66,8.4,1
,21648266,1,0.566149,0.75,0.24,0.3,2.307,480,-0.55,-0.97,1
,21650357,2,0.263573,0.49,0.16,0.2,0.729,500,0.11,-0.29,1
,21653608,7,120.250099,0.95,0.29,0.33,1.709,243,0.6,-0.63,1
,21655849,0,-9.9,0.32,0.14,0.06,1.845,54,3.73,16.96,1
,21656045,5,0.277903,0.56,0.17,0.2,1.919,234,0.93,0.03,1
,21656207,1,0.559838,0.74,0.24,0.29,1.148,201,-0.21,-0.86,1
,21658179,1,0.513953,0.54,0.18,0.22,2.278,203,-0.24,-0.8,1
,21662536,5,0.264596,0.43,0.13,0.16,1.294,161,0.4,-0.32,1
,21665608,5,0.253345,0.51,0.16,0.13,1.194,69,1.28,0.47,2
,21666361,5,0.283169,0.49,0.16,0.22,1.592,211,0.75,-0.75,1
,21667966,1,0.664882,0.57,0.19,0.25,1.043,307,-0.09,-0.82,1
,21669734,1,0.582712,0.65,0.2,0.25,2.583,307,-0.47,-0.7,1
,21673990,5,0.362712,0.37,0.13,0.17,2.435,476,0.38,-0.81,1
,21676204,1,0.86671,0.69,0.22,0.27,2.549,62,0.19,-0.98,2
,21676430,5,0.32798,0.5,0.17,0.23,1.153,295,0.3,-1.06,1
,21684795,1,0.633633,0.48,0.16,0.18,0.569,300,0.34,-0.31,1
,21687256,4,0.58816,0.33,0.11,0.06,0.949,214,3.14,11.55,1
,21688272,2,0.304801,0.45,0.2,0.21,1.913,263,3.14,26.05,1
,21702751,1,0.672218,0.61,0.2,0.23,2.924,201,-0.63,-0.58,1
,21703536,5,0.242028,0.49,0.16,0.17,1.04,220,0.7,0.41,1
,21709825,5,0.311015,0.25,0.11,0.11,1.118,180,4.49,39.26,1
,21719768,1,0.533559,0.83,0.25,0.23,1.18,269,-0.7,0.32,1
,21731654,5,0.27418,0.51,0.16,0.17,2.434,153,0.23,-0.48,2
,21738091,5,0.353186,0.74,0.23,0.25,1.763,283,1.14,0.37,1
,21741619,5,0.296797,0.38,0.12,0.11,0.777,260,0.93,2.8,1
,21742308,1,0.716019,0.54,0.17,0.21,1.105,256,-0.04,-0.82,1
,21744543,1,0.715459,0.67,0.22,0.27,0.826,466,0.22,-0.75,1
,21749428,4,0.54068,0.33,0.18,0.14,0.874,497,4.37,22.64,2
,21749710,1,0.579327,0.65,0.2,0.23,2.613,481,-0.74,-0.22,1
,21749947,1,0.638619,0.36,0.12,0.14,1.185,492,-0.06,-0.63,1
,21751319,5,0.268808,0.31,0.1,0.14,1.838,497,0.33,-1.09,1
,21753974,1,0.527856,0.81,0.25,0.25,2.448,260,-1.07,0.2,1
,21759081,5,0.25046,0.33,0.12,0.12,0.934,165,1.05,2.87,2
,21759623,5,0.269877,1.65,0.49,0.29,2.734,176,2.32,5.89,2
,21771914,1,0.600629,0.61,0.18,0.18,1.628,241,-0.47,-0.39,1
,21774610,5,0.251771,0.41,0.15,0.18,0.752,148,1.01,0.97,1
,21781999,5,0.346609,0.62,0.2,0.22,0.51,188,0.3,-0.44,1
,21793262,2,0.396723,0.35,0.12,0.15,1.644,196,0.21,-1.18,1
,21805414,4,0.522197,0.35,0.1,0.12,1.915,568,2.27,5.18,2
,21805462,5,0.265127,0.74,0.23,0.29,2.852,438,0.66,-0.6,1
,21806402,1,0.59208,0.53,0.17,0.21,1.688,592,-0.62,-0.14,1
,21816545,5,0.278466,0.95,0.3,0.33,0.87,136,1.05,0.15,2
,21817156,2,0.284754,0.44,0.14,0.19,1.117,102,0.23,-1.09,1
,21817824,5,0.336634,0.3,0.1,0.12,1.097,106,0.5,-0.77,1
,21821875,5,0.275166,0.38,0.12,0.15,1.89,360,0.39,-0.97,1
,21825990,5,0.31792,0.53,0.18,0.24,1.103,591,0.46,-0.98,1
,21830166,1,0.597418,0.6,0.19,0.22,0.853,529,0.27,0.76,1
,21837152,1,0.566717,0.56,0.18,0.2,1.451,288,-0.71,-0.02,1
,21846354,7,94.525093,0.7,0.22,0.26,1.835,508,0.51,-0.82,1
,21847613,2,0.348046,0.44,0.14,0.19,0.876,456,0.0,-0.95,1
,21849383,7,122.937706,0.73,0.23,0.3,2.964,251,0.03,-0.95,1
,21864884,1,0.62247,0.62,0.19,0.24,1.952,620,-0.19,-1.03,1
,21865224,4,0.543326,0.34,0.11,0.09,0.864,216,1.64,4.2,2
,21865663,2,0.352823,0.56,0.18,0.24,0.606,1004,0.23,0.32,1
,21869616,1,0.518199,0.83,0.27,0.31,1.658,599,-0.77,0.33,1
,21874209,1,0.611294,0.66,0.22,0.25,2.03,593,-0.83,0.18,1
,21879209,1,0.502716,0.91,0.29,0.36,1.58,555,-0.75,-0.63,1
,21880646,1,0.543571,0.68,0.21,0.24,3.064,479,-0.7,0.33,1
,21889165,5,0.314411,0.32,0.11,0.14,2.223,538,0.37,-0.55,1
,21893528,1,0.561908,0.58,0.19,0.25,1.22,576,-0.07,-0.89,1
,21895776,5,0.384657,0.42,0.14,0.19,1.155,517,0.35,-1.1,1
,21907874,1,0.536118,0.53,0.19,0.22,1.689,541,-0.63,0.11,1
,21922323,5,0.332636,0.4,0.13,0.15,0.652,366,1.19,1.81,1
,21924353,1,0.582281,0.84,0.43,0.29,1.774,321,3.28,16.01,1
,21924979,5,0.300432,0.87,0.27,0.32,2.892,164,1.04,-0.08,1
,21931970,0,-9.9,0.75,0.23,0.21,0.704,34,-0.84,0.1,1
,21934235,5,0.314734,0.52,0.17,0.2,2.594,280,0.31,0.3,1
,21940638,1,0.459047,0.86,0.29,0.35,1.302,339,-0.57,-0.39,1
,21945058,1,0.674694,0.5,0.17,0.19,2.619,192,-0.64,0.22,1
,21945241,1,0.472329,0.98,0.31,0.36,1.432,404,-0.66,-0.43,1
,21947560,1,0.480494,0.73,0.24,0.3,2.314,322,-0.59,-0.79,1
,21948046,1,0.555007,0.77,0.24,0.29,1.899,386,-0.79,-0.4,1
,21948290,1,0.511121,0.8,0.26,0.31,2.117,354,-0.7,-0.68,1
,21948919,1,0.584463,0.58,0.19,0.24,2.1,396,-0.27,-1.03,1
,21949111,1,0.511852,0.78,0.24,0.24,1.289,196,-0.19,-0.39,3
,21957980,2,0.360044,0.47,0.14,0.15,0.87,305,0.04,-0.01,1
,21960299,5,0.93521,0.47,0.14,0.14,0.995,316,0.15,6.29,1
,21961808,5,0.872919,0.5,0.15,0.13,2.049,298,2.25,4.56,2
,21966412,1,0.684609,0.37,0.18,0.14,0.927,289,6.52,79.36,1
,21967499,1,0.570895,0.68,0.21,0.23,0.983,298,-0.2,-0.24,2
,21967825,1,0.540592,0.72,0.22,0.2,1.756,263,-0.99,0.36,2
,21978719,5,0.219634,0.5,0.16,0.19,1.694,306,0.65,-0.67,1
,21979323,5,0.27007,0.36,0.12,0.15,0.842,497,0.75,0.78,1
,21986471,1,0.532222,0.77,0.24,0.29,1.166,432,-0.32,-0.75,1
,21986725,1,0.626299,0.86,0.29,0.34,2.728,506,0.11,0.68,1
,21991284,1,0.629141,0.46,0.15,0.19,0.917,501,-0.25,-0.89,1
,21994408,1,0.481603,0.88,0.26,0.23,2.689,272,-1.5,1.48,1
,21995237,2,0.330706,0.45,0.27,0.15,0.917,219,4.34,24.37,1
,21995454,5,0.26063,0.19,0.13,0.07,1.395,232,4.03,28.61,1
,21996907,1,0.619965,0.56,0.18,0.22,1.876,184,-0.24,-0.97,1
,22000484,2,0.29837,0.47,0.15,0.19,1.362,174,0.12,-1.04,1
,22000485,1,0.571632,0.69,0.21,0.25,1.929,256,-0.35,-0.89,1
,22005161,1,0.568853,0.82,0.28,0.33,1.656,237,-0.46,-0.78,1
,22025835,5,0.422558,0.37,0.13,0.17,2.243,239,0.15,-1.23,1
,22034371,1,0.530764,1.03,0.4,0.28,1.865,268,2.18,14.68,1
,22042245,1,0.554526,0.69,0.23,0.28,2.325,208,-1.09,-0.14,1
,22042430,5,0.311837,0.94,0.31,0.36,2.162,264,1.04,0.19,1
,22042502,1,0.615704,0.86,0.27,0.31,1.215,297,0.0,-0.14,1
,22046433,5,0.520946,0.52,0.17,0.16,1.959,208,1.46,1.11,1
,22048818,6,0.082158,0.48,0.2,0.19,2.518,277,2.18,15.23,1
,22060124,5,0.246222,0.58,0.2,0.26,1.342,263,0.71,-0.86,1
,22060182,1,0.614368,0.7,0.28,0.19,0.676,398,2.83,12.03,1
,22064994,0,-9.9,0.32,0.1,0.09,1.527,37,0.84,-0.09,1
,22067964,1,0.51154,0.4,0.13,0.13,1.747,232,-1.45,3.12,1
,22070388,1,0.692097,0.61,0.2,0.24,1.535,258,0.03,-1.01,1
,22074693,5,0.329332,0.52,0.18,0.24,2.434,253,0.52,-1.06,1
,22079148,5,0.372173,0.51,0.15,0.12,1.811,107,1.4,1.4,2
,22084807,7,121.457909,0.79,0.24,0.29,2.725,461,0.45,-0.54,1
,22090614,1,0.592152,0.9,0.29,0.36,2.055,499,-0.65,-0.77,1
,22096338,0,-9.9,0.34,0.11,0.14,1.913,31,-0.81,-0.14,1
,22097828,2,0.309844,0.36,0.16,0.17,1.629,194,3.87,33.51,1
,22106421,5,0.318238,0.38,0.12,0.15,0.786,265,0.41,-0.5,1
,22107778,0,-9.9,0.93,0.52,0.23,4.093,256,-4.41,23.77,1
,22113391,5,0.292421,0.4,0.12,0.14,1.242,216,0.72,-0.31,1
,22117001,5,0.275181,0.33,0.11,0.13,1.918,192,0.84,1.36,1
,22118462,1,0.609185,0.43,0.13,0.16,1.687,186,0.13,-0.97,1
,22118602,1,0.611157,0.54,0.18,0.24,1.53,197,-0.31,-1.14,1
,22125812,1,0.588623,0.64,0.2,0.24,1.322,131,0.05,-0.91,1
,22129367,1,0.642857,0.67,0.23,0.29,2.646,198,-0.4,-1.2,1
,22129814,4,0.478838,0.56,0.18,0.15,1.218,167,1.75,2.7,2
,22131050,5,0.264811,0.39,0.13,0.15,1.912,161,0.62,-0.52,1
,22137788,1,0.469863,1.07,0.32,0.27,1.427,147,-0.75,-0.13,2
,22139094,1,0.573868,0.71,0.22,0.22,2.31,182,-0.24,-0.53,2
,22152661,1,0.622195,0.55,0.18,0.22,0.83,569,-0.07,-0.73,1
,22159524,4,0.946179,0.42,0.15,0.12,1.079,575,2.85,9.34,1
,22161006,1,0.515071,0.74,0.25,0.31,3.171,595,-0.67,-0.23,1
,22163481,5,0.338967,0.5,0.16,0.21,1.954,545,0.78,-0.62,1
,22164469,5,0.364366,0.47,0.15,0.19,0.976,509,1.12,0.5,1
,22165548,0,0.499618,0.46,0.14,0.18,2.094,572,-0.74,0.15,1
,22167356,5,0.3264,0.44,0.14,0.19,2.574,576,0.59,-0.25,1
,22167459,5,0.229022,0.44,0.14,0.18,0.519,571,0.48,-0.04,1
,22181333,2,0.343706,0.39,0.13,0.18,1.007,497,0.04,-1.14,1
,22186695,1,0.503656,0.79,0.26,0.3,1.6,488,-0.9,0.25,1
,22191994,4,0.468765,0.4,0.13,0.18,1.021,480,2.02,3.52,1
,22198122,2,0.284804,0.46,0.16,0.2,0.842,476,-0.25,-0.99,1
,22198858,1,0.658183,0.73,0.23,0.3,2.52,632,-0.62,-0.81,1
,22199578,2,0.404034,0.38,0.13,0.16,1.035,634,0.21,-1.0,2
,22214707,5,0.296346,0.73,0.24,0.31,1.325,586,1.01,-0.04,1
,22216834,1,0.557217,0.79,0.25,0.29,1.432,543,-0.42,-0.8,1
,22224229,5,0.269048,0.32,0.1,0.14,1.239,552,0.78,-0.47,1
,22229962,5,0.760113,0.16,0.17,0.07,1.377,528,8.98,103.21,2
,22243579,1,0.573635,0.71,0.22,0.28,1.47,366,-0.68,-0.63,1
,22244059,1,0.594651,0.65,0.2,0.23,1.508,269,-0.67,-0.51,1
,22244513,1,0.604156,0.58,0.18,0.2,1.695,330,-0.63,-0.4,1
,22244704,4,1.303379,0.55,0.15,0.11,0.946,356,1.99,3.9,2
,22269139,0,-9.9,0.45,0.15,0.08,0.692,329,3.1,10.65,1
,22270144,0,-9.9,2.01,0.62,0.74,2.372,322,0.47,-0.54,1
,22272582,1,0.745923,0.71,0.24,0.32,1.248,344,-0.29,-1.18,1
,22276476,2,0.309604,0.34,0.12,0.16,1.237,329,0.05,-1.25,1
,22280880,5,0.327782,0.34,0.11,0.15,1.314,375,0.22,-0.82,1
,22283909,1,0.576166,0.78,0.29,0.33,1.737,344,0.65,2.48,1
,22287451,4,0.651575,0.5,0.18,0.1,1.212,327,2.97,9.45,1
,22306983,6,0.056454,0.61,0.19,0.19,0.616,304,0.28,0.92,1
,22309292,1,0.575165,0.84,0.27,0.31,1.481,302,-0.86,-0.52,1
,22315266,1,0.618235,0.6,0.2,0.25,1.604,545,-0.13,-1.08,1
,22316675,2,0.434423,0.4,0.12,0.15,1.56,506,-0.31,-0.88,1
,22317507,1,0.551076,0.75,0.23,0.26,0.801,346,-0.41,-0.6,1
,22319996,1,0.479506,0.86,0.27,0.34,2.324,514,-0.78,-0.39,1
,22322024,2,0.327064,0.43,0.14,0.19,0.795,541,0.01,-1.17,1
,22323448,4,0.455297,0.34,0.12,0.12,0.726,542,2.24,5.93,2
,22331447,2,0.337775,0.39,0.13,0.17,1.306,242,0.26,-0.87,1
,22338901,1,0.521944,0.86,0.25,0.2,1.647,236,-1.31,0.8,1
,22340759,5,0.252413,0.39,0.13,0.16,0.784,224,0.21,-0.97,1
,22342092,5,0.252149,0.47,0.16,0.17,0.605,231,1.16,3.99,2
,22345256,1,0.609953,0.71,0.23,0.25,1.054,287,-0.06,0.19,2
,22346514,1,0.606107,0.55,0.17,0.22,1.337,309,-0.58,-0.76,2
,22347494,1,0.64637,0.75,0.24,0.27,1.184,356,0.2,0.3,1
,22356134,1,0.514845,0.87,0.28,0.31,1.443,185,-0.29,0.06,1
,22356211,5,0.254441,0.5,0.17,0.21,0.853,350,0.49,-0.71,1
,22361671,1,0.592756,0.61,0.21,0.22,1.318,249,0.22,2.43,1
,22363622,1,0.579287,0.59,0.19,0.23,2.216,325,-0.34,-0.94,1
,22363963,1,0.58204,0.65,0.21,0.26,1.289,238,-0.22,-1.02,1
,22371146,1,0.512138,0.76,0.25,0.3,0.853,291,0.0,-0.43,3
,22378268,4,0.368582,0.4,0.12,0.12,0.521,298,1.3,2.95,2
,22379025,5,0.335714,0.6,0.19,0.23,2.552,258,0.83,-0.48,1
,22382398,5,0.30681,0.43,0.15,0.17,1.99,257,0.59,-0.42,1
,22386719,5,0.356455,0.36,0.11,0.11,0.894,267,1.01,0.1,1
,22390728,1,0.649779,0.68,0.21,0.25,1.386,245,-0.3,-0.93,1
,22392699,1,0.540049,0.81,0.26,0.31,1.581,279,-0.75,-0.34,1
,22394912,1,0.622498,0.47,0.15,0.18,1.344,271,-0.52,-0.35,1
,22398360,5,0.228908,0.66,0.21,0.22,0.525,268,1.02,1.84,1
,22399746,1,0.530626,0.82,0.29,0.27,1.292,210,0.52,2.57,1
,22401029,5,0.240801,0.77,0.25,0.31,1.193,227,0.99,-0.12,1
,22406418,1,0.558127,0.75,0.25,0.27,1.35,212,-0.05,-0.13,1
,22409742,1,0.474659,0.88,0.3,0.39,2.027,184,-0.63,-0.83,2
,22410339,2,0.332549,0.42,0.14,0.19,1.495,306,0.33,-0.93,1
,22412632,5,0.274826,0.58,0.19,0.22,0.513,262,-0.09,0.6,1
,22423775,2,0.348845,0.39,0.14,0.19,1.85,489,-0.12,-1.46,1
,22424347,1,0.567916,0.93,0.3,0.37,1.933,505,-0.67,-0.74,1
,22428204,5,0.384451,0.69,0.21,0.23,1.363,481,0.83,0.09,1
,22433500,1,0.53388,0.84,0.26,0.31,2.351,455,-0.73,-0.57,1
,22441994,5,0.258161,0.47,0.15,0.16,0.958,182,0.72,0.25,1
,22442519,5,0.288551,0.66,0.21,0.24,0.739,202,0.88,0.03,1
,22446230,2,0.314631,0.44,0.17,0.16,0.719,203,2.45,15.32,1
,22448909,4,0.387294,0.53,0.16,0.14,0.822,96,1.31,1.1,3
,22450085,1,0.578101,0.79,0.25,0.28,0.863,178,-0.44,-0.57,2
,22458231,1,0.663645,0.82,0.26,0.31,1.356,169,-0.61,-0.71,1
,22458998,1,0.560941,0.65,0.22,0.27,1.743,187,-0.57,-0.44,1
,22459620,5,0.231999,0.57,0.18,0.2,1.464,185,0.88,-0.22,1
,22465470,5,0.289544,0.42,0.14,0.18,1.47,165,0.28,-1.11,1
,22466113,5,0.31404,0.45,0.13,0.17,1.928,201,0.63,-0.51,1
,22468742,6,0.149796,0.57,0.18,0.2,1.915,161,-1.11,0.34,2
,22471339,5,0.253725,0.8,0.25,0.24,0.981,150,1.13,0.26,1
,22472166,5,0.332703,0.48,0.16,0.17,2.102,200,0.92,-0.17,2
,22472919,5,0.251036,0.75,0.24,0.27,2.733,143,0.59,-0.78,1
,22478943,1,0.554569,0.77,0.25,0.32,1.534,544,-0.31,-1.05,1
,22489941,1,0.455693,0.97,0.31,0.35,2.044,441,-0.84,-0.4,1
,22491137,5,0.427429,0.53,0.17,0.16,1.355,127,0.94,-0.13,2
,22499844,5,0.563812,0.42,0.12,0.15,1.116,570,1.43,1.89,2
,22515281,2,0.29078,0.35,0.12,0.16,0.903,508,0.12,-0.78,1
,22517148,2,0.33906,0.4,0.14,0.19,1.284,421,0.19,-1.22,1
,22517285,1,0.652479,0.84,0.25,0.31,1.907,448,-0.49,-0.76,1
,22518150,1,0.565443,0.67,0.22,0.26,1.076,473,-0.22,-0.84,1
,22518189,1,0.774124,0.38,0.13,0.16,1.796,433,0.02,-1.15,2
,22518636,2,0.283996,0.46,0.15,0.21,1.709,546,-0.04,-1.28,1
,22520768,1,0.648456,0.57,0.18,0.2,2.787,379,-0.41,0.2,1
,22529369,1,0.509971,0.93,0.29,0.35,1.506,518,-0.5,-0.54,1
,22530805,1,0.624475,0.39,0.13,0.17,1.268,459,-0.08,-1.11,1
,22531626,1,0.5257,0.9,0.28,0.33,1.412,384,-0.56,-0.67,1
,22531805,2,0.316957,0.49,0.16,0.19,0.616,376,0.31,0.24,1
,22532172,1,0.52078,0.66,0.22,0.26,1.713,417,-0.58,-0.17,1
,22542105,1,0.574095,0.58,0.19,0.26,2.42,537,-0.47,-0.91,1
,22542253,1,0.58632,0.45,0.16,0.14,1.449,54,-1.02,2.51,3
,22542640,2,0.425978,0.4,0.12,0.15,1.044,586,-0.28,-0.51,1
,22560013,5,0.287674,0.5,0.17,0.24,2.735,540,0.3,-0.95,1
,22560414,0,6.015155,0.58,0.19,0.26,0.759,594,0.54,-0.62,3
,22571231,1,0.612486,0.61,0.19,0.23,1.631,500,-0.56,-0.71,1
,22577615,2,0.334049,0.4,0.14,0.19,1.168,524,-0.04,-1.34,1
,22582512,5,0.72715,0.38,0.17,0.14,0.868,334,3.81,20.46,2
,22587580,5,0.280833,0.68,0.21,0.24,2.4,311,0.93,-0.17,1
,22588921,5,0.338901,0.45,0.15,0.19,0.673,288,0.72,0.24,1
,22592060,1,0.620896,0.44,0.16,0.17,1.164,355,0.72,1.37,1
,22597768,1,0.594141,0.84,0.29,0.39,1.88,334,-0.58,-1.03,1
,22598680,4,0.74396,0.48,0.14,0.11,1.291,359,2.39,4.97,2
,22600602,4,0.460881,0.43,0.14,0.13,0.788,332,2.03,4.58,1
,22601072,1,0.500029,0.96,0.33,0.45,1.998,343,0.11,0.1,1
,22601475,5,0.50441,0.37,0.11,0.11,1.233,335,1.03,0.92,1
,22603370,2,0.409639,0.45,0.15,0.21,0.754,336,0.01,-1.11,1
,22624786,1,0.612985,0.49,0.16,0.2,0.629,308,0.23,-0.04,1
,22626646,5,0.280511,0.46,0.16,0.22,1.856,259,0.38,-1.29,1
,22627587,1,0.600798,0.52,0.17,0.21,2.543,315,-0.34,-0.83,2
,22628469,5,0.335536,0.48,0.2,0.22,2.016,272,2.02,8.63,1
,22630236,1,0.498484,1.15,0.37,0.36,1.703,212,0.67,3.29,1
,22632472,1,0.642085,0.58,0.19,0.22,1.028,281,-0.19,-0.84,1
,22639551,1,0.661229,0.53,0.17,0.22,2.348,298,-0.43,-1.04,1
,22656422,1,0.606281,0.58,0.19,0.23,1.314,473,-0.43,-0.47,1
,22656713,1,0.583487,0.66,0.19,0.22,1.219,458,-0.36,-0.58,1
,22656802,0,-9.9,0.41,0.15,0.18,1.223,81,0.56,-0.27,1
,22657637,2,0.415095,0.55,0.17,0.2,0.786,504,-0.29,-0.4,1
,22660510,1,0.545501,0.79,0.24,0.27,2.471,438,-1.02,0.19,1
,22671860,5,0.283246,0.49,0.16,0.2,1.808,169,0.52,-1.08,1
,22672526,1,0.583023,0.81,0.26,0.31,1.234,235,0.15,-0.68,1
,22672563,4,0.453472,0.36,0.11,0.11,0.488,237,1.04,1.21,2
,22676352,1,0.639109,0.47,0.16,0.17,0.57,270,0.69,1.61,1
,22676970,5,0.406593,0.55,0.18,0.23,2.671,249,0.26,-0.63,1
,22678238,1,0.566116,1.04,0.34,0.42,2.145,312,-0.63,-0.84,1
,22682678,1,0.573843,0.72,0.25,0.33,1.476,267,-0.32,-1.27,1
,22705180,1,0.487562,0.95,0.29,0.33,1.775,317,-0.75,-0.28,1
,22708283,2,0.273671,0.36,0.12,0.14,1.51,258,0.42,-0.34,1
,22714229,2,0.327807,0.36,0.14,0.18,2.168,282,0.17,-0.86,1
,22717785,1,0.499827,0.64,0.21,0.24,1.536,406,-0.57,-0.34,1
,22720792,2,0.367155,0.46,0.31,0.21,1.692,280,5.97,47.2,1
,22721182,5,0.256329,0.69,0.23,0.28,1.666,242,0.85,-0.45,1
,22726300,2,0.289853,0.44,0.13,0.15,2.307,251,-0.43,-0.61,1
,22756115,5,0.253848,0.42,0.14,0.19,1.668,569,0.59,-0.95,1
,22757743,5,0.233236,0.41,0.13,0.18,1.877,384,-0.07,-1.22,1
,22758606,4,0.801506,0.33,0.12,0.12,0.769,556,3.07,10.33,2
,22761613,4,0.7034,0.35,0.12,0.12,1.13,542,2.45,7.93,1
,22768799,1,0.522671,0.61,0.2,0.19,2.174,174,-1.06,0.84,1
,22780467,1,0.62447,0.69,0.22,0.26,1.492,203,-0.45,-0.97,1
,22781073,1,0.598969,0.8,0.3,0.29,1.088,227,1.28,4.04,2
,22783656,1,0.577525,0.78,0.24,0.29,1.286,214,-0.5,-0.75,1
,22787343,5,0.136607,0.71,0.24,0.14,2.223,163,2.52,7.62,2
,22791802,2,0.313278,0.4,0.12,0.12,0.924,156,-0.19,-0.32,1
,22792891,1,0.669652,0.48,0.14,0.17,0.836,214,-0.24,-0.75,1
,22793705,1,0.561435,0.81,0.31,0.32,2.32,228,0.5,0.91,1
,22797316,1,0.657073,0.34,0.11,0.15,1.214,173,-0.43,-0.96,1
,22804366,1,0.460432,0.68,0.2,0.15,1.1,225,-1.06,2.07,2
,22820342,5,0.315214,0.54,0.17,0.18,1.826,134,1.01,0.06,1
,22823227,2,0.349463,0.35,0.12,0.15,1.104,45,-0.28,-1.08,2
,22828215,1,0.57454,0.62,0.21,0.25,2.277,585,-0.17,0.9,1
,22829618,6,0.069794,0.31,0.11,0.14,1.337,595,-0.19,-1.24,1
,22839182,1,0.577747,0.73,0.23,0.28,1.003,507,-0.16,-0.86,1
,22839233,5,0.499404,0.37,0.11,0.12,1.079,476,1.84,3.2,2
,22840402,0,0.323304,0.19,0.11,0.08,0.674,507,6.37,57.1,1
,22840474,0,-9.9,1.24,0.41,0.4,3.444,75,0.17,-0.68,3
,22843222,2,0.361807,0.39,0.13,0.18,0.926,398,0.04,-1.23,1
,22849777,5,0.268132,0.57,0.24,0.26,2.434,427,2.45,13.06,1
,22851131,5,0.355975,0.37,0.12,0.14,0.495,455,0.36,0.38,1
,22856184,5,0.374024,0.41,0.13,0.17,2.195,527,0.51,-0.91,1
,22857421,1,0.487733,0.59,0.21,0.23,2.116,488,1.79,20.81,2
,22858068,5,0.276864,0.5,0.16,0.19,0.627,432,0.6,-0.15,1
,22858358,2,0.400479,0.38,0.13,0.18,2.274,521,0.21,-1.23,1
,22862090,5,0.28243,0.71,0.23,0.28,1.798,529,1.1,0.16,1
,22865691,1,0.456706,1.04,0.33,0.39,2.246,568,-0.82,-0.51,1
,22886412,5,0.243554,0.37,0.12,0.16,1.634,559,0.61,-0.78,1
,22894803,5,0.272187,0.53,0.18,0.2,0.523,544,1.14,2.36,1
,22911175,1,0.564206,0.79,0.27,0.35,1.961,276,-0.45,-1.09,1
,22911370,5,0.293547,0.38,0.12,0.14,2.505,159,0.27,-1.16,1
,22922490,2,0.338896,0.57,0.17,0.2,0.889,263,-0.23,-0.55,1
,22924523,1,0.583242,0.87,0.27,0.31,1.799,308,-0.75,-0.53,1
,22925465,2,0.302109,0.53,0.18,0.25,1.023,344,-0.01,-1.28,1
,22935887,5,0.27347,0.34,0.19,0.15,0.905,334,7.31,75.08,1
,22936137,5,0.318187,0.35,0.11,0.14,1.247,344,0.09,-0.22,1
,22939763,1,0.519521,0.87,0.28,0.3,1.435,291,-0.64,-0.27,1
,22941137,5,0.298843,0.68,0.22,0.25,2.112,323,0.89,-0.35,2
,22944723,1,0.469079,0.74,0.24,0.27,1.549,250,-0.95,0.17,1
,22944851,1,0.582083,0.55,0.17,0.21,1.167,323,-0.66,-0.09,1
,22949764,5,0.267321,0.69,0.23,0.27,1.659,304,0.93,-0.37,1
,22952653,2,0.370275,0.44,0.15,0.2,0.918,273,0.12,-0.87,1
,22955409,5,0.325992,0.66,0.19,0.22,1.888,261,0.78,-0.19,1
,22959674,2,0.40534,0.4,0.14,0.18,1.184,274,0.24,-1.12,2
,22966365,5,0.371512,0.32,0.12,0.12,2.151,318,4.33,44.05,1
,22967575,5,0.244888,0.53,0.18,0.19,0.783,240,0.89,1.66,1
,22968903,1,0.562456,0.61,0.2,0.25,2.605,105,-0.61,-0.71,1
,22969930,5,0.382548,0.67,0.21,0.25,2.587,284,0.55,-0.78,1
,22973284,1,0.500269,0.9,0.27,0.31,1.414,523,-0.93,0.12,1
,22980793,1,0.540346,0.84,0.27,0.33,2.558,591,-0.7,-0.43,1
,22982845,5,0.258361,0.43,0.14,0.19,1.873,458,0.58,-0.89,1
,22989158,0,0.329685,0.32,0.11,0.13,0.608,251,-0.57,0.58,3
,22989611,0,0.329687,0.31,0.1,0.13,0.554,260,-0.27,-0.72,3
,22992960,1,0.54458,0.69,0.21,0.21,0.956,237,-0.58,-0.04,1
,22993473,5,0.328495,0.32,0.11,0.15,2.161,409,0.25,-1.26,1
,22995417,1,0.567441,0.68,0.21,0.21,2.129,121,-0.76,-0.24,1
,22996418,2,0.276727,0.49,0.16,0.22,1.447,234,0.05,-0.94,1
,22998833,1,0.639035,0.34,0.11,0.15,1.57,309,-0.25,-0.87,1
,23002253,1,0.542566,0.81,0.27,0.36,2.091,280,-0.48,-1.01,1
,23002449,1,0.710266,0.66,0.22,0.2,1.014,293,0.9,6.56,1
,23008936,6,0.060405,0.32,0.18,0.12,0.832,319,9.63,138.91,1
,23031526,4,0.554352,0.44,0.13,0.15,1.777,286,1.88,2.64,1
,23032545,1,0.480425,0.87,0.29,0.35,2.257,302,-0.63,-0.52,1
,23033619,2,0.357708,0.51,0.18,0.23,0.989,285,0.21,-0.42,1
,23039876,0,-9.9,0.68,0.27,0.3,1.198,39,0.91,1.35,1
,23043856,1,0.869602,0.52,0.16,0.21,0.902,206,-0.11,-0.95,2
,23055332,2,0.364179,0.42,0.15,0.18,0.549,241,0.36,-0.66,1
,23056331,5,0.340574,0.36,0.12,0.15,1.545,251,0.65,-0.08,1
,23056873,0,331.016235,0.52,0.17,0.14,0.484,236,1.24,3.79,1
,23071423,1,0.659216,0.66,0.2,0.22,1.085,562,-0.58,0.02,1
,23073893,1,0.536934,0.84,0.27,0.34,2.318,563,-0.42,-1.03,1
,23074053,1,0.561955,0.7,0.22,0.27,3.007,538,-0.83,-0.19,1
,23074578,5,0.311015,0.83,0.27,0.31,0.816,562,1.37,1.62,1
,23075220,2,0.32947,0.4,0.14,0.17,2.507,541,0.02,-1.27,1
,23076584,6,0.058419,0.38,0.13,0.17,1.28,550,-0.5,-0.95,1
,23079661,4,2.488904,0.38,0.12,0.11,1.802,541,2.98,8.76,1
,23085525,2,0.334274,0.5,0.17,0.19,0.484,231,0.44,-0.13,2
,23085978,5,0.259388,0.37,0.12,0.16,1.361,223,0.38,-0.96,1
,23086639,5,0.560636,0.65,0.18,0.12,2.296,199,1.78,2.37,2
,23086777,1,0.52917,0.77,0.23,0.22,1.545,258,-0.8,0.07,1
,23087816,1,0.624955,0.83,0.25,0.24,1.261,217,-0.64,-0.13,1
,23091164,5,0.289423,0.48,0.15,0.19,0.55,242,0.21,-0.47,1
,23109894,5,0.368798,0.52,0.17,0.17,0.798,174,0.75,0.94,1
,23114782,5,0.246063,0.78,0.25,0.27,0.863,101,1.0,1.07,2
,23119208,5,0.694691,0.38,0.12,0.09,1.113,190,1.75,2.77,2
,23121563,5,0.262288,0.5,0.17,0.21,1.412,208,0.63,-0.91,1
,23135759,2,0.402734,0.45,0.14,0.17,1.983,552,-0.37,-0.66,1
,23140598,1,0.460148,0.75,0.23,0.21,0.996,177,-0.84,-0.22,1
,23148132,2,0.339596,0.41,0.14,0.18,1.071,567,-0.16,-0.93,2
,23148883,2,0.39013,0.46,0.15,0.19,1.078,491,0.43,0.12,1
,23149427,1,0.570761,0.97,0.31,0.4,1.437,612,-0.56,-0.81,1
,23150330,5,0.379022,0.42,0.14,0.19,2.189,554,0.98,-0.34,1
,23157611,5,0.27518,0.37,0.12,0.15,1.28,453,0.58,-0.52,1
,23157974,1,0.557569,0.7,0.33,0.23,1.173,444,3.8,27.58,1
,23159004,4,2.805338,0.99,0.29,0.17,1.32,369,2.26,4.29,2
,23163658,1,0.591097,0.55,0.17,0.21,1.556,431,-0.33,-0.9,1
,23164890,1,0.554846,0.79,0.25,0.29,1.942,458,-1.02,0.31,1
,23166294,1,0.549695,0.74,0.23,0.26,1.013,486,-0.41,-0.34,1
,23166739,1,0.543356,0.73,0.24,0.3,2.011,444,-0.79,-0.13,1
,23167118,2,0.322473,0.36,0.13,0.16,2.01,476,0.03,-1.28,1
,23169444,5,0.238905,0.61,0.21,0.26,1.117,474,0.6,-0.86,1
,23182010,1,0.647165,0.84,0.26,0.3,1.586,485,-0.4,-0.65,1
,23184808,2,0.338822,0.47,0.16,0.22,1.211,540,-0.01,-1.2,1
,23184879,2,0.376323,0.54,0.17,0.22,2.019,539,-0.34,-0.76,1
,23186851,1,0.639913,0.34,0.12,0.16,1.847,75,-0.13,-1.3,2
,23193507,1,0.473157,0.81,0.26,0.32,2.757,559,-0.77,-0.55,1
,23199703,1,0.654837,0.63,0.21,0.26,1.175,546,-0.04,-1.03,1
,23202141,5,0.32592,0.35,0.11,0.14,1.895,538,0.17,-0.42,1
,23205293,5,0.257321,0.32,0.1,0.14,1.44,552,0.65,-0.65,1
,23206575,1,0.6145,0.54,0.18,0.22,1.093,549,-0.27,-0.93,1
,23211310,7,158.060196,0.7,0.23,0.29,2.998,544,-0.05,-0.93,1
,23214839,2,0.283909,0.45,0.16,0.23,1.844,333,-0.17,-1.46,1
,23216719,1,0.573885,0.48,0.16,0.19,2.649,361,-0.67,0.43,2
,23218013,4,1.899883,0.49,0.16,0.09,0.577,337,2.92,10.53,2
,23221593,0,-9.9,0.43,0.14,0.16,2.367,289,0.31,-0.43,1
,23223856,1,0.586645,0.74,0.23,0.26,2.218,266,-0.65,-0.18,1
,23228605,5,0.253018,0.33,0.11,0.14,0.75,309,0.42,-0.75,1
,23230392,1,0.601902,0.84,0.28,0.33,2.396,294,-0.39,-0.79,1
,23230522,1,0.714782,0.5,0.16,0.13,1.656,234,-1.3,3.73,1
,23233881,4,0.772637,0.48,0.14,0.12,1.226,297,1.88,2.81,2
,23245962,1,0.525063,0.58,0.17,0.19,2.564,323,-0.66,0.17,3
,23245985,5,0.377884,0.3,0.12,0.11,0.923,285,2.34,11.0,1
,23247544,0,-9.9,0.54,0.16,0.19,0.745,340,-0.53,-0.06,1
,23247678,5,0.283254,0.53,0.18,0.23,1.957,306,0.68,-0.81,1
,23247863,4,1.059986,0.34,0.13,0.08,1.061,339,3.39,12.45,2
,23248355,1,0.531885,0.87,0.29,0.35,1.951,334,-0.43,-1.13,1
,23252474,1,0.451668,0.88,0.28,0.33,1.513,287,-0.62,-0.6,2
,23253217,5,0.260939,0.43,0.17,0.18,2.126,203,1.68,4.0,1
,23257316,0,-9.9,0.68,0.23,0.17,0.544,115,1.62,5.06,3
,23260397,5,0.454572,0.36,0.12,0.14,1.339,87,0.59,-0.74,1
,23261114,5,0.2408,0.69,0.23,0.26,0.896,107,0.88,0.22,1
,23261200,5,0.238858,0.33,0.1,0.12,0.656,95,0.38,-0.7,2
,23262814,1,0.647326,0.39,0.12,0.15,0.864,343,-0.22,-0.69,1
,23266674,1,0.580553,0.65,0.21,0.25,1.156,357,-0.36,-0.66,1
,23266692,1,0.504786,0.85,0.27,0.27,1.398,194,-1.04,0.43,1
,23267056,5,0.273205,0.35,0.11,0.14,1.034,288,0.25,-0.98,1
,23270181,1,0.623503,0.38,0.14,0.18,1.335,302,0.04,-0.54,1
,23275080,1,0.569406,0.63,0.19,0.19,1.669,94,-0.49,-0.17,1
,23277068,5,0.284656,0.44,0.14,0.16,2.477,95,0.09,-0.74,2
,23277607,1,0.681836,0.84,0.25,0.23,1.578,91,-0.12,-0.65,1
,23279492,5,0.281465,0.43,0.13,0.16,0.678,80,0.35,-0.82,2
,23281199,5,0.270904,0.45,0.15,0.19,1.328,75,0.73,-0.75,2
,23283975,1,0.615277,0.9,0.31,0.41,1.759,86,-0.44,-1.28,1
,23287933,2,0.277195,0.47,0.26,0.22,1.729,302,5.58,54.14,1
,23291585,1,0.626575,0.43,0.14,0.18,1.949,278,-0.48,-0.74,1
,23309937,0,-9.9,1.09,0.45,0.27,3.298,278,-2.78,11.04,1
,23316035,1,0.524316,0.63,0.21,0.26,2.182,295,-0.18,0.38,1
,23318149,1,0.555333,0.76,0.26,0.35,2.873,596,-0.8,-0.67,1
,23331065,5,0.23551,0.47,0.15,0.2,2.501,405,0.43,-1.05,1
,23331432,4,0.646306,0.5,0.16,0.09,1.451,254,2.76,7.15,2
,23333886,1,0.46363,1.05,0.33,0.4,1.954,416,-0.87,-0.42,1
,23337831,1,0.589132,0.65,0.23,0.31,1.944,249,-0.7,-0.72,1
,23338752,1,0.72831,0.51,0.17,0.21,1.27,291,-0.18,-1.15,1
,23341037,1,0.442508,0.41,0.13,0.15,1.32,301,-0.32,-0.8,1
,23341662,5,0.24067,0.59,0.2,0.27,1.406,295,0.6,-0.91,1
,23342511,1,0.486386,0.51,0.18,0.24,1.064,38,0.2,-1.27,3
,23345031,1,0.804318,0.3,0.14,0.12,1.321,257,4.54,39.02,1
,23350838,4,6.210454,0.44,0.13,0.08,0.929,280,2.6,7.29,2
,23350921,1,0.606023,0.55,0.2,0.2,2.134,229,0.09,1.65,1
,23352177,5,0.425517,0.56,0.18,0.16,0.788,288,0.95,1.3,2
,23355528,2,0.284412,0.54,0.21,0.18,0.486,288,1.61,7.16,1
,23363752,2,0.274159,0.38,0.13,0.16,2.265,317,0.27,-0.36,1
,23369328,0,-9.9,0.41,0.15,0.18,0.943,45,-0.2,-0.78,1
,23374655,5,0.496566,0.65,0.2,0.18,0.915,275,1.52,1.64,2
,23375937,1,0.616803,0.58,0.19,0.23,0.979,309,-0.06,-1.02,3
,23378473,2,0.365855,0.54,0.16,0.15,1.127,305,-0.88,0.59,1
,23379106,1,0.462167,0.99,0.34,0.47,2.652,248,-0.58,-1.14,1
,23384908,1,0.518877,1.02,0.32,0.4,1.33,159,-0.33,-0.83,1
,23389584,2,0.370803,0.41,0.18,0.17,1.34,171,2.1,12.63,1
,23389610,1,0.525022,0.83,0.25,0.28,1.5,263,-0.93,-0.05,1
,23390502,1,0.508438,0.82,0.27,0.3,2.08,216,-1.01,-0.02,1
,23393175,1,0.533858,0.64,0.2,0.22,1.437,208,-0.06,-0.55,3
,23403310,1,0.615995,0.4,0.13,0.16,1.862,212,-0.49,-0.68,2
,23403983,5,0.395543,0.71,0.25,0.16,0.931,231,2.01,7.12,2
,23412027,5,0.288374,0.56,0.19,0.24,1.865,576,0.71,-0.63,1
,23413190,1,0.579182,0.87,0.28,0.33,1.499,561,0.15,1.67,1
,23417507,0,-9.9,0.51,0.16,0.17,0.745,583,0.28,1.31,1
,23425255,1,0.545028,0.94,0.34,0.3,1.567,235,0.74,4.41,1
,23430163,5,0.224099,0.35,0.11,0.13,0.946,224,0.19,-0.43,1
,23430256,2,0.359765,0.37,0.13,0.16,1.592,217,0.47,-0.19,1
,23430800,1,0.7701,0.57,0.18,0.21,2.55,245,-0.57,-0.74,1
,23432391,1,0.62778,0.4,0.22,0.16,1.087,225,5.36,45.53,1
,23434892,1,0.453826,1.02,0.32,0.39,2.156,215,-0.61,-0.57,1
,23435891,1,0.482835,0.82,0.25,0.24,2.359,233,-1.06,0.6,1
,23442384,1,0.506528,0.98,0.32,0.38,1.676,233,-0.69,-0.83,1
,23442649,1,0.541745,0.74,0.22,0.2,2.148,185,-1.14,0.52,1
,23457304,1,0.589277,0.39,0.13,0.16,1.725,134,-0.97,-0.13,1
,23458300,1,0.591164,0.54,0.18,0.21,0.532,182,-0.22,-0.11,1
,23459192,1,0.548506,0.8,0.27,0.36,1.772,226,-0.28,-1.29,1
,23459557,1,0.457588,0.99,0.32,0.39,2.438,230,-0.86,-0.47,1
,23465924,1,0.571156,1.04,0.34,0.44,1.607,531,-0.59,-0.93,1
,23478512,5,0.313109,0.5,0.19,0.19,0.769,192,1.82,8.29,2
,23488126,1,0.591076,0.57,0.18,0.2,0.792,537,-0.49,0.4,1
,23500879,2,0.354834,0.42,0.14,0.17,1.031,455,0.03,-0.52,1
,23501055,2,0.259847,0.45,0.15,0.19,0.623,569,0.12,-0.82,1
,23508801,1,0.50091,0.87,0.28,0.32,2.501,549,-0.94,0.03,1
,23509389,2,0.278721,0.36,0.12,0.15,0.645,453,0.0,-0.83,1
,23509480,1,0.460824,0.77,0.25,0.32,3.105,413,-0.87,-0.39,1
,23510796,2,0.32855,0.35,0.12,0.16,1.525,484,0.15,-1.11,1
,23510864,2,0.358684,0.41,0.14,0.18,0.744,486,0.09,-1.0,1
,23515007,2,0.290404,0.4,0.13,0.17,0.858,516,0.08,-0.98,1
,23520772,1,0.635818,0.39,0.13,0.18,1.53,423,-0.22,-1.27,1
,23526938,1,0.516871,0.93,0.3,0.35,1.633,576,-0.41,-0.47,1
,23537879,2,0.31717,0.57,0.19,0.26,1.079,549,-0.07,-1.32,1
,23537984,5,0.488601,0.73,0.23,0.29,2.823,554,0.89,-0.34,2
,23541336,5,0.323159,0.34,0.11,0.14,0.904,541,0.28,-0.8,1
,23541639,1,0.524981,0.77,0.26,0.32,2.903,267,-0.67,-0.85,1
,23541695,5,0.300588,0.42,0.14,0.18,2.189,541,0.47,-0.77,1
,23555046,1,0.514367,0.77,0.25,0.27,2.268,303,-0.66,-0.54,1
,23575155,1,0.599865,0.71,0.24,0.18,2.756,103,-1.02,0.08,3
,23580474,5,0.317485,0.32,0.11,0.13,1.666,356,0.98,0.96,1
,23582036,5,0.270293,0.42,0.14,0.18,0.987,329,0.8,-0.01,1
,23582798,5,0.277108,0.31,0.12,0.14,1.735,356,1.28,3.44,1
,23588109,5,0.340684,0.77,0.24,0.29,1.23,92,0.72,-0.42,2
,23589682,2,0.339696,0.33,0.11,0.16,0.987,94,-0.45,-1.2,2
,23593300,5,0.326427,0.53,0.18,0.26,2.749,39,0.07,-1.27,3
,23593788,5,0.23029,0.51,0.16,0.18,0.789,93,0.5,-0.37,2
,23594389,1,0.645591,0.47,0.17,0.22,1.269,64,0.56,-0.83,2
,23594608,5,0.29197,0.56,0.2,0.27,1.589,80,0.52,-1.17,2
,23596342,1,0.602841,0.48,0.15,0.18,0.839,286,0.05,0.79,1
,23598918,1,0.5146,0.94,0.3,0.36,2.23,315,-0.82,-0.41,1
,23603002,2,0.42065,0.43,0.15,0.2,1.647,315,0.09,-1.23,2
,23604060,1,0.469075,0.68,0.22,0.23,2.27,344,-1.0,0.51,1
,23614798,5,0.241283,0.29,0.1,0.14,1.792,84,0.02,-1.42,2
,23616106,5,0.259962,0.5,0.16,0.18,0.951,93,0.22,-1.13,2
,23618669,1,0.664135,0.69,0.21,0.21,1.957,86,-0.93,0.01,1
,23620712,5,0.43306,0.37,0.12,0.15,0.541,316,0.65,-0.18,2
,23623155,5,0.286458,0.62,0.2,0.25,1.903,308,0.72,-0.68,1
,23624228,2,0.36445,0.45,0.14,0.15,1.826,295,-0.64,-0.09,1
,23625796,2,0.271555,0.46,0.14,0.17,0.489,323,0.26,-0.48,1
,23630974,5,0.319227,0.88,0.27,0.23,1.52,88,1.15,0.52,1
,23634524,1,0.694425,0.61,0.19,0.22,1.787,90,-0.56,-0.75,1
,23639331,5,0.349998,0.67,0.19,0.13,0.961,261,2.03,3.78,1
,23640732,5,0.304516,0.32,0.12,0.11,0.52,251,1.72,7.14,1
,23643031,1,0.661261,0.67,0.21,0.25,0.8,253,0.0,-0.42,1
,23653629,1,0.44205,0.89,0.29,0.36,1.909,299,-0.6,-0.67,2
,23654120,1,0.505189,1.0,0.32,0.35,1.551,263,-0.65,-0.52,1
,23663191,1,0.649308,0.38,0.12,0.14,0.598,296,-0.13,-0.55,1
,23675270,2,0.263065,0.49,0.16,0.2,1.531,572,-0.53,-0.91,1
,23679553,6,0.069113,0.32,0.11,0.15,2.137,375,-0.72,-0.72,1
,23683047,6,0.056653,0.51,0.16,0.18,0.694,412,-0.11,0.5,1
,23684949,0,0.554135,0.51,0.16,0.2,1.207,240,-0.35,-0.37,1
,23686677,5,0.303503,0.73,0.24,0.31,1.807,317,0.86,-0.35,1
,23697007,5,0.421052,0.33,0.1,0.12,0.522,299,0.99,0.64,2
,23707702,5,0.628091,0.32,0.1,0.13,1.934,303,0.67,-0.1,3
,23707868,1,0.627877,0.88,0.28,0.36,1.474,319,-0.68,-0.63,1
,23708638,5,1.692783,0.32,0.11,0.13,0.481,305,1.0,2.02,3
,23709941,2,0.368505,0.57,0.17,0.17,2.717,304,-0.4,0.57,1
,23711274,4,0.651735,0.76,0.24,0.17,1.801,279,2.46,5.35,2
,23713423,2,0.352637,0.59,0.18,0.22,1.396,294,-0.11,-0.8,1
,23720916,5,0.331871,0.34,0.12,0.14,0.855,300,0.32,-0.43,1
,23723507,1,0.678074,0.49,0.16,0.17,1.625,97,-0.14,-0.47,2
,23729154,5,0.257037,0.38,0.13,0.15,0.635,267,0.61,0.87,1
,23733053,5,0.963896,0.4,0.11,0.1,1.526,228,1.36,2.07,2
,23734166,5,0.262252,0.42,0.14,0.17,1.323,164,0.87,-0.2,1
,23744822,1,0.519374,0.52,0.17,0.19,1.622,56,-0.66,-0.67,2
,23745631,5,0.309979,0.29,0.1,0.12,2.049,226,0.92,1.31,1
,23751075,5,0.589312,0.46,0.17,0.11,0.686,240,2.6,8.46,2
,23751553,1,0.633178,0.52,0.17,0.18,1.214,282,0.28,0.99,1
,23753803,1,0.601012,0.59,0.19,0.23,1.866,257,0.03,-1.01,1
,23755220,1,0.588573,0.59,0.19,0.26,2.658,584,-0.24,-0.19,1
,23767174,2,0.368857,0.39,0.13,0.17,1.861,525,0.11,-1.21,1
,23767975,1,0.624496,0.77,0.25,0.32,3.038,512,-0.44,-0.85,1
,23769590,2,0.271566,0.43,0.14,0.16,1.161,365,0.34,-0.06,2
,23769816,5,0.243435,0.46,0.17,0.14,0.742,409,3.22,24.32,1
,23779292,1,0.582515,0.73,0.22,0.22,0.624,254,0.41,0.17,1
,23780863,5,0.259407,0.73,0.25,0.28,0.83,224,0.67,-0.47,1
,23782681,5,0.328085,0.41,0.13,0.15,0.752,74,-0.05,-1.0,2
,23787710,1,0.651403,0.35,0.12,0.14,1.559,146,-0.02,-1.04,1
,23791415,1,0.501634,0.84,0.27,0.31,2.227,184,-1.0,-0.02,1
,23795703,5,0.114142,0.67,0.22,0.23,0.743,196,0.14,0.83,2
,23796115,4,0.518759,0.51,0.19,0.16,1.779,179,2.09,4.2,1
,23799135,5,0.255049,0.35,0.12,0.14,1.064,187,0.99,1.8,1
,23805638,1,0.46273,0.95,0.31,0.35,2.199,196,-0.73,-0.44,1
,23823321,2,0.258974,0.27,0.11,0.13,0.516,99,0.31,-0.57,2
,23823582,5,0.38753,0.5,0.16,0.17,2.25,120,0.92,-0.32,1
,23827102,5,0.387647,0.33,0.11,0.16,1.801,166,0.02,-1.34,1
,23831280,0,-9.9,0.52,0.22,0.16,3.266,440,-3.92,24.69,1
,23835292,5,0.307781,0.42,0.14,0.18,2.232,532,0.47,-0.84,1
,23836065,2,0.339229,0.43,0.15,0.19,0.727,543,0.09,-1.1,1
,23837192,5,0.245469,0.43,0.14,0.16,0.719,587,0.38,0.81,2
,23837913,4,1.831283,0.45,0.13,0.13,0.492,549,2.13,5.47,2
,23840147,5,0.329685,0.62,0.2,0.21,1.962,195,1.45,1.18,1
,23842791,6,0.053501,0.24,0.12,0.09,0.793,176,5.82,57.76,1
,23846316,1,0.588261,0.83,0.27,0.31,1.465,388,-0.48,-0.5,1
,23846775,5,0.393022,0.34,0.11,0.15,1.619,564,0.41,-1.0,1
,23846829,6,0.067529,0.51,0.17,0.22,1.251,467,-0.58,-0.84,1
,23847927,5,0.702233,0.64,0.2,0.18,0.99,461,1.5,5.22,2
,23848605,1,0.588227,0.53,0.16,0.2,2.44,451,-0.34,-0.84,1
,23849325,2,0.309882,0.48,0.16,0.22,1.048,557,0.05,-1.09,1
,23849616,5,0.339829,0.37,0.12,0.16,0.859,558,0.45,-0.69,1
,23852287,1,0.566168,0.79,0.25,0.3,2.112,519,-0.9,-0.23,1
,23854876,2,0.362955,0.47,0.17,0.2,0.644,559,1.07,5.28,1
,23857672,1,0.671826,0.71,0.22,0.27,1.476,405,-0.55,-0.74,1
,23864723,5,0.294911,0.76,0.25,0.32,2.292,417,0.89,-0.44,1
,23867624,2,0.305277,0.38,0.14,0.19,1.948,446,0.25,-1.38,1
,23876082,1,0.589796,0.61,0.19,0.22,1.367,476,-0.41,-0.7,1
,23884266,5,0.285133,0.56,0.18,0.25,1.355,487,0.79,-0.6,1
,23896086,0,-9.9,0.49,0.17,0.22,1.287,33,0.2,-1.25,1
,23896546,0,-9.9,0.65,0.22,0.19,0.804,33,0.41,-0.2,1
,23898397,1,0.563023,0.67,0.22,0.25,1.771,323,-0.61,-0.39,1
,23900947,1,0.727767,0.62,0.2,0.25,2.692,296,-0.3,-1.08,1
,23910275,0,-9.9,0.9,0.29,0.32,0.853,109,0.39,-0.72,1
,23914993,5,0.299813,0.35,0.12,0.12,0.881,85,-0.05,-0.38,1
,23922488,5,0.317245,0.38,0.12,0.15,1.068,314,0.37,-0.51,1
,23924859,5,0.298384,0.37,0.11,0.13,1.61,344,0.35,-0.55,1
,23928707,1,0.679145,0.64,0.22,0.3,1.973,103,-0.29,-1.3,1
,23936387,1,0.574571,0.61,0.2,0.23,0.784,107,-0.59,-0.59,1
,23939214,1,0.501318,0.87,0.28,0.31,1.523,325,-0.95,-0.07,1
,23947898,0,-9.9,0.56,0.19,0.24,0.771,74,-0.04,-0.88,1
,23950108,1,0.54291,0.8,0.24,0.18,2.665,93,-1.12,0.33,1
,23950894,5,0.299057,0.44,0.15,0.19,1.061,91,0.32,-1.15,1
,23954222,5,0.444308,0.46,0.16,0.18,2.02,90,0.51,-1.12,1
,23956577,1,0.57137,0.61,0.19,0.23,1.114,94,-0.09,-0.98,1
,23958504,5,3.722764,0.46,0.15,0.19,1.32,320,1.39,1.2,1
,23959372,1,0.562896,0.59,0.18,0.19,1.634,234,-0.32,-0.7,2
,23968149,2,0.378467,0.63,0.19,0.21,1.356,359,-0.43,-0.31,1
,23969759,1,0.489984,0.74,0.25,0.35,1.358,89,-0.2,-1.25,1
,23972682,7,203.251999,1.93,0.66,0.9,4.156,224,-0.24,-1.39,1
,23973528,5,0.283718,0.57,0.18,0.22,1.491,316,1.39,1.16,1
,23976465,1,0.544094,0.8,0.25,0.31,2.206,311,-0.65,-0.8,1
,23978324,1,0.466318,0.66,0.22,0.27,3.024,299,-0.81,-0.11,1
,23997591,5,0.264576,0.5,0.16,0.21,1.769,291,0.37,-0.97,1
,24010683,1,0.588511,0.57,0.18,0.22,1.078,569,0.09,0.17,1
,24011670,1,0.526528,0.68,0.23,0.25,1.605,555,-0.62,0.35,1
,24014009,5,1.534972,0.41,0.12,0.13,1.891,522,2.33,5.04,2
,24019356,1,0.517473,0.79,0.25,0.31,1.526,574,-0.52,-0.56,1
,24020106,1,0.542391,0.61,0.2,0.25,1.797,584,0.08,2.64,1
,24028630,5,1.230242,0.37,0.11,0.09,0.497,315,1.91,4.31,1
,24031026,1,0.608274,0.53,0.28,0.2,1.149,162,2.97,14.34,2
,24047958,1,0.638815,0.34,0.11,0.13,0.797,307,0.16,-0.73,2
,24050838,2,0.350491,0.54,0.22,0.18,1.597,252,1.71,9.07,1
,24050914,1,0.614426,0.57,0.18,0.22,0.705,308,-0.14,-0.72,2
,24056365,1,0.662811,0.86,0.27,0.31,1.139,354,0.1,0.58,1
,24056740,5,0.256758,0.38,0.13,0.16,1.215,285,0.27,-0.72,1
,24061070,1,0.562643,0.78,0.25,0.29,2.011,251,-0.45,-0.95,1
,24062437,1,0.588729,0.62,0.22,0.25,1.38,321,0.65,4.01,1
,24066534,1,0.578005,0.82,0.29,0.28,1.451,222,0.39,2.59,2
,24067158,1,0.57707,0.58,0.19,0.25,2.735,223,-0.34,-0.95,1
,24068138,5,0.271885,0.73,0.24,0.29,2.068,241,0.74,-0.72,1
,24071693,2,0.271143,0.3,0.1,0.13,1.058,240,-0.26,-0.84,2
,24080151,0,-9.9,1.56,0.48,0.57,1.976,262,0.32,-0.41,1
,24085173,5,0.221238,0.43,0.14,0.15,0.625,275,0.39,-0.11,1
,24089371,5,0.259225,0.61,0.2,0.25,1.315,248,0.57,-0.87,1
,24092990,1,0.578302,0.73,0.24,0.32,1.212,276,-0.19,-1.19,1
,24093133,1,0.588576,0.94,0.31,0.32,1.15,221,0.92,5.17,1
,24095807,1,0.506366,0.93,0.29,0.27,2.074,248,-1.04,0.12,1
,24096912,2,0.329996,0.45,0.15,0.2,0.634,549,0.27,-0.74,1
,24105592,2,0.357786,0.44,0.15,0.19,0.667,542,0.08,-0.49,1
,24107664,1,0.651115,0.52,0.17,0.21,0.603,520,0.23,0.4,1
,24111769,2,0.346903,0.6,0.2,0.26,1.224,256,-0.54,-0.04,1
,24113271,5,0.31938,0.35,0.12,0.15,0.967,256,0.3,-0.82,1
,24116401,1,0.577671,0.51,0.17,0.19,1.535,216,-1.1,0.56,1
,24119124,1,0.486212,0.95,0.31,0.34,1.892,243,-0.93,-0.34,1
,24121666,5,0.26871,0.44,0.14,0.18,2.153,221,0.86,-0.38,1
,24128889,5,0.260727,0.51,0.18,0.26,2.221,139,0.42,-1.25,2
,24133952,2,0.344154,0.44,0.15,0.2,2.202,187,-0.44,-1.08,1
,24136755,1,0.569411,0.85,0.25,0.26,1.331,152,-0.18,-0.54,2
,24139748,5,0.405089,0.71,0.22,0.21,0.903,142,1.11,0.78,2
,24153038,1,0.616078,0.78,0.25,0.27,2.28,611,0.5,5.15,2
,24164684,1,0.637551,0.41,0.14,0.18,1.299,161,-0.36,-0.89,1
,24166005,5,1.851441,0.38,0.13,0.09,1.58,166,2.33,6.49,2
,24168237,2,0.29285,0.67,0.23,0.23,0.742,130,0.76,3.38,1
,24170603,1,0.526914,0.73,0.23,0.27,2.347,521,-0.8,-0.28,1
,24185328,1,0.582144,0.36,0.11,0.13,2.088,411,-0.93,0.44,1
,24192071,1,0.718135,0.51,0.17,0.19,1.074,570,0.18,1.56,1
,24192279,1,0.470258,0.89,0.3,0.38,2.528,596,-0.79,-0.58,1
,24199965,2,0.293697,0.39,0.15,0.19,1.966,425,0.29,0.1,3
,24205854,5,1.424513,0.51,0.25,0.12,1.057,443,5.82,43.9,3
,24209652,5,1.490753,0.75,0.22,0.16,1.285,434,2.56,6.46,2
,24211479,5,0.340653,0.39,0.13,0.17,2.461,535,0.39,-0.6,1
,24212287,2,0.30164,0.33,0.12,0.16,2.21,387,-0.39,-1.33,1
,24215207,4,0.7632,0.46,0.14,0.19,1.665,528,2.54,5.89,1
,24216004,2,0.382079,0.44,0.15,0.2,1.189,546,0.26,-0.44,2
,24224853,1,0.631693,0.71,0.23,0.28,2.131,157,-0.7,-0.54,1
,24225732,1,0.568584,0.66,0.2,0.22,1.174,122,-0.34,-0.73,1
,24231910,1,0.596312,0.63,0.22,0.28,1.844,322,-0.47,-1.14,1
,24236445,1,0.625308,0.45,0.15,0.19,1.526,375,-0.22,-1.11,2
,24237469,1,0.508628,0.7,0.23,0.27,1.493,315,-1.23,1.46,1
,24243490,2,0.352259,0.43,0.14,0.17,0.827,143,0.06,-1.04,2
,24245797,1,0.599526,0.73,0.25,0.31,1.729,143,-0.05,-1.26,2
,24248209,1,0.58754,0.64,0.22,0.27,1.617,143,-0.57,-0.77,1
,24249206,1,0.63355,0.62,0.19,0.23,1.115,125,-0.25,-0.66,1
,24249215,1,0.453743,0.71,0.23,0.25,0.774,72,-0.75,0.01,2
,24249490,1,0.626172,0.63,0.2,0.25,1.381,134,-0.25,-0.94,2
,24250466,1,0.562651,0.78,0.21,0.16,0.702,139,0.07,0.54,2
,24251229,1,0.752014,0.36,0.11,0.14,1.334,141,-0.18,-0.9,1
,24257481,2,0.291242,0.58,0.19,0.21,2.114,303,0.96,4.11,1
,24262387,2,0.348531,0.4,0.14,0.19,1.482,338,-0.13,-0.86,1
,24262890,1,0.600464,0.56,0.19,0.23,1.093,329,-0.2,-0.73,1
,24264172,1,0.651568,0.45,0.14,0.15,1.608,99,0.07,-0.76,2
,24264418,5,0.296639,0.73,0.23,0.24,0.662,104,1.14,0.51,1
,24265735,5,0.340105,0.88,0.29,0.28,0.763,95,1.05,0.62,1
,24268361,5,0.1942,0.39,0.13,0.17,1.058,108,0.01,-1.11,1
